Title,Director,Year,Actors,Genre,Medium,IMDbID,NeedsReview
The Bourne Legacy,Tony Gilroy,2012,"Jeremy Renner, Scott Glenn, Stacy Keach, Edward Norton, Donna Murphy, Michael Chernus, Corey Stoll, Alice Gainer, Prue Lewarne, Howard Leader",Action,DVD,tt1194173,
AVP - Alien vs. Predator,Paul W.S. Anderson,2004,"Sanaa Lathan, Ewen Bremner, Colin Salmon, Tommy Flanagan, Joseph Rye, Agathe De La Boulaye, Carsten Norgaard, Sam Troughton, Petr Jákl, Pavel Bezdek",Action,DVD,tt0370263,
The Dark Tower,Nikolaj Arcel,2017,"Matthew McConaughey, Idris Elba, Tom Taylor, Dennis Haysbert, Ben Gavin, Claudia Kim, Jackie Earle Haley, Fran Kranz, Abbey Lee, Katheryn Winnick",Fantasy,DVD,tt1648190,
Spider-Man: Homecoming,Jon Watts,2017,"Tom Holland, Michael Keaton, Robert Downey Jr., Marisa Tomei, Jon Favreau, Gwyneth Paltrow, Zendaya, Donald Glover, Jacob Batalon, Laura Harrier",Action,DVD,tt2250912,
War For The Planet Of The Apes,Matt Reeves,2017,"Andy Serkis, Woody Harrelson, Steve Zahn, Karin Konoval, Amiah Miller, Terry Notary, Ty Olsson, Michael Adamthwaite, Toby Kebbell, Gabriel Chavarria",Action,DVD,tt3450958,
Wonder Woman,Patty Jenkins,2017,"Gal Gadot, Chris Pine, Robin Wright, Connie Nielsen, Lucy Davis, Florence Kasumba, Eleanor Matsuura, Lisa Loven Kongsli, Samantha Jo, Mayling Ng",Action,DVD,tt0451279,
Jupiter Ascending,Andy Wachowski,2015,"Mila Kunis, Channing Tatum, Sean Bean, Eddie Redmayne, Douglas Booth, Tuppence Middleton, Nikki Amuka Bird, Christina Cole, Nicholas A. Newman, Ramon Tikaram",Action,DVD,tt1617661,
The Boss,Ben Falcone,2016,"Melissa McCarthy, Michael Jenkins, Geoffrey Howard, Walter Hendrix III, Robert Hendren, Catie Heeter, De'Adrian Harmon, Tony Grant, Gary W Golden, Eric Goins",Comedy,DVD,tt2702724,
Suicide Squad,David Ayer,2016,"Will Smith, Jaime Fitzsimons, Ike Barinholtz, Margot Robbie, Christopher Dyson, Bambadjan Bamba, Viola Davis, Ted Whittall, David Harbour, Robin Atkin Downes",Action,DVD,tt1386697,
The Conjuring 2,James Wan,2016,"Javier Botet, Glenn Povéy, Isabelle Marlowe, Alexa Najera, Cory English, Kate Cook, Lauren Esposito, Claire Ashton, Vera Farmiga, Benjamin Haigh",Horror,DVD,tt3065204,
Despicable Me 2,Pierre Coffin,2013,"Steve Carell, Kristen Wiig, Benjamin Bratt, Miranda Cosgrove, Russell Brand, Ken Jeong, Steve Coogan, Elsie Kate Fisher, Dana Gaier, Moises Arias",Animation,DVD,tt1690953,
Despicable Me,Pierre Coffin,2010,"Steve Carell, Jason Segel, Russell Brand, Julie Andrews, Will Arnett, Kristen Wiig, Miranda Cosgrove, Dana Gaier, Elsie Fisher, Chris Renaud",Animation,DVD,tt1323594,
The Choice,Ross Katz,2016,"Benjamin Walker, Teresa Palmer, Maggie Grace, Alexandra Daddario, Tom Wilkinson, Tom Welling, Jesse C. Boyd, Brad James, Noree Victoria, Anna Enger",Drama,DVD,tt3797868,
Transformers: The Last Knight,Michael Bay,2017,"Barbara Eve Harris, Mark Ryan, Chris Marchant, Josh Duhamel, Laura Haddock, Anthony Hopkins, Gemma Chan, Isabela Merced, John Goodman, Stanley Tucci",Action,DVD,tt3371366,
Ghostbusters: Answer The Call,Paul Feig,2016,"Zach Woods, Kristen Wiig, Ed Begley Jr., Charles Dance, John Milhiser, Ben Harris, Melissa McCarthy, Karan Soni, Kate McKinnon, Bess Rous",Comedy,Blu-ray,tt1289401,
The Legend of Tarzan,David Yates,2016,"Matt Townsend, Marcus Sinclair, Ben Chaplin, Charles Babalola, Charlene Durrant, Mens-Sana Tamakloe, Paul Kerry, John Duggan, John Hollingworth, Teresa Churcher",Action,DVD,tt0918940,
Logan,James Mangold,2017,"Hugh Jackman, Boyd Holbrook, Patrick Stewart, Doris Morgado, Richard E. Grant, Stephen Merchant, Dafne Keen, Elizabeth Rodriguez, Mary Peyton Stewart, Mark Ashworth",Action,DVD,tt3315342,
X-Men: Apocalypse,Bryan Singer,2016,"Jennifer Lawrence, Rose Byrne, Oscar Isaac, Olivia Munn, Michael Fassbender, Sophie Turner, Nicholas Hoult, James McAvoy, Evan Peters, Tye Sheridan",Action,DVD,tt3385516,
Pan,Joe Wright,2015,"Hugh Jackman, Levi Miller, Garrett Hedlund, Rooney Mara, Adeel Akhtar, Nonso Anozie, Amanda Seyfried, Kathy Burke, Lewis MacDougall, Cara Delevingne",Fantasy,DVD,tt3332064,
Pixels,Chris Columbus,2015,"Adam Sandler, Kevin James, Michelle Monaghan, Peter Dinklage, Josh Gad, Matt Lintz, Brian Cox, Sean Bean, Jane Krakowski, Dan Aykroyd",Action,DVD,tt2120120,
Life,Daniel Espinosa,2017,"Hiroyuki Sanada, Ryan Reynolds, Rebecca Ferguson, Jake Gyllenhaal, Olga Dihovichnaya, Ariyon Bakare, Jesus Del Orden, Allen McLean, Leila Grace Bostwick-Riddell, Mari Gvelesiani",Horror,DVD,tt5442430,
The Accountant,Gavin O'Connor,2016,"Ben Affleck, Anna Kendrick, J.K. Simmons, Jon Bernthal, Jeffrey Tambor, Cynthia Addai-Robinson, John Lithgow, Jean Smart, Andy Umberger, Alison Wright",Action,DVD,tt2140479,
Something's Gotta Give,Nancy Meyers,2003,"Jack Nicholson, Diane Keaton, Keanu Reeves, Frances McDormand, Amanda Peet, Jon Favreau, Paul Michael Glaser, Rachel Ticotin, Paige Butcher, Tanya Sweet",Comedy,VHS,tt0337741,
Red,Robert Schwentke,2010,"Bruce Willis, Mary-Louise Parker, John Malkovich, Helen Mirren, Karl Urban, Morgan Freeman, Rebecca Pidgeon, Chris Owens, Jaqueline Fleming, Randy Wade Kelley",Action,Blu-ray,tt1245526,
Gladiator,Ridley Scott,2000,"Russell Crowe, Joaquin Phoenix, Connie Nielsen, Oliver Reed, Richard Harris, Derek Jacobi, Djimon Hounsou, David Schofield, John Shrapnel, Tomas Arana",Action,Blu-ray,tt0172495,
Romantic Comedy,,,,,DVD,tt0000000,no year; no director; no actors; no genre
Summer Catch,Michael Tollin,2001,"Freddie Prinze Jr., Jessica Biel, Fred Ward, Matthew Lillard, Brian Dennehy, Jason Gedrick, Brittany Murphy, Bruce Davison, Marc Blucas, Wilmer Valderrama",Comedy,DVD,tt0234829,
Rock Star,Stephen Herek,2001,"Mark Wahlberg, Jennifer Aniston, Dominic West, Jason Bonham, Jeff Pilson, Zakk Wylde, Timothy Spall, Blas Elias, Nick Catanese, Brian Vander Ark",Comedy,DVD,tt0202470,
Home Fries,Dean Parisot,1998,"Drew Barrymore, Catherine O'Hara, Luke Wilson, Jake Busey, Shelley Duvall, Kim Robillard, Daryl Mitchell, Lanny Flaherty, Chris Ellis, Blue Deckert",Comedy,DVD,tt0119304,
Addicted to Love,Griffin Dunne,1997,"Meg Ryan, Matthew Broderick, Kelly Preston, Tchéky Karyo, Maureen Stapleton, Nesbitt Blaisdell, Remak Ramsay, Lee Wilkof, Dominick Dunne, Susan Forristal",Comedy,DVD,tt0118556,
8 Mile,Curtis Hanson,2002,"Eminem, Kim Basinger, Mekhi Phifer, Brittany Murphy, Evan Jones, Omar Benson Miller, De'Angelo Wilson, Eugene Byrd, Taryn Manning, Larry Hudson",Drama,DVD,tt0298203,
17 Again,Burr Steers,2009,"Julian Vada, Collette Wolfe, Casey Graf, Albert Blake Fernandez, Amber Estrada, Hugh Douglas, Chanel Malvar, Tyne Stecklein, Galen Hooks, Antonio Lewis Todd",Comedy,DVD,tt0974661,
21,Robert Luketic,2008,"Jim Sturgess, Kevin Spacey, Kate Bosworth, Jacob Pitts, Aaron Yoo, Liza Lapira, Laurence Fishburne, Jack McGee, Josh Gad, Sam Golzari",Drama,DVD,tt0478087,
21 Jump Street,Phil Lord,2012,"Jonah Hill, Channing Tatum, Brie Larson, Dave Franco, Rob Riggle, Hristo Birbochukov, Beau Delatte, Nick Offerman, Carol Sutton, Andrea Frankle",Action,DVD,tt1232829,
27 Dresses,Anne Fletcher,2008,"Katherine Heigl, James Marsden, Judy Greer, Brian Kerwin, Charli Barcena, Peyton List, Jane Pfitsch, Jennifer Lim, Brigitte Bourdeau, Danielle Skraastad",Comedy,Blu-ray,tt0988595,
28 Days,Betty Thomas,2000,"Corinne Reilly, Azura Skye, Bill Anagnos, Loudon Wainwright III, Mike O'Malley, Steve Buscemi, Sandra Bullock, Viggo Mortensen, Dominic West, Elizabeth Perkins",Comedy,DVD,tt0191754,
28 Days Later,Danny Boyle,2003,"Alex Palmer, Bindu De Stoppani, Jukka Hiltunen, David Schneider, Cillian Murphy, Toby Sedgwick, Naomie Harris, Noah Huntley, Christopher Dunne, Emma Hitching",Horror,DVD,tt0289043,
300,Zack Snyder,2006,"Gerard Butler, Lena Headey, Dominic West, David Wenham, Vincent Regan, Michael Fassbender, Tom Wisdom, Andrew Pleavin, Andrew Tiernan, Rodrigo Santoro",Action,DVD,tt0416449,
2012,Roland Emmerich,2009,"John Cusack, Amanda Peet, Chiwetel Ejiofor, Thandiwe Newton, Oliver Platt, Thomas McCarthy, Woody Harrelson, Danny Glover, Liam James, Morgan Lily",Action,DVD,tt1190080,
The A-Team,Joe Carnahan,2010,"Liam Neeson, Bradley Cooper, Jessica Biel, Quinton 'Rampage' Jackson, Sharlto Copley, Patrick Wilson, Gerald McRaney, Henry Czerny, Yul Vazquez, Brian Bloom",Action,DVD,tt0429493,
Abraham Lincoln: Vampire Hunter,Timur Bekmambetov,2012,"Benjamin Walker, Dominic Cooper, Anthony Mackie, Mary Elizabeth Winstead, Rufus Sewell, Marton Csokas, Jimmi Simpson, Joseph Mawle, Robin McLeavy, Erin Wasson",Action,DVD,tt1611224,
Ace Ventura: Pet Detective,Tom Shadyac,1994,"Jim Carrey, Courteney Cox, Sean Young, Tone Loc, Dan Marino, Noble Willingham, Troy Evans, Raynor Scheine, Udo Kier, Frank Adonis",Comedy,DVD,tt0109040,
Addams Family Values,Barry Sonnenfeld,1993,"Anjelica Huston, Raul Julia, Christopher Lloyd, Joan Cusack, Christina Ricci, Carol Kane, Jimmy Workman, Kaitlyn Hooper, Kristen Hooper, Carel Struycken",Comedy,DVD,tt0106220,
The Adjustment Bureau,George Nolfi,2011,"Matt Damon, Emily Blunt, Lisa Thoreson, Florence Kastriner, Michael Kelly, Phyllis MacBryde, Natalie Carter, Chuck Scarborough, Jon Stewart, Gregory P. Hitchen",Romance,Blu-ray,tt1385826,
After Earth,M. Night Shyamalan,2013,"Jaden Smith, Will Smith, Sophie Okonedo, Zoë Kravitz, Glenn Morshower, Kristofer Hivju, Sacha Dhawan, Chris Geere, Diego Klattenhoff, David Denman",Action,DVD,tt1815862,
After the Sunset,Brett Ratner,2004,"Pierce Brosnan, Salma Hayek, Woody Harrelson, Don Cheadle, Naomie Harris, Chris Penn, Troy Garity, Obba Babatundé, Russell Hornsby, Mykelti Williamson",Action,DVD,tt0367479,
Alien Anthology,,,,,Blu-ray,tt0000000,no year; no director; no actors; no genre
Alien,Ridley Scott,1979,"Tom Skerritt, Sigourney Weaver, Veronica Cartwright, Harry Dean Stanton, John Hurt, Ian Holm, Yaphet Kotto, Bolaji Badejo, Helen Horton, Eddie Powell",Adventure,Blu-ray,tt0078748,
Aliens,James Cameron,1986,"Sigourney Weaver, Carrie Henn, Michael Biehn, Paul Reiser, Lance Henriksen, Bill Paxton, Jenette Goldstein, William Hope, Al Matthews, Mark Rolston",Action,Blu-ray,tt0090605,
Alien³,David Fincher,1992,"Sigourney Weaver, Charles S. Dutton, Charles Dance, Paul McGann, Brian Glover, Ralph Brown, Danny Webb, Christopher John Fields, Holt McCallany, Lance Henriksen",Adventure,Blu-ray,tt0103644,
Alien Resurrection,Jean-Pierre Jeunet,1997,"Sigourney Weaver, Winona Ryder, Dominique Pinon, Ron Perlman, Gary Dourdan, Michael Wincott, Kim Flowers, Dan Hedaya, J.E. Freeman, Brad Dourif",Adventure,Blu-ray,tt0118583,
Making the Alien Anthology,None,2010,,Other,Blu-ray,tt0000000,no actors
The Alien Anthology Archives,None,2010,,Other,Blu-ray,tt0000000,no actors
All the King's Men,Steven Zaillian,2006,"Sean Penn, Jude Law, Anthony Hopkins, Kate Winslet, Patricia Clarkson, James Gandolfini, Jackie Earle Haley, Kathy Baker, Talia Balsam, Travis Champagne",Drama,DVD,tt0405676,
Amadeus,Milos Forman,1984,"F. Murray Abraham, Tom Hulce, Elizabeth Berridge, Roy Dotrice, Simon Callow, Christine Ebersole, Jeffrey Jones, Charles Kay, Kenneth McMillan, Kenny Baker",Drama,DVD,tt0086879,
The Amazing Spider-Man,Marc Webb,2012,"Andrew Garfield, Emma Stone (III), Rhys Ifans, Denis Leary, Martin Sheen, Sally Field, Irrfan Khan, Campbell Scott, Embeth Davidtz, Chris Zylka",Action,DVD,tt0948470,
The Amazing Spider-Man 2,Marc Webb,2014,"Andrew Garfield, Emma Stone (III), Jamie Foxx, Dane DeHaan, Colm Feore, Felicity Jones, Paul Giamatti, Sally Field, Embeth Davidtz, Campbell Scott",Action,DVD,tt1872181,
American Gangster,Ridley Scott,2007,"Denzel Washington, Russell Crowe, Chiwetel Ejiofor, Josh Brolin, Lymari Nadal, Ted Levine, Roger Guenveur Smith, John Hawkes, RZA, Yul Vazquez",Crime,DVD,tt0765429,
American Psycho,Mary Harron,2000,"Christian Bale, Justin Theroux, Josh Lucas, Bill Sage, Chloë Sevigny, Reese Witherspoon, Samantha Mathis, Matt Ross, Jared Leto, Willem Dafoe",Crime,DVD,tt0144084,
American Sniper,Clint Eastwood,2014,"Bradley Cooper, Kyle Gallner, Cole Konis, Ben Reed, Elise Robertson, Luke Sunshine, Troy Vincent, Brandon Salgado Telis, Keir O'Donnell, Marnette Patterson",Action,DVD,tt2179136,
The Amityville Horror,Andrew Douglas,2005,"Ryan Reynolds, Melissa George, Jesse James, Jimmy Bennett, Chloe Moretz, Rachel Nichols, Philip Baker Hall, Isabel Conner, Brendan Donaldson, Annabel Armour",Drama,DVD,tt0384806,
Annabelle,John R. Leonetti,2014,"Annabelle Wallis, Ward Horton, Tony Amendola, Alfre Woodard, Kerry O'Malley, Brian Howe, Eric Ladin, Ivar Brogger, Geoff Wehner, Gabriel Bateman",Horror,DVD,tt3322940,
Anger Management,Peter Segal,2003,"Adam Sandler, Jack Nicholson, Marisa Tomei, Luis Guzmán, Allen Covert, Lynne Thigpen, Kurt Fuller, Jonathan Loughran, Krista Allen, January Jones",Comedy,DVD,tt0305224,
Antitrust,Peter Howitt,2001,"Ryan Phillippe, Rachael Leigh Cook, Claire Forlani, Tim Robbins, Douglas McFerran, Richard Roundtree, Tygh Runyan, Yee Jee Tso, Nate Dushku, Ned Bellamy",Crime,DVD,tt0218817,
Ant-Man,Peyton Reed,2015,"Paul Rudd, Michael Douglas, Evangeline Lilly, Corey Stoll, Bobby Cannavale, Anthony Mackie, Judy Greer, Abby Ryder Fortson, Michael Peña, David Dastmalchian",Action,DVD,tt0478970,
Apollo 13,Ron Howard,1995,"Tom Hanks, Bill Paxton, Kevin Bacon, Gary Sinise, Ed Harris, Kathleen Quinlan, Mary Kate Schellhardt, Emily Ann Lloyd, Miko Hughes, Max Elliott Slade",Adventure,DVD,tt0112384,
Appaloosa,Ed Harris,2008,"Robert Jauregui, Jeremy Irons, Timothy V. Murphy, Luce Rains, James Tarwater, Boyd Kestner, Gabriel Marantz, Viggo Mortensen, Benjamin Rosenshein, Robert Knott",Crime,DVD,tt0800308,
Arrival,Denis Villeneuve,2016,"Amy Adams, Jeremy Renner, Forest Whitaker, Michael Stuhlbarg, Mark O'Brien, Tzi Ma, Abigail Pniowsky, Julia Scarlett Dan, Jadyn Malone, Frank Schorpion",Drama,DVD,tt2543164,
Around The Fire,John Jacobsen,1998,"Devon Sawa, Bill Smitrovich, Tara Reid, Eric Mabius, Colman Domingo, Charlayne Woodard, Lisa Burgett, Henri Lubatti, John Pirruccello, Stephen Tobolowsky",Drama,DVD,tt0139030,
12 Monkeys,Terry Gilliam,1995,"Joseph Melito, Bruce Willis, Jon Seda, Michael Chance, Vernon Campbell, H. Michael Walls, Bob Adrian, Simon Jones, Carol Florence, Bill Raymond",Mystery,VHS,tt0114746,
Ace Ventura: When Nature Calls,Steve Oedekerk,1995,"Jim Carrey, Ian McNeice, Simon Callow, Maynard Eziashi, Bob Gunton, Sophie Okonedo, Tommy Davidson, Adewale Akinnuoye-Agbaje, Danny Daniels, Sam Phillips",Action,DVD,tt0112281,
The Addams Family,Barry Sonnenfeld,1991,"Anjelica Huston, Raul Julia, Christopher Lloyd, Dan Hedaya, Elizabeth Wilson, Judith Malina, Carel Struycken, Dana Ivey, Paul Benedict, Christina Ricci",Comedy,VHS,tt0101272,
A.I. Artificial Intelligence,Steven Spielberg,2001,"Haley Joel Osment, Frances O'Connor, Sam Robards, Jake Thomas, Jude Law, William Hurt, Ken Leung, Clark Gregg, Kevin Sussman, Tom Gallop",Adventure,DVD,tt0212720,
Air Force One,Wolfgang Petersen,1997,"Harrison Ford, Gary Oldman, Glenn Close, Wendy Crewson, Liesel Matthews, Paul Guilfoyle, Xander Berkeley, William H. Macy, Dean Stockwell, Tom Everett",Action,VHS,tt0118571,
American Beauty,Sam Mendes,1999,"Kevin Spacey, Annette Bening, Thora Birch, Wes Bentley, Mena Suvari, Peter Gallagher, Allison Janney, Alison Faulk, Chris Cooper, Lisa Cloud",Drama,VHS,tt0169547,
American History X,Tony Kaye,1998,"Edward Norton, Tara Blanchard, Anne Lambton, Steve Wolford, Richard Noyce, Danso Gordon, Jim Norton, David Basulto, Alexis Rose Coen, Kiante Elam",Crime,VHS,tt0120586,
The American President,Rob Reiner,1995,"Michael Douglas, Annette Bening, Martin Sheen, Michael J. Fox, Anna Deavere Smith, Samantha Mathis, Shawna Waldron, David Paymer, Anne Haney, Richard Dreyfuss",Comedy,VHS,tt0112346,
American Pie,Paul Weitz,1999,"Jason Biggs, Fletcher Sheridan, Jennifer Coolidge, Shannon Elizabeth, Alyson Hannigan, Chris Klein, Clyde Kusatsu, Eugene Levy, Natasha Lyonne, Thomas Ian Nicholas",Comedy,VHS,tt0163651,
American Wedding,Jesse Dylan,2003,"Jason Biggs, Antoinette Spolar, Reynaldo Gallegos, Kate Hendrickson, Rob Nagle, Corinne Reilly, Loren Lester, Justin Isfeld, John Cho, James Reese",Comedy,VHS,tt0328828,
Armageddon,Michael Bay,1998,"Bruce Willis, Billy Bob Thornton, Ben Affleck, Liv Tyler, Will Patton, Steve Buscemi, William Fichtner, Owen Wilson, Michael Clarke Duncan, Peter Stormare",Action,VHS,tt0120591,
Assassins/The Specialist,,2005,"Sylvester Stallone, Antonio Banderas, Julianne Moore, Anatoli Davydov, Muse Watson, Steve Kahan, Kelly Rowan, Kai Wulff, Kerry Skalsky, James Douglas Haskins",Action,DVD,tt0112401,no director
Assault on Precinct 13,Jean-François Richet,2005,"Ethan Hawke, Laurence Fishburne, Gabriel Byrne, Maria Bello, Drea de Matteo, John Leguizamo, Brian Dennehy, Ja Rule, Currie Graham, Aisha Hinds",Action,DVD,tt0398712,
The Associate,Donald Petrie,1996,"Whoopi Goldberg, Dianne Wiest, Eli Wallach, Tim Daly, Bebe Neuwirth, Austin Pendleton, Lainie Kazan, George Martin, Kenny Kerr, Lee Wilkof",Comedy,DVD,tt0115580,
The Avengers,Jeremiah S. Chechik,1998,"Ralph Fiennes, Uma Thurman, Sean Connery, Patrick MacNee, Jim Broadbent, Fiona Shaw, Eddie Izzard, Eileen Atkins, John Wood, Carmen Ejogo",Action,DVD,tt0118661,
The Avengers,Joss Whedon,2012,"Robert Downey Jr., Chris Evans, Mark Ruffalo, Chris Hemsworth, Scarlett Johansson, Jeremy Renner, Tom Hiddleston, Clark Gregg, Cobie Smulders, Stellan Skarsgård",Action,DVD,tt0848228,
Avengers: Age of Ultron,Joss Whedon,2015,"Robert Downey Jr., Chris Hemsworth, Mark Ruffalo, Chris Evans, Scarlett Johansson, Jeremy Renner, James Spader, Samuel L. Jackson, Don Cheadle, Aaron Taylor-Johnson",Action,DVD,tt2395427,
"Aviator, The",Martin Scorsese,2004,"Leonardo DiCaprio, Cate Blanchett, Kate Beckinsale, John C. Reilly, Alec Baldwin, Alan Alda, Ian Holm, Danny Huston, Gwen Stefani, Jude Law",Drama,DVD,tt0338751,
Babylon A.D.,Mathieu Kassovitz,2008,"Vin Diesel, Michelle Yeoh, Mélanie Thierry, Charlotte Rampling, Gérard Depardieu, Kristyna Kingsley, Mark Strong, Joel Kirby, Filip Matejka, David Gasman",Action,DVD,tt0364970,
Back to the Future: The Complete Trilogy,,,,,DVD,tt0000000,no year; no director; no actors; no genre
Back to the Future,Robert Zemeckis,1985,"Michael J. Fox, Christopher Lloyd, Lea Thompson, Crispin Glover, Tom Wilson, Claudia Wells, Marc McClure, Wendie Jo Sperber, George DiCenzo, Frances Lee McCain",Adventure,DVD,tt0088763,
Back to the Future Part II,Robert Zemeckis,1989,"Michael J. Fox, Christopher Lloyd, Lea Thompson, Elisabeth Shue, James Tolkan, Jeffrey Weissman, Casey Siemaszko, Billy Zane, J.J. Cohen, Charles Fleischer",Adventure,DVD,tt0096874,
Back to the Future Part III,Robert Zemeckis,1990,"Michael J. Fox, Christopher Lloyd, Mary Steenburgen, Tom Wilson, Lea Thompson, Elisabeth Shue, Matt Clark, Richard Dysart, Pat Buttram, Harry Carey Jr.",Adventure,DVD,tt0099088,
Balls of Fury,Robert Ben Garant,2007,"Dan Fogler, Christopher Walken, George Lopez, Maggie Q, James Hong, Terry Crews, Robert Patrick, Diedrich Bader, Aisha Tyler, Cary-Hiroyuki Tagawa",Action,DVD,tt0424823,
Bandits,Barry Levinson,2001,"Bruce Willis, Billy Bob Thornton, Cate Blanchett, Troy Garity, Brian F. O'Byrne, Stacey Travis, Bobby Slayton, January Jones, Azura Skye, Peggy Miley",Comedy,DVD,tt0219965,
Basic Instinct,Paul Verhoeven,1992,"Michael Douglas, Sharon Stone, George Dzundza, Jeanne Tripplehorn, Denis Arndt, Leilani Sarelle, Bruce A. Young, Chelcie Ross, Dorothy Malone, Wayne Knight",Drama,DVD,tt0103772,
Batman,Tim Burton,1989,"Michael Keaton, Jack Nicholson, Kim Basinger, Robert Wuhl, Pat Hingle, Billy Dee Williams, Michael Gough, Jack Palance, Jerry Hall, Tracey Walter",Action,DVD,tt0096895,
The Dark Knight,Christopher Nolan,2008,"Christian Bale, Heath Ledger, Aaron Eckhart, Michael Caine, Maggie Gyllenhaal, Gary Oldman, Morgan Freeman, Monique Gabriela Curnen, Ron Dean, Cillian Murphy",Action,DVD,tt0468569,
The Dark Knight Rises,Christopher Nolan,2012,"Christian Bale, Gary Oldman, Tom Hardy, Joseph Gordon-Levitt, Anne Hathaway, Marion Cotillard, Morgan Freeman, Michael Caine, Matthew Modine, Alon Aboutboul",Action,DVD,tt1345836,
Batman v Superman: Dawn of Justice,Zack Snyder,2016,"Ben Affleck, Henry Cavill, Amy Adams (III), Jesse Eisenberg, Diane Lane, Laurence Fishburne, Jeremy Irons, Holly Hunter, Gal Gadot, Scoot McNairy",Action,DVD,tt2975590,
Battle: Los Angeles,Jonathan Liebesman,2011,"Aaron Eckhart, Ramon Rodriguez, Cory Hardrict, Gino Anthony Pesi, Ne-Yo, James Hiroyuki Liao, Bridget Moynahan, Noel Fisher, Adetokumboh M'Cormack, Bryce Cass",Action,DVD,tt1217613,
A Beautiful Mind,Ron Howard,2001,"Russell Crowe, Ed Harris, Jennifer Connelly, Christopher Plummer, Paul Bettany, Adam Goldberg, Josh Lucas, Anthony Rapp, Jason Gray-Stanford, Judd Hirsch",Drama,DVD,tt0268978,
Beetlejuice,Tim Burton,1988,"Alec Baldwin, Geena Davis, Annie McEnroe, Maurice Page, Hugo Stanger, Michael Keaton, Rachel Mittelman, Catherine O'Hara, J. Jay Saunders, Mark Ettlinger",Comedy,DVD,tt0094721,
The Best of Me,Michael Hoffman,2014,"Michelle Monaghan, James Marsden, Luke Bracey, Liana Liberato, Gerald McRaney, Caroline Goodall, Clarke Peters, Sebastian Arcelus, Jon Tenney, Sean Bridgers",Drama,DVD,tt1972779,
Big Fish,Tim Burton,2003,"Ewan McGregor, Albert Finney, Billy Crudup, Jessica Lange, Helena Bonham Carter, Alison Lohman, Robert Guillaume, Marion Cotillard, Matthew McGrory, David Denman",Adventure,DVD,tt0319061,
The Big Lebowski,Joel Coen,1998,"Jeff Bridges, John Goodman, Julianne Moore, Steve Buscemi, David Huddleston, Philip Seymour Hoffman, Tara Reid, Philip Moon, Mark Pellegrino, Peter Stormare",Comedy,DVD,tt0118715,
The Big White,Mark Mylod,2005,"Robin Williams, Holly Hunter, Giovanni Ribisi, Tim Blake Nelson, W. Earl Brown, Woody Harrelson, Alison Lohman, Billy Merasty, Marina Stephenseon Kerr, Ralph J. Alderman",Comedy,DVD,tt0402850,
Blade II,Guillermo del Toro,2002,"Wesley Snipes, Kris Kristofferson, Ron Perlman, Leonor Varela, Norman Reedus, Thomas Kretschmann, Luke Goss, Matt Schulze, Danny John-Jules, Donnie Yen",Action,DVD,tt0187738,
Blade: Trinity,David S. Goyer,2004,"Wesley Snipes, Kris Kristofferson, Dominic Purcell, Jessica Biel, Ryan Reynolds, Parker Posey, Mark Berry, John Michael Higgins, Callum Keith Rennie, Paul Levesque",Action,DVD,tt0359013,
Blazing Saddles,Mel Brooks,1974,"Cleavon Little, Gene Wilder, Slim Pickens, Harvey Korman, Madeline Kahn, Burton Gilliam, Alex Karras, David Huddleston, Liam Dunn, Michael Hertzberg",Comedy,DVD,tt0071230,
Blood Diamond,Edward Zwick,2006,"Leonardo DiCaprio, Djimon Hounsou, Kagiso Kuypers, Arnold Vosloo, Antony Coleman, Benu Mabhena, Anointing Lukola, David Harewood, Basil Wallace, Jimi Mistry",Adventure,DVD,tt0450259,
Blow,Ted Demme,2001,"Johnny Depp, Penélope Cruz, Franka Potente, Rachel Griffiths, Paul Reubens, Jordi Mollà, Cliff Curtis, Miguel Sandoval, Ethan Suplee, Ray Liotta",Crime,DVD,tt0221027,
The Blues Brothers,John Landis,1980,"James DuMont, Kathleen Freeman, Dan Aykroyd, Jeff Morris, John Belushi, Stephen Bishop, Judith Belushi-Pisano, Steven Spielberg, Charles Napier, Blair Burrows",Comedy,DVD,tt0080455,
Blue Crush,John Stockwell,2002,"Kate Bosworth, Matthew Davis, Michelle Rodriguez, Sanoe Lake, Mika Boorem, Chris Taloa, Kala Alexander, Ruben Tejada, Kaupena Miranda, Asa Aquino",Drama,DVD,tt0300532,
BarberShop,Tim Story,2002,"Jam, Eric Lane, Norm Van Lier, Ray Thompson, Mark Simmons, Vince Green, Cassandra Lewis, Janina Gavankar, Olumiji Olawumi, Satya Lee",Comedy,VHS,tt0303714,
Basic,John McTiernan,2003,"John Travolta, Connie Nielsen, Samuel L. Jackson, Tim Daly, Giovanni Ribisi, Brian Van Holt, Taye Diggs, Dash Mihok, Cristián de la Fuente, Roselyn Sanchez",Crime,VHS,tt0264395,
The Basketball Diaries,Scott Kalvert,1995,"Leonardo DiCaprio, Lorraine Bracco, Marilyn Sokol, James Madio, Patrick McGaw, Mark Wahlberg, Roy Cooper, Vincent Pastore, Bruno Kirby, Jimmy Papiris",Crime,VHS,tt0112461,
Batman Returns,Tim Burton,1992,"Michael Keaton, Danny DeVito, Michelle Pfeiffer, Christopher Walken, Michael Gough, Michael Murphy, Cristi Conaway, Andrew Bryniarski, Pat Hingle, Vincent Schiavelli",Action,VHS,tt0103776,
Batman Forever,Joel Schumacher,1995,"Val Kilmer, Tommy Lee Jones, Jim Carrey, Nicole Kidman, Chris O'Donnell, Michael Gough, Pat Hingle, Drew Barrymore, Debi Mazar, Elizabeth Sanders",Action,VHS,tt0112462,
Batman & Robin,Joel Schumacher,1997,"Jeep Swenson, Arnold Schwarzenegger, George Clooney, Chris O'Donnell, Uma Thurman, Alicia Silverstone, Michael Gough, Pat Hingle, John Glover, Elle MacPherson",Action,VHS,tt0118688,
Batman Begins,Christopher Nolan,2005,"Christian Bale, Michael Caine, Liam Neeson, Katie Holmes, Gary Oldman, Cillian Murphy, Tom Wilkinson, Rutger Hauer, Ken Watanabe, Mark Boone Junior",Action,DVD,tt0372784,
Bill Cosby: Himself,Bill Cosby,1982,,Comedy,VHS,tt0083652,no actors
Billy Madison,Tamra Davis,1995,"Al Maini, Jared Cook, Shane Farberman, Theresa Merritt, Jared Durand, Larry Hankin, Mandy Watts, Jacelyn Holmes, Christopher Kelk, Bridgette Wilson",Adventure,VHS,tt0112508,
Blue Chips,William Friedkin,1994,"Chris Mills, Nick Nolte, Mary McDonnell, J.T. Walsh, Ed O'Neill, Alfre Woodard, Bob Cousy, Shaquille O'Neal, Anfernee 'Penny' Hardaway, Matt Nover",Adventure,VHS,tt0109305,
Blue Collar Comedy Tour: The Movie,C.B. Harding,2003,"Jeff Foxworthy, Bill Engvall, Heidi Klum, David Alan Grier, Ron White, Larry The Cable Guy, J.P. Williams, Hunt Lowry, Alan C. Blomquist, Casey La Scala",Comedy,VHS,tt0330069,
The Bodyguard,Mick Jackson,1992,"Kevin Costner, Whitney Houston, Gary Kemp, Bill Cobbs, Ralph Waite, Tomas Arana, Michele Lamar Richards, Mike Starr, Christopher Birt, Devaughn Nixon",Drama,VHS,tt0103855,
Body of Lies,Ridley Scott,2008,"Leonardo DiCaprio, Russell Crowe, Mark Strong, Golshifteh Farahani, Oscar Isaac, Ali Suliman, Alon Abutbul, Vince Colosimo, Simon McBurney, Mehdi Nebbou",Action,DVD,tt0758774,
Boiler Room,Ben Younger,2000,"Giovanni Ribisi, Vin Diesel, Nia Long, Nicky Katt, Scott Caan, Ron Rifkin, Jamie Kennedy, Taylor Nichols, Bill Sage, Tom Everett Scott",Crime,DVD,tt0181984,
Bookie$,Mark Illsley,2003,"Nick Stahl, Johnny Galecki, Lukas Haas, Rachael Leigh Cook, David Proval, John Diehl, Julio Oscar Mechoso, Zuri Williams, Dwight Armstrong, Steve Hudson",Comedy,DVD,tt0302361,
The Book of Eli,Albert Hughes,2010,"Denzel Washington, Gary Oldman, Mila Kunis, Ray Stevenson, Jennifer Beals, Evan Jones, Joe Pingue, Frances De la Tour, Michael Gambon, Tom Waits",Action,Blu-ray,tt1037705,
GoldenEye,Martin Campbell,1995,"Pierce Brosnan, Sean Bean, Izabella Scorupco, Famke Janssen, Joe Don Baker, Judi Dench, Robbie Coltrane, Gottfried John, Alan Cumming, Tchéky Karyo",Action,DVD,tt0113189,
Casino Royale,Martin Campbell,2006,"Daniel Craig, Eva Green, Mads Mikkelsen, Judi Dench, Jeffrey Wright, Giancarlo Giannini, Caterina Murino, Simon Abkarian, Isaach De Bankolé, Jesper Christensen",Action,DVD,tt0381061,
Quantum of Solace,Marc Forster,2008,"Daniel Craig, Olga Kurylenko, Mathieu Amalric, Judi Dench, Giancarlo Giannini, Gemma Arterton, Jeffrey Wright, David Harbour, Jesper Christensen, Anatole Taubman",Action,DVD,tt0830515,
Skyfall,Sam Mendes,2012,"Daniel Craig, Judi Dench, Javier Bardem, Ralph Fiennes, Naomie Harris, Bérénice Marlohe, Albert Finney, Ben Whishaw, Rory Kinnear, Ola Rapace",Action,DVD,tt1074638,
The Bone Collector,Phillip Noyce,1999,"Denzel Washington, Angelina Jolie, Queen Latifah, Michael Rooker, Michael McGlone, Luis Guzmán, Leland Orser, John Benjamin Hickey, Bobby Cannavale, Ed O'Neill",Drama,DVD,tt0145681,
The Boondock Saints II: All Saints Day,Troy Duffy,2009,"Sean Patrick Flanery, Norman Reedus, Billy Connolly, Clifton Collins Jr., Julie Benz, Bob Marley, Brian Mahoney, David Ferry, David Della Rocco, Peter Fonda",Action,DVD,tt1300851,
Bounce,Don Roos,2000,"Ben Affleck, Gwyneth Paltrow, Natasha Henstridge, Edward Edwards, Jennifer Grey, Tony Goldwyn, Lisa Carpenter-Prewitt, Lisa Joyner, Richard Saxton, Caroline Aaron",Drama,DVD,tt0186894,
The Bourne Identity,Doug Liman,2002,"Matt Damon, Franka Potente, Chris Cooper, Clive Owen, Brian Cox, Adewale Akinnuoye-Agbaje, Gabriel Mann, Walton Goggins, Josh Hamilton, Julia Stiles",Action,DVD,tt0258463,
The Bourne Supremacy,Paul Greengrass,2004,"Matt Damon, Franka Potente, Brian Cox, Julia Stiles, Karl Urban, Gabriel Mann, Joan Allen, Marton Csokas, Tom Gallop, John Bedford Lloyd",Action,DVD,tt0372183,
The Bourne Ultimatum,Paul Greengrass,2007,"Matt Damon, Julia Stiles, David Strathairn, Scott Glenn, Paddy Considine, Edgar Ramírez (IV), Albert Finney, Joan Allen, Tom Gallop, Corey Johnson",Action,DVD,tt0440963,
Jason Bourne,Paul Greengrass,2016,"Matt Damon, Tommy Lee Jones, Alicia Vikander, Vincent Cassel, Julia Stiles, Riz Ahmed, Ato Essandoh, Scott Shepherd, Bill Camp, Vinzenz Kiefer",Action,DVD,tt4196776,
Braveheart,Mel Gibson,1995,"James Robinson, Sean Lawlor, Sandy Nelson, James Cosmo, Sean McGinley, Alan Tall, Andrew Weir, Gerda Stevenson, Ralph Riach, Randall Wallace",Action,DVD,tt0112573,
Spotlight Collection: '80s Comedies,,,,,DVD,tt0000000,no year; no director; no actors; no genre
The Breakfast Club,John Hughes,1985,"Emilio Estevez, Anthony Michael Hall, Judd Nelson, Molly Ringwald, Ally Sheedy, Paul Gleason, John Kapelos, Ron Dean, Tim Gamble, Mercedes Hall",Drama,DVD,tt0088847,
Sixteen Candles,John Hughes,1984,"Molly Ringwald, Justin Henry, Michael Schoeffling, Haviland Morris, Gedde Watanabe, Anthony Michael Hall, Paul Dooley, Carlin Glynn, Blanche Baker, Edward Andrews",Comedy,DVD,tt0088128,
Fast Times at Ridgemont High,Amy Heckerling,1982,"Sean Penn, Jennifer Jason Leigh, Judge Reinhold, Robert Romanus, Brian Backer, Phoebe Cates, Ray Walston, Scott Thomson, Vincent Schiavelli, Amanda Wyss",Comedy,DVD,tt0083929,
The Break-Up,Peyton Reed,2006,"Vince Vaughn, Jennifer Aniston, Joey Lauren Adams, Cole Hauser, Jon Favreau, Jason Bateman, Judy Davis, Justin Long, Ivan Sergei, John Michael Higgins",Comedy,DVD,tt0452594,
Bridesmaids,Paul Feig,2011,"Kristen Wiig, Terry Crews, Jessica St. Clair, Maya Rudolph, Tom Yi, Elaine Kao, Michael Hitchcock, Kali Hawk, Joe Nunez, Rebel Wilson",Comedy,DVD,tt1478338,
Broken Arrow,John Woo,1996,"John Travolta, Christian Slater, Samantha Mathis, Delroy Lindo, Bob Gunton, Frank Whaley, Howie Long, Vondie Curtis-Hall, Jack Thompson, Vyto Ruginis",Action,DVD,tt0115759,
Bruce Almighty,Tom Shadyac,2003,"Jim Carrey, Morgan Freeman, Jennifer Aniston, Philip Baker Hall, Catherine Bell, Lisa Ann Walter, Steve Carell, Nora Dunn, Eddie Jemison, Paul Satterfield",Comedy,DVD,tt0315327,
Evan Almighty,Tom Shadyac,2007,"Steve Carell, Morgan Freeman, Lauren Graham, Johnny Simmons, Graham Phillips, Jimmy Bennett, John Goodman, Wanda Sykes, John Michael Higgins, Jonah Hill",Comedy,DVD,tt0413099,
Bulletproof Monk,Paul Hunter,2003,"Chow Yun-Fat, Seann William Scott, Jaime King, Karel Roden, Victoria Smurfit, Marcus Jean Pirae, Mako, Roger Yuan, K.C. Collins, Sean Bell",Action,DVD,tt0245803,
Burn After Reading,Joel Coen,2008,"George Clooney, Frances McDormand, John Malkovich, Tilda Swinton, Brad Pitt, Richard Jenkins, Elizabeth Marvel, David Rasche, J.K. Simmons, Olek Krupa",Comedy,DVD,tt0887883,
The World Is Not Enough,Michael Apted,1999,"Pierce Brosnan, Sophie Marceau, Robert Carlyle, Denise Richards, Robbie Coltrane, Judi Dench, Desmond Llewelyn, John Cleese, Maria Grazia Cucinotta, Samantha Bond",Action,VHS,tt0143145,
Boogie Nights,Paul Thomas Anderson,1997,"Luis Guzmán, Burt Reynolds, Julianne Moore, Rico Bueno, John C. Reilly, Nicole Ari Parker, Don Cheadle, Heather Graham, Mark Wahlberg, William H. Macy",Drama,VHS,tt0118749,
The Boondock Saints,Troy Duffy,1999,"Willem Dafoe, Sean Patrick Flanery, Norman Reedus, David Della Rocco, Billy Connolly, David Ferry, Brian Mahoney, Bob Marley, Richard Fitzpatrick, William Young",Action,VHS,tt0144117,
The Brady Bunch Movie,Betty Thomas,1995,"Shelley Long, Gary Cole, Christine Taylor, Christopher Daniel Barnes, Jennifer Elise Cox, Paul Sutera, Olivia Hack, Jesse Lee Soffer, Henriette Mantel, David Graf",Comedy,VHS,tt0112572,
Bull Durham,Ron Shelton,1988,"Kevin Costner, Susan Sarandon, Tim Robbins, Trey Wilson, Robert Wuhl, William O'Leary, David Neidorf, Danny Gans, Tom Silardi, Lloyd T. Williams",Comedy,VHS,tt0094812,
Camp Nowhere,Jonathan Prince,1994,"John Putch, Peter Scolari, Romy Windsor, Jonathan Jackson, Joshua Gibran Mayweather, Andrew Keegan, Devin Oatway, Kellen McLaughlin, Brian Wagner, Marnette Patterson",Adventure,VHS,tt0109369,
The Cannonball Run,Hal Needham,1981,"Burt Reynolds, Roger Moore, Farrah Fawcett, Dom DeLuise, Dean Martin, Sammy Davis Jr., Jack Elam, Adrienne Barbeau, Terry Bradshaw, Jackie Chan",Action,VHS,tt0082136,
Catch Me If You Can,Steven Spielberg,2002,"Leonardo DiCaprio, Tom Hanks, Christopher Walken, Martin Sheen, Nathalie Baye, Amy Adams, James Brolin, Brian Howe, Frank John Hughes, Steve Eastin",Crime,VHS,tt0264464,
Center Stage,Nicholas Hytner,2000,"David Schneider, Zoe Saldana, Olga Merediz, Elvis Crespo, Giselle Tcherniak, Jamie Bonelli, Micki Paley, Randy Pearlstein, Nancy Hess, Lovette George",Drama,VHS,tt0210616,
Captain America: The First Avenger,Joe Johnston,2011,"Chris Evans, Hayley Atwell, Sebastian Stan, Tommy Lee Jones, Hugo Weaving, Dominic Cooper, Richard Armitage, Stanley Tucci, Samuel L. Jackson, Toby Jones",Action,DVD,tt0458339,
Captain America: The Winter Soldier,Anthony Russo,2014,"Chris Evans, Samuel L. Jackson, Scarlett Johansson, Robert Redford, Sebastian Stan, Anthony Mackie, Cobie Smulders, Frank Grillo, Maximiliano Hernández, Emily VanCamp",Action,DVD,tt1843866,
Captain America: Civil War,Anthony Russo,2016,"Chris Evans, Robert Downey Jr., Scarlett Johansson, Sebastian Stan, Anthony Mackie, Don Cheadle, Jeremy Renner, Chadwick Boseman, Paul Bettany, Elizabeth Olsen",Action,DVD,tt3498820,
Capote,Bennett Miller,2005,"Allie Mickelson, Kelci Stephenson, Philip Seymour Hoffman, Craig Archibald, Bronwen Coleman, Kate Shindle, David Wilson Barnes, Michael J. Burg, Catherine Keener, Kwesi Ameyaw",Crime,DVD,tt0379725,
Cast Away,Robert Zemeckis,2000,"Paul Sanchez, Lari White, Leonid Citer, David Allen Brooks, Jelena Papovic, Valentina Ananyina, Semion Sudarikov, Tom Hanks, Peter von Berg, Dmitri S. Boudrine",Adventure,DVD,tt0162222,
Catch & Release,Susannah Grant,2006,"Jennifer Garner, Timothy Olyphant, Sam Jaeger, Kevin Smith, Juliette Lewis, Joshua Friesen, Fiona Shaw, Tina Lifford, Georgia Craig, Christopher Redman",Comedy,DVD,tt0395495,
The Cave,Bruce Hunt,2005,"Cole Hauser, Eddie Cibrian, Morris Chestnut, Lena Headey, Piper Perabo, Rick Ravanello, Daniel Dae Kim, Kieran Darcy-Smith, Marcel Iures, Vlad Radescu",Action,DVD,tt0402901,
Chappie,Neill Blomkamp,2015,"Sharlto Copley, Dev Patel, Ninja, Yo-Landi Visser, Jose Pablo Cantillo, Hugh Jackman, Sigourney Weaver, Brandon Auret, Johnny Selema, Anderson Cooper",Action,DVD,tt1823672,
Charlie's Angels,McG,2000,"Cameron Diaz, Drew Barrymore, Lucy Liu, Bill Murray, Sam Rockwell, Kelly Lynch, Tim Curry, Crispin Glover, Matt LeBlanc, LL Cool J",Action,DVD,tt0160127,
Charlie's Angels: Full Throttle,McG,2003,"Cameron Diaz, Drew Barrymore, Lucy Liu, Bernie Mac, Crispin Glover, Justin Theroux, Robert Patrick, Demi Moore, Rodrigo Santoro, Shia LaBeouf",Action,DVD,tt0305357,
Chicago,Rob Marshall,2002,"Taye Diggs, Cliff Saunders, Catherine Zeta-Jones, Renée Zellweger, Dominic West, Jayne Eastwood, Bruce Beaton, Roman Podhora, John C. Reilly, Colm Feore",Comedy,DVD,tt0299658,
Chitty Chitty Bang Bang,Ken Hughes,1968,"Dick Van Dyke, Sally Ann Howes, Lionel Jeffries, Gert Fröbe, Anna Quayle, Benny Hill, James Robertson Justice, Robert Helpmann, Heather Ripley, Adrian Hall",Comedy,DVD,tt0062803,
"The Chronicles of Narnia: The Lion, the Witch and the Wardrobe",Andrew Adamson,2005,"Rupert Everett, Cameron Rhodes, Philip Steuer, Jim May, Sim Evan-Jones, Douglas Gresham, Michael Madsen, Georgie Henley, Skandar Keynes, William Moseley",Action,DVD,tt0363771,
The Chronicles of Narnia: Prince Caspian,Andrew Adamson,2008,"Ben Barnes, Georgie Henley, Skandar Keynes, William Moseley, Anna Popplewell, Sergio Castellitto, Peter Dinklage, Warwick Davis, Vincent Grass, Pierfrancesco Favino",Action,DVD,tt0499448,
The Chronicles of Narnia: The Voyage of the Dawn Treader,Michael Apted,2010,"Georgie Henley, Skandar Keynes, Ben Barnes, Will Poulter, Gary Sweet, Terry Norris, Bruce Spence, Bille Brown, Laura Brent, Colin Moody",Action,DVD,tt0980970,
Chucky: Complete 7-Movie Collection,,1988,,Comedy,DVD,tt0000000,no director; no actors
City of Angels,Brad Silberling,1998,"Nicolas Cage, Meg Ryan, Andre Braugher, Dennis Franz, Colm Feore, Robin Bartlett, Joanna Merlin, Sarah Dampf, Rhonda Dotson, Nigel Gibbs",Drama,DVD,tt0120632,
Clash Of The Titans (2010),Louis Leterrier,2010,"Charlotte Comer, Polly Walker, William Houston, Nicholas Hoult, Pete Postlethwaite, Luke Evans, Mads Mikkelsen, Liam Cunningham, Eric Geynes, Travis Beacham",Action,Blu-ray,tt0800320,
Wrath of the Titans,Jonathan Liebesman,2012,"Sam Worthington, Liam Neeson, Ralph Fiennes, Edgar Ramírez (IV), Toby Kebbell, Rosamund Pike, Bill Nighy, Danny Huston, John Bell, Lily James",Action,DVD,tt1646987,
Coach Carter,Thomas Carter,2005,"Samuel L. Jackson, Rob Brown, Robert Ri'chard, Rick Gonzalez, Nana Gbewonyo, Antwon Tanner, Channing Tatum, Ashanti, Texas Battle, Denise Dowse",Drama,DVD,tt0393162,
Confessions of a Dangerous Mind,George Clooney,2002,"Dick Clark, Sam Rockwell, Michelle Sweeney, Drew Barrymore, Chelsea Ceci, Michael Cera, Aimee Rose Ambroziak, Isabelle Blais, Melissa Carter, Jennifer Hall",Comedy,Blu-ray,tt0270288,
Confidence,James Foley,2003,"Edward Burns, Rachel Weisz, Morris Chestnut, Leland Orser, Louis Lombardi, Paul Giamatti, Brian Van Holt, Donal Logue, Luis Guzmán, April O'Brien",Crime,DVD,tt0310910,
The Client,Joel Schumacher,1994,"Susan Sarandon, Tommy Lee Jones, Mary-Louise Parker, Anthony LaPaglia, J.T. Walsh, Anthony Edwards, Brad Renfro, Will Patton, Bradley Whitford, Anthony Heald",Crime,DVD,tt0109446,
Closer,Mike Nichols,2004,"Natalie Portman, Jude Law, Julia Roberts, Clive Owen, Nick Hobbs, Colin Stinton, Steve Benham, Elizabeth Bower, Rene Costa, Ray Donn",Drama,DVD,tt0376541,
Cloverfield,Matt Reeves,2008,"Lizzy Caplan, Jessica Lucas, T.J. Miller, Michael Stahl-David, Mike Vogel, Odette Yustman, Anjul Nigam, Margot Farley, Theo Rossi, Brian Klugman",Mystery,DVD,tt1060277,
Cocktail,Roger Donaldson,1988,"Tom Cruise, Bryan Brown, Elisabeth Shue, Lisa Banes, Laurence Luckinbill, Kelly Lynch, Gina Gershon, Ron Dean, Robert Donley, Ellen Foley",Comedy,DVD,tt0094889,
Collateral Damage / Eraser,Andrew Davis,2002,"Steven Reuther, David Foster, Arnold Kopelson, Anne Kopelson, Dennis Virkler, Graeme Revell, Alan Silvestri",Action,DVD,tt0000000,
Colombiana,Olivier Megaton,2011,"Zoe Saldana, Jordi Mollà, Lennie James, Amandla Stenberg, Michael Vartan, Cliff Curtis, Beto Benites, Jesse Borrego, Cynthia Addai-Robinson, Angel Garnica",Action,DVD,tt1657507,
Commando,Mark L. Lester,1985,"Arnold Schwarzenegger, Rae Dawn Chong, Dan Hedaya, Vernon Wells, James Olson, David Patrick Kelly, Alyssa Milano, Bill Duke, Drew Snyder, Sharon Wyatt",Action,DVD,tt0088944,
Coneheads,Steve Barron,1993,"Robert Knott, Jonathan Penner, Whip Hubley, Dan Aykroyd, Jane Curtin, Howard Napper, Michael Richards, Eddie Griffin, Sinbad, Phil Hartman",Comedy,DVD,tt0106598,
The Conjuring,James Wan,2013,"Vera Farmiga, Patrick Wilson, Lili Taylor, Ron Livingston, Shanley Caswell, Hayley McFarland, Joey King, Mackenzie Foy, Kyla Deaver, Shannon Kook",Horror,DVD,tt1457767,
Constantine,Francis Lawrence,2005,"Keanu Reeves, Rachel Weisz, Shia LaBeouf, Djimon Hounsou, Max Baker, Pruitt Taylor Vince, Gavin Rossdale, Tilda Swinton, Peter Stormare, Jesse Ramirez",Action,DVD,tt0360486,
Contact,Robert Zemeckis,1997,"Jena Malone, David Morse, Jodie Foster, Geoffrey Blake, William Fichtner, Sami Chester, Timothy McNeil, Laura Elena Surillo, Matthew McConaughey, Tom Skerritt",Drama,DVD,tt0118884,
Contraband,Baltasar Kormákur,2012,"Robert Wahlberg, Caleb Landry Jones, Jason Mitchell, Paul LeBlanc, Mark Wahlberg, Ben Foster, Michael J. Taylor, John Russ Broussard, Mike Broussard Jr., Arthur Thomas",Action,Blu-ray,tt1524137,
Children of the Corn,Fritz Kiersch,1984,"Peter Horton, Linda Hamilton, R.G. Armstrong, John Franklin, Courtney Gains, Robby Kiger, Anne Marie McEvoy, Julie Maddalena, Jonas Marlowe, John Philbin",Fantasy,VHS,tt0087050,
Children of the Corn II: The Final Sacrifice,David Price,1992,"Terence Knox, Paul Scherrer, Ryan Bollman, Christie Clark, Rosalind Allen, Ned Romero, Ed Grady, John Bennes, Wallace Merck, Joe Inscoe",Horror,VHS,tt0106557,
A Civil Action,Steven Zaillian,1998,"John Travolta, Robert Duvall, Tony Shalhoub, William H. Macy, Zeljko Ivanek, Bruce Norris, John Lithgow, Kathleen Quinlan, Peter Jacobson, Mary Mara",Drama,VHS,tt0120633,
Cliffhanger,Renny Harlin,1993,"Sylvester Stallone, John Lithgow, Michael Rooker, Janine Turner, Rex Linn, Caroline Goodall, Leon, Craig Fairbrass, Gregory Scott Cummins, Denis Forest",Action,VHS,tt0106582,
Cool World,Ralph Bakshi,1992,"Kim Basinger, Gabriel Byrne, Brad Pitt, Michele Abrams, Deirdre O'Connell, Janni Brenn, William Frankfather, Greg Collins, Maurice LaMarche, Joey Camen",Action,VHS,tt0104009,
Cop Land,James Mangold,1997,"Sylvester Stallone, Harvey Keitel, Ray Liotta, Robert de Niro, Peter Berg, Janeane Garofalo, David Díaz, Ben Ellerin, Michael Gaston, Paul Herman",Action,VHS,tt0118887,
Cannonball Run II,Hal Needham,1984,"Burt Reynolds, Marty Allen, John A. Zee, Kai J. Wong, Frank Welker, John Worthington Stuart, Sean Stanek, Jack Smith, Bob Sheldon, Fred S. Ronnow",Comedy,VHS,tt0087032,
Cheaper By the Dozen,Shawn Levy,2003,"Steve Martin, Bonnie Hunt, Piper Perabo, Tom Welling, Hilary Duff, Kevin Schmidt, Alyson Stoner, Jacob Smith, Liliana Mumy, Morgan York",Comedy,DVD,tt0349205,
Couples Retreat,Peter Billingsley,2009,"Jason Bateman, Kristen Bell, Faizon Love, Vince Vaughn, Jon Favreau, Malin Akerman, Kristin Davis, Kali Hawk, Tasha Smith, Carlos Ponce",Comedy,Blu-ray,tt1078940,
Courageous,Alex Kendrick,2011,"Ken Bevel, Ben Davies, Kevin Downes, Jessa Duggar, Robert Amaya, T.C. Stallings, Joy-Anna Duggar, Rusty Martin, Angelita Nelson, Stephen Kendrick",Drama,DVD,tt1630036,
The Craft,Andrew Fleming,1996,"Robin Tunney, Fairuza Balk, Neve Campbell, Rachel True, Skeet Ulrich, Christine Taylor, Breckin Meyer, Nathaniel Marston, Cliff De Young, Assumpta Serna",Drama,DVD,tt0115963,
The Crazies,Breck Eisner,2010,"Timothy Olyphant, Radha Mitchell, Joe Anderson, Danielle Panabaker, Christie Lynn Smith, Brett Rickaby, Preston Bailey, John Aylward, Joe Reegan, Glenn Morshower",Mystery,DVD,tt0455407,
Crouching Tiger Hidden Dragon,Ang Lee,2000,"Chow Yun-Fat, Michelle Yeoh, Ziyi Zhang, Chen Chang, Sihung Lung, Pei-pei Cheng, Fa Zeng Li, Xian Gao, Yan Hai, De Ming Wang",Action,DVD,tt0190332,
Cursed,Wes Craven,2005,"Portia De Rossi, Mya, Shannon Elizabeth, Solar, Daniel Edward Mora, Kristina Anapau, Jesse Eisenberg, Milo Ventimiglia, Jonny Acker, Eric Ladin",Fantasy,DVD,tt0257516,
The Curious Case of Benjamin Button,David Fincher,2008,"Cate Blanchett, Brad Pitt, Julia Ormond, Faune A. Chambers, Elias Koteas, Donna DuPlantier, Jacob Tolano, Earl Maddox, Ed Metzger, Jason Flemyng",Drama,DVD,tt0421715,
Daredevil,Mark Steven Johnson,2003,"Ben Affleck, Jennifer Garner, Colin Farrell, Michael Clarke Duncan, Jon Favreau, Scott Terra, Ellen Pompeo, Joe Pantoliano, Leland Orser, Lennie Loftin",Action,DVD,tt0287978,
The Darkest Hour,Chris Gorak,2011,"Emile Hirsch, Olivia Thirlby, Max Minghella, Rachael Taylor, Joel Kinnaman, Veronika Ozerova, Dato Bakhtadze, Yuriy Kutsenko, Nikolay Efremov, Vladimir Jaglich",Action,Blu-ray,tt1093357,
Date Night,Shawn Levy,2010,"Steve Carell, Tina Fey, Mark Wahlberg, Taraji Henson, Jimmi Simpson, Common, William Fichtner, Leighton Meester, J.B. Smoove, Kristen Wiig",Comedy,DVD,tt1279935,
The Da Vinci Code,Ron Howard,2006,"Tom Hanks, Audrey Tautou, Ian McKellen, Jean Reno, Paul Bettany, Alfred Molina, Jürgen Prochnow, Jean-Yves Berteloot, Etienne Chicot, Jean-Pierre Marielle",Drama,DVD,tt0382625,
Dawn of the Dead,Zack Snyder,2004,"Sarah Polley, Ving Rhames, Jake Weber, Mekhi Phifer, Ty Burrell, Michael Kelly (V), Kevin Zegers, Michael Barry, Lindy Booth, Jayne Eastwood",Action,DVD,tt0363547,
Dawson's Creek: The Complete First Season,Lev L. Spiro,1998,"Katie Holmes, Michelle Williams, Joshua Jackson, James Van Der Beek, Kerr Smith, Mary Beth Peil, Meredith Monroe, Helen Baldwin, Jonathan Lipnicki, Mädchen Amick",Drama,DVD,tt0118300,
Dawson's Creek: The Complete Second Season,Lev L. Spiro,1998,"George Mims, Richard Reed, Nick Gomez, Nicole Nieth, Rachael Leigh Cook, Helen Baldwin, Jonathan Lipnicki, Mädchen Amick, Rodney Scott, Michael Hagerty",Drama,DVD,tt0118300,
Dawson's Creek: The Complete Third Season,Lev L. Spiro,1999,"Katie Holmes, Michelle Williams, Joshua Jackson, James Van Der Beek, Kerr Smith, Mary Beth Peil, Meredith Monroe, Mary-Margaret Humes, John Wesley Shipp, Nina Repeta",Drama,DVD,tt0118300,
Dawson's Creek: The Complete Fourth Season,Lev L. Spiro,2000,"Mark Matkevich, Oliver Hudson, Michael Pitt, Monica Keena, Hal Ozsan, Chad Michael Murray, Jensen Ackles, Megan Gray, Obi Ndefo, Ken Marino",Drama,DVD,tt0118300,
Dawson's Creek: The Complete Fifth Season,Lev L. Spiro,2001,"Katie Holmes, Michelle Williams, Joshua Jackson, James Van Der Beek, Kerr Smith, Mary Beth Peil, Meredith Monroe, Mary-Margaret Humes, John Wesley Shipp, Nina Repeta",Drama,DVD,tt0118300,
Dawson's Creek: The Complete Sixth Season,Lev L. Spiro,2002,"Matt Lutz, Katie Holmes, Michelle Williams, Joshua Jackson, James Van Der Beek, Kerr Smith, Mary Beth Peil, Meredith Monroe, Mary-Margaret Humes, John Wesley Shipp",Drama,DVD,tt0118300,
Dawson's Creek: The Series Finale,James Whitmore Jr.,2003,"James Van Der Beek, Katie Holmes, Michelle Williams, Joshua Jackson, Mary Beth Peil, Kerr Smith, Busy Philipps, Ashleigh Sumner, Melissa McBride, Mark Joy",Drama,DVD,tt0118300,
The Day the Earth Stood Still,Robert Wise,1951,"Michael Rennie, Patricia Neal, Hugh Marlowe, Sam Jaffe, Billy Gray, Frances Bavier, Lock Martin, Patrick Aherne, Holly Bane, Oscar Blanke",Drama,DVD,tt0043456,
The Day After Tomorrow,Roland Emmerich,2004,"Dennis Quaid, Jake Gyllenhaal, Emmy Rossum, Dash Mihok, Jay O. Sanders, Sela Ward, Austin Nichols, Arjay Smith, Tamlyn Tomita, Sasha Roiz",Action,Blu-ray,tt0319262,
Deadpool,Tim Miller,2016,"Ryan Reynolds, Karan Soni, Ed Skrein, Michael Benyaer, Stefan Kapicic, Brianna Hildebrand, Style Dayne, Kyle Cassie, Taylor Hickson, Ayzee",Action,Blu-ray,tt1431045,
Dear John,Lasse Hallström,2010,"Channing Tatum, Amanda Seyfried, Richard Jenkins, Henry Thomas, D.J. Cotrona, Cullen Moss, Gavin McCulley, Jose Lucena Jr., Keith Robinson, Scott Porter",Drama,DVD,tt0989757,
Death Race,Paul W.S. Anderson,2008,"Jason Statham, Joan Allen, Ian McShane, Tyrese Gibson, Natalie Martinez, Max Ryan, Jason Clarke, Fred Koehler, Jacob Vargas, Justin Mader",Action,DVD,tt0452608,
Deep Impact,Mimi Leder,1998,"Robert Duvall, Téa Leoni, Elijah Wood, Vanessa Redgrave, Morgan Freeman, Maximilian Schell, James Cromwell, Ron Eldard, Jon Favreau, Laura Innes",Drama,DVD,tt0120647,
The Departed,Martin Scorsese,2006,"Leonardo DiCaprio, Matt Damon, Jack Nicholson, Mark Wahlberg, Martin Sheen, Ray Winstone, Vera Farmiga, Anthony Anderson, Alec Baldwin, Kevin Corrigan",Crime,DVD,tt0407887,
Derailed,Mikael Håfström,2005,"Vincent Cassel, Clive Owen, Addison Timlin, Melissa George, Jennifer Aniston, Sandra Bee, RZA, William Armstrong, Tom Conti, Rachael Blake",Drama,DVD,tt0398017,
Devil's Advocate,Taylor Hackford,1997,"Keanu Reeves, Al Pacino, Charlize Theron, Jeffrey Jones, Judith Ivey, Connie Nielsen, Craig T. Nelson, Tamara Tunie, Ruben Santiago-Hudson, Debra Monk",Drama,DVD,tt0118971,
The Devil Wears Prada,David Frankel,2006,"Meryl Streep, Anne Hathaway, Emily Blunt, Stanley Tucci, Simon Baker, Adrian Grenier, Tracie Thoms, Rich Sommer, Daniel Sunjata, David Marshall Grant",Comedy,DVD,tt0458352,
Live Free or Die Hard,Len Wiseman,2007,"Bruce Willis, Timothy Olyphant, Justin Long, Maggie Q, Cliff Curtis, Jonathan Sadowski, Andrew Friedman, Kevin Smith, Yorgo Constantine, Cyril Raffaelli",Action,DVD,tt0337978,
A Good Day To Die Hard,John Moore,2013,"Bruce Willis, Jai Courtney, Sebastian Koch, Mary Elizabeth Winstead, Yuliya Snigir, Radivoje Bukvic, Cole Hauser, Amaury Nolasco, Sergey Kolesnikov, Roman Luknár",Action,DVD,tt1606378,
The Dilemma,Ron Howard,2011,"Vince Vaughn, Kevin James, Jennifer Connelly, Winona Ryder, Channing Tatum, Queen Latifah, Amy Morton, Chelcie Ross, Eduardo N. Martinez, Rance Howard",Comedy,DVD,tt1578275,
Dinner for Schmucks,Jay Roach,2010,"Steve Carell, Paul Rudd, Zach Galifianakis, Jemaine Clement, Stephanie Szostak, Lucy Punch, Bruce Greenwood, David Walliams, Ron Livingston, Larry Wilmore",Comedy,DVD,tt0427152,
Dirty Dancing,Emile Ardolino,1987,"Jennifer Grey, Patrick Swayze, Jerry Orbach, Cynthia Rhodes, Jack Weston, Jane Brucker, Kelly Bishop, Lonny Price, Max Cantor, Charles 'Honi' Coles",Drama,DVD,tt0092890,
District 9,Neill Blomkamp,2009,"Sharlto Copley, Jason Cope, Nathalie Boltt, Sylvaine Strike, Elizabeth Mkandawie, John Sumner, William Allen Young, Greg Melvill-Smith, Nick Blake, Morena Busa Sesatsa",Action,DVD,tt1136608,
Divergent,Neil Burger,2014,"Scott Roberts, Michael John, Ben Bloom, J.J. Perry, Kendyl Lynch, Jaclyn Rose, Ben Lamb, Jennifer Sall, LaVelle LaRue, Michael T. Black",Action,DVD,tt1840309,
Insurgent,Robert Schwentke,2015,"Kate Winslet, Jai Courtney, Mekhi Phifer, Shailene Woodley, Theo James, Ansel Elgort, Miles Teller, Cynthia Barrett, Justice Leak, Lyndsi LaRose",Adventure,DVD,tt2908446,
The Divergent Series: Allegiant,Robert Schwentke,2016,"Shailene Woodley, Theo James, Naomi Watts, Octavia Spencer, Jeff Daniels, Zoë Kravitz, Ansel Elgort, Miles Teller, Keiynan Lonsdale, Daniel Dae Kim",Action,Blu-ray,tt3410834,
Doc Hollywood,Michael Caton-Jones,1991,"Michael J. Fox, Julie Warner, Barnard Hughes, Woody Harrelson, David Ogden Stiers, Frances Sternhagen, George Hamilton, Bridget Fonda, Mel Winkler, Helen Martin",Comedy,DVD,tt0101745,
Donnie Brasco,Mike Newell,1997,"Al Pacino, Johnny Depp, Michael Madsen, Bruno Kirby, James Russo, Anne Heche, Zeljko Ivanek, Gerry Becker, Robert Miano, Brian Tarantina",Crime,DVD,tt0119008,
Don't Say a Word,Gary Fleder,2001,"Michael Douglas, Sean Bean, Brittany Murphy, Skye McCole Bartusiak, Guy Torry, Jennifer Esposito, Shawn Doyle, Victor Argo, Conrad Goode, Paul Schulze",Crime,DVD,tt0260866,
Don't Tell Mom The Babysitter's Dead,Stephen Herek,1991,"Christina Applegate, Joanna Cassidy, John Getz, Josh Charles, Keith Coogan, Concetta Tomei, David Duchovny, Kimmy Robertson, Jayne Brook, Eda Reiss Merin",Comedy,DVD,tt0101757,
Doom,Andrzej Bartkowiak,2005,"Karl Urban, Rosamund Pike, Razaaq Adoti, Dwayne Johnson, Deobia Oparei, Richard Brake, Al Weaver, Dexter Fletcher, Brian Steele, Ben Daniels",Action,Blu-ray,tt0419706,
Double Jeopardy,Bruce Beresford,1999,"Tommy Lee Jones, Ashley Judd, Benjamin Weir, Jay Brazeau, Bruce Greenwood, John Maclaren, Ed Evanko, Annabeth Gish, Bruce Campbell, Brennan Elliott",Crime,DVD,tt0150377,
Driven,Renny Harlin,2001,"Sylvester Stallone, Burt Reynolds, Kip Pardue, Stacy Edwards, Til Schweiger, Gina Gershon, Estella Warren, Cristian De La Fuente, Brent Briscoe, Robert Sean Leonard",Action,DVD,tt0132245,
Drive Angry,Patrick Lussier,2011,"Nicolas Cage, Amber Heard, William Fichtner, Billy Burke, David Morse, Todd Farmer, Christa Campbell, Charlotte Ross, Tom Atkins, Jack McGee",Action,DVD,tt1502404,
Drop Zone,John Badham,1994,"Wesley Snipes, Gary Busey, Yancy Butler, Michael Jeter, Corin Nemec, Kyle Secor, Luca Bercovici, Malcolm-Jamal Warner, Rex Linn, Grace Zabriskie",Action,DVD,tt0109676,
Drumline,Charles Stone III,2002,"Nick Cannon, Zoe Saldana, Orlando Jones, Leonard Roberts, GQ, Jason Weaver, Earl Poitier, Candace Carey, Shay Roundtree, Miguel A. Gaetan",Comedy,DVD,tt0303933,
Due Date,Todd Phillips,2010,"Robert Downey Jr., Zach Galifianakis, Michelle Monaghan, Jamie Foxx, Juliette Lewis, Danny McBride, RZA, Matt Walsh, Brody Stevens, Jakob Ulrich",Comedy,Blu-ray,tt1231583,
Dukes of Hazzard,Jay Chandrasekhar,2005,"Johnny Knoxville, Seann William Scott, Alice Greczyn, Steve Lemme, Michael Weston, Mitch Braswell, Michael Roof, Jessica Simpson, Rusty Tennant, Dolan Wilson",Action,DVD,tt0377818,
Dumb and Dumber,Peter Farrelly,1994,"Jim Carrey, Jeff Daniels, Lauren Holly, Mike Starr, Karen Duffy, Charles Rocket, Victoria Rowell, Joe Baker, Hank Brandt, Teri Garr",Adventure,DVD,tt0109686,
The Core,Jon Amiel,2003,"Christopher Shyer, Ray Galletti, Eileen Pedde, Rekha Sharma, Tom Scholte, Aaron Eckhart, Glenn Morshower, Anthony Harrison, Tchéky Karyo, Richard Jenkins",Action,VHS,tt0298814,
Cradle Will Rock,Tim Robbins,1999,"Hank Azaria, Rubén Blades, Joan Cusack, John Cusack, Cary Elwes, Philip Baker Hall, Cherry Jones, Angus MacFadyen, Bill Murray, Vanessa Redgrave",Drama,VHS,tt0150216,
Crazy Stupid Love,Glenn Ficarra,2011,"Steve Carell, Ryan Gosling, Julianne Moore, Emma Stone (III), Lio Tipton, Jonah Bobo, Joey King, Marisa Tomei, Beth Littleford, John Carroll Lynch",Comedy,DVD,tt1570728,
Crimson Tide,Tony Scott,1995,"Denzel Washington, Scott Grimes, Trevor St. John, Dennis Garber, Vanessa Bell Calloway, Brenden Jefferson, Ashley Calloway, Daniel von Bargen, Richard Valeriani, Warren Olney",Action,VHS,tt0112740,
Cruel Intentions,Roger Kumble,1999,"Sarah Michelle Gellar, Ryan Phillippe, Reese Witherspoon, Selma Blair, Louise Fletcher, Joshua Jackson, Eric Mabius, Sean Patrick Thomas, Swoosie Kurtz, Christine Baranski",Drama,VHS,tt0139134,
Dangerous Minds,John N. Smith,1995,"Asia Minor, Brandi Younger, Ebony Jerido, Mark Prince Edwards, Deshanda Carter, Roman Cisneros, Cynthia Avila, Gaura Vani Buchwald, Michael Archuleta, Ismael Archuleta",Crime,VHS,tt0112792,
Dante's Peak,Roger Donaldson,1997,"Pierce Brosnan, Linda Hamilton, Jamie Renée Smith, Jeremy Foley, Elizabeth Hoffman, Charles Hallahan, Grant Heslov, Kirk Trutner, Arabella Field, Tzi Ma",Action,VHS,tt0118928,
Dark City,Alex Proyas,1998,"Rufus Sewell, William Hurt, Kiefer Sutherland, Jennifer Connelly, Richard O'Brien, Ian Richardson, Bruce Spence, Colin Friels, John Bluthal, Mitchell Butel",Mystery,DVD,tt0118929,
Days of Thunder,Tony Scott,1990,"Tom Cruise, Robert Duvall, Nicole Kidman, Randy Quaid, Cary Elwes, Michael Rooker, Fred Dalton Thompson, John C. Reilly, J.C. Quinn, Caroline Williams",Action,VHS,tt0099371,
Daylight,Rob Cohen,1996,"Sylvester Stallone, Amy Brenneman, Viggo Mortensen, Dan Hedaya, Jay O. Sanders, Karen Young, Claire Bloom, Vanessa Bell Calloway, Renoly Santiago, Colin Fox",Action,VHS,tt0116040,
Dead Poets Society,Peter Weir,1989,"Robin Williams, Robert Sean Leonard, Ethan Hawke, Josh Charles, Gale Hansen, Dylan Kussman, Allelon Ruggiero, James Waterston, Norman Lloyd, Kurtwood Smith",Comedy,VHS,tt0097165,
Demolition Man,Marco Brambilla,1993,"Sylvester Stallone, Sandra Bullock, Nigel Hawthorne, Benjamin Bratt, Bob Gunton, Glenn Shadix, Denis Leary, Grand L. Bush, Pat Skipper, Steve Kahan",Action,VHS,tt0106697,
Die Hard,John McTiernan,1988,"Bruce Willis, Bonnie Bedelia, Reginald VelJohnson, Paul Gleason, De'voreaux White, William Atherton, Hart Bochner, James Shigeta, Alan Rickman, Alexander Godunov",Action,VHS,tt0095016,
Disturbing Behavior,David Nutter,1998,"Derek Hamilton, Dan Zukovic, Tygh Runyan, P.J. Prinsloo, Michelle Skalnik, Lalainia Lindbjerg, Chad Donella, Natassia Malthe, Crystal Cass, Chris Owens",Horror,VHS,tt0134619,
Dogma,Kevin Smith,1999,"Bud Cort, Barret Hackney, Jared Pfennigwerth, Kitao Sakurai, George Carlin, Brian O'Halloran, Betty Aberlin, Matt Damon, Ben Affleck, Dan Etheridge",Adventure,VHS,tt0120655,
DragonHeart,Rob Cohen,1996,"Dennis Quaid, David Thewlis, Pete Postlethwaite, Dina Meyer, Jason Isaacs, Brian Thompson, Lee Oakes, Wolf Christian, Terry O'Neill, Peter Hric",Action,VHS,tt0116136,
Crash,Paul Haggis,2004,"Karina Arroyave, Dato Bakhtadze, Sandra Bullock, Don Cheadle, Art Chudabala, Sean Cory Cooper, Tony Danza, Keith David, Loretta Devine, Matt Dillon",Crime,DVD,tt0375679,
Eagle Eye,D.J. Caruso,2008,"Shia LaBeouf, Michelle Monaghan, Rosario Dawson, Michael Chiklis, Anthony Mackie, Ethan Embry, Billy Bob Thornton, Anthony Azizi, Cameron Boyce, Lynn Cohen",Action,DVD,tt1059786,
Eastern Promises,David Cronenberg,2007,"Josef Altin, Mina E. Mina, Aleksandar Mikic, Sarah-Jeanne Labrosse, Lalita Ahmed, Badi Uzzaman, Naomi Watts, Doña Croll, Raza Jaffrey, Sinéad Cusack",Crime,DVD,tt0765443,
Easy A,Will Gluck,2010,"Emma Stone (III), Penn Badgley, Amanda Bynes, Dan Byrd, Thomas Haden Church, Patricia Clarkson, Cam Gigandet, Lisa Kudrow, Malcolm McDowell, Alyson Michalka",Comedy,DVD,tt1282140,
Edge of Tomorrow,Doug Liman,2014,"Tom Cruise, Emily Blunt, Brendan Gleeson, Bill Paxton, Jonas Armstrong, Tony Way, Kick Gurry, Franz Drameh, Dragomir Mrsic, Charlotte Riley",Action,DVD,tt1631867,
Edward Scissorhands,Tim Burton,1990,"Johnny Depp, Winona Ryder, Dianne Wiest, Anthony Michael Hall, Kathy Baker, Robert Oliveri, Conchata Ferrell, Caroline Aaron, Dick Anthony Williams, O-Lan Jones",Comedy,DVD,tt0099487,
Elysium,Neill Blomkamp,2013,"Matt Damon, Jodie Foster, Sharlto Copley, Alice Braga, Diego Luna, Wagner Moura, William Fichtner, Brandon Auret, Josh Blacker, Emma Tremblay",Action,DVD,tt1535108,
Empire Records,Allan Moyle,1995,"Anthony LaPaglia, Maxwell Caulfield, Debi Mazar, Rory Cochrane, Johnny Whitworth, Robin Tunney, Renée Zellweger, Ethan Embry, Coyote Shivers, Brendan Sexton III",Comedy,DVD,tt0112950,
Employee of The Month,Mitch Rouse,2004,"Matt Dillon, Steve Zahn, Christina Applegate, Andrea Bendewald, Jay Leggett, David Pasquesi, Peter Jason, Paul Dooley, Noel Gugliemi, Dave Foley",Comedy,DVD,tt0362590,
The Equalizer,Antoine Fuqua,2014,"Denzel Washington, Marton Csokas, Chloë Grace Moretz, David Harbour, Haley Bennett, Bill Pullman, Melissa Leo, David Meunier, Johnny Skourtis, Alex Veadov",Action,Blu-ray,tt0455944,
Escape Plan,Mikael Håfström,2013,"Sylvester Stallone, Arnold Schwarzenegger, Jim Caviezel, Faran Tahir, Amy Ryan, Sam Neill, Vincent D'Onofrio, Vinnie Jones, Matt Gerald, 50 Cent",Action,Blu-ray,tt1211956,
Ever After,Andy Tennant,1998,"Drew Barrymore, Anjelica Huston, Dougray Scott, Patrick Godfrey, Megan Dodds, Melanie Lynskey, Timothy West, Judy Parfitt, Jeroen Krabbé, Lee Ingleby",Comedy,DVD,tt0120631,
Everything Is Illuminated,Liev Schreiber,2005,"Eugene Hutz, Elijah Wood, Jonathan Safran Foer, Jana Hrabetova, Stephen Samudovsky, Ljubomir Dezera, Oleksandr Choroshko, Gil Kazimirov, Zuzana Hodkova, Mikki",Adventure,DVD,tt0404030,
Evolution,Ivan Reitman,2001,"David Duchovny, Julianne Moore, Orlando Jones, Seann William Scott, Ted Levine, Ethan Suplee, Michael Bower, Pat Kilbane, Ty Burrell, Dan Aykroyd",Comedy,DVD,tt0251075,
The Exorcism of Emily Rose,Scott Derrickson,2005,"Laura Linney, Tom Wilkinson, Campbell Scott, Jennifer Carpenter, Colm Feore, Joshua Close, Kenneth Welsh, Duncan Fraser, JR Bourne, Mary Beth Hurt",Horror,DVD,tt0404032,
The Expendables,Sylvester Stallone,2010,"Jason Statham, Jet Li, Dolph Lundgren, Eric Roberts, Randy Couture, Steve Austin (IV), David Zayas, Giselle Itié, Charisma Carpenter, Dave Callaham",Action,DVD,tt1320253,
The Expendables 2,Simon West,2012,"Sylvester Stallone, Jason Statham, Jet Li, Dolph Lundgren, Chuck Norris, Jean-Claude Van Damme, Bruce Willis, Arnold Schwarzenegger, Terry Crews, Randy Couture",Action,Blu-ray,tt1764651,
Extreme Ops,Christian Duguay,2002,"Devon Sawa, Bridgette Wilson, Rupert Graves, Rufus Sewell, Heino Ferch, Joe Absolom, Jana Pallaske, Jean-Pierre Castaldi, Liliana Komorowska, Klaus Löwitsch",Action,DVD,tt0283160,
The Expendables 3,Patrick Hughes,2014,"Harry Anichkin, Kelsey Grammer, Terry Crews, Ronda Rousey, Sylvester Stallone, Velizar Binev, Robert Davi, Harrison Ford, Dolph Lundgren, Nikolay Stanoev",Action,Blu-ray,tt2333784,
Ender's Game,Gavin Hood,2013,"Asa Butterfield, Harrison Ford, Hailee Steinfeld, Abigail Breslin, Ben Kingsley, Viola Davis, Aramis Knight, Suraj Partha, Moises Arias, Khylin Rhambo",Action,DVD,tt1731141,
The Edge,Lee Tamahori,1997,"Anthony Hopkins, Alec Baldwin, Elle MacPherson, Harold Perrineau, Bart the Bear, L.Q. Jones, Kathleen Wilhoite, David Lindstedt, Mark Kiely, Eli Gabay",Action,VHS,tt0119051,
End of Days,Peter Hyams,1999,"Arnold Schwarzenegger, Gabriel Byrne, Robin Tunney, Kevin Pollak, CCH Pounder, Derrick O'Connor, David Weisenberg, Rainer Judd, Miriam Margolyes, Udo Kier",Action,VHS,tt0146675,
Enough,Michael Apted,2002,"Jennifer Lopez, Billy Campbell, Tessa Allen, Juliette Lewis, Dan Futterman, Noah Wyle, Fred Ward, Christopher Maher, Janet Carroll, Bill Cobbs",Action,VHS,tt0278435,
Faces in the Crowd,Julien Magnat,2011,"Milla Jovovich, Julian McMahon, David Atrakchi, Michael Shanks, Marianne Faithfull, Sarah Wayne Callies, Valentina Vargas, Apollonia Vanova, Nels Lennarson, Chris Kalhoon",Crime,DVD,tt1536410,
Fame,Kevin Tancharoen,2009,"Kay Panabaker, Walter Perez, Naturi Naughton, Asher Monroe, Kherington Payne, Collins Pennie, Kristy Flores, Paul McGill, Bebe Neuwirth, Paul Iacono",Drama,DVD,tt1016075,
The Family Man,Brett Ratner,2000,"Paul Keith, Téa Leoni, Don Cheadle, Ken Leung, Nicolas Cage, Jeremy Piven, Harve Presnell, Irene Roseen, Gianni Russo, Nick Taylor",Comedy,DVD,tt0218967,
Fantastic 4,Tim Story,2005,"Ioan Gruffudd, Jessica Alba, Chris Evans, Michael Chiklis, Julian McMahon, Hamish Linklater, Kerry Washington, Laurie Holden, David Parker, Kevin McNulty",Action,Blu-ray,tt0120667,
Fantastic 4: Rise of the Silver Surfer,Tim Story,2007,"Ioan Gruffudd, Jessica Alba, Chris Evans, Michael Chiklis, Julian McMahon, Kerry Washington, Andre Braugher, Laurence Fishburne, Doug Jones, Beau Garrett",Action,Blu-ray,tt0486576,
Far and Away,Ron Howard,1992,"Tom Cruise, Nicole Kidman, Thomas Gibson, Robert Prosky, Barbara Babcock, Cyril Cusack, Eileen Pollock, Colm Meaney, Douglas Gillison, Michelle Johnson",Adventure,DVD,tt0104231,
The Fast And The Furious,Rob Cohen,2001,"Paul Walker, Vin Diesel, Michelle Rodriguez, Jordana Brewster, Rick Yune, Chad Lindberg, Johnny Strong, Matt Schulze, Ted Levine, Ja Rule",Action,Blu-ray,tt0232500,
2 Fast 2 Furious,John Singleton,2003,"Paul Walker, Tyrese Gibson, Eva Mendes, Cole Hauser, Ludacris, Thom Barry, James Remar, Devon Aoki, Amaury Nolasco, Michael Ealy",Action,Blu-ray,tt0322259,
The Fast and the Furious: Tokyo Drift,Justin Lin,2006,"Lucas Black, Damien Marzette, Trula M. Marcus, Zachery Ty Bryan, Brandon Brendel, Daniel Booko, David V. Thomas, Amber Stevens West, Ashika Gogna, Christian Salazar",Action,Blu-ray,tt0463985,
Fast & Furious,Justin Lin,2009,"Vin Diesel, Paul Walker, Jordana Brewster, Michelle Rodriguez, John Ortiz, Laz Alonso, Gal Gadot, Jack Conley, Shea Whigham, Liza Lapira",Action,Blu-ray,tt1013752,
Fast Five,Justin Lin,2011,"Vin Diesel, Paul Walker, Jordana Brewster, Dwayne Johnson, Tyrese Gibson, Ludacris, Matt Schulze, Sung Kang, Gal Gadot, Tego Calderon",Action,DVD,tt1596343,
Fast & Furious 6,Justin Lin,2013,"Lee Craven, Denis Khoroshko, Laz Alonso, Annalese Ferrari, Magda Rodriguez, Tyrese Gibson, Jason Thorpe, Andrei Zayats, Calvyn Desir, Leon Corbin",Action,DVD,tt1905041,
Furious 7,James Wan,2015,"Vin Diesel, Paul Walker, Jason Statham, Michelle Rodriguez, Jordana Brewster, Tyrese Gibson, Ludacris, Dwayne Johnson, Lucas Black, Kurt Russell",Action,DVD,tt2820852,
Faster,George Tillman Jr.,2010,"Dwayne Johnson, Mauricio Lopez, Jim Gaines, Tom Berenger, Jan Hoag, Courtney Gains, Billy Bob Thornton, Michael Irby, Josh Clark, Carla Gugino",Action,Blu-ray,tt1433108,
A Few Good Men,Rob Reiner,1992,"Tom Cruise, Jack Nicholson, Demi Moore, Kevin Bacon, Kevin Pollak, James Marshall, J.T. Walsh, Kiefer Sutherland, Geoffrey Nauffts, Arthur Senzy",Drama,Blu-ray,tt0104257,
Field of Dreams,Phil Alden Robinson,1989,"Kevin Costner, Amy Madigan, Gaby Hoffmann, Ray Liotta, Timothy Busfield, James Earl Jones, Larry Brandenburg, Mary McDonald Gershon, Robert Kurcz, Don John Ross",Drama,DVD,tt0097351,
Fight Club,David Fincher,1999,"Edward Norton, Brad Pitt, Meat Loaf, Zach Grenier, Richmond Arquette, David Andrews, George Maguire, Eugenie Bondurant, Christina Cabot, Helena Bonham Carter",Action,DVD,tt0137523,
The Fighter,David O. Russell,2010,"Mark Wahlberg, Christian Bale, Amy Adams, Melissa Leo, Mickey O'Keefe, Jack McGee, Melissa McMeekin, Bianca Hunter, Erica McDermott, Jill Quigg",Drama,DVD,tt0964517,
Fireproof,Alex Kendrick,2008,"Kirk Cameron, Erin Bethea, Ken Bevel, Blake Bailey, Anthony Brown, Walter Burnett, Bailey Cave, Janet Lee Dapper, Allison Dawson, Stephen Dervan",Drama,DVD,tt1129423,
Firewall,Richard Loncraine,2006,"Harrison Ford, Virginia Madsen, Carly Schroeder, Jimmy Bennett, Gail Ann Lewis, Mary Lynn Rajskub, Matthew Currie Holmes, Candus Churchill, David Lewis, Zahf Paroo",Crime,DVD,tt0408345,
First Knight,Jerry Zucker,1995,"Sean Connery, Richard Gere, Julia Ormond, Ben Cross, Liam Cunningham, Christopher Villiers, Valentine Pelka, Colin McCormack, Ralph Ineson, John Gielgud",Adventure,DVD,tt0113071,
The Five Heartbeats,Robert Townsend,1991,"Michael Wright, Leon, Harry Lennix, Tico Wells, Diahann Carroll, Harold Nicholas, Tressa Thomas, John Canada Terrell, Chuck Patterson",Drama,Blu-ray,tt0101891,
Flat Out,John Sjogren,1999,"Stewart Goddard, Marcello Del Giudice, Irina Roman, Christopher Frainza, Joe Estevez, Michael Madsen, Todd Bridges, Renee Thompson, Shawn Powell McWhorter, Gary Mosher",Drama,DVD,tt0208159,
Flight,Robert Zemeckis,2012,"Nadine Velazquez, Denzel Washington, Carter Cabassa, Adam C. Edwards, Tamara Tunie, Brian Geraghty, Kelly Reilly, conor o'neill, Charlie E. Schmidt, Will Sherrod",Drama,DVD,tt1907668,
Flight of the Phoenix,John Moore,2004,"Dennis Quaid, Giovanni Ribisi, Miranda Otto, Tony Curran, Sticky Fingaz, Jacob Vargas, Hugh Laurie, Scott Michael Campbell, Kevork Malikyan, Jared Padalecki",Action,DVD,tt0377062,
Flyboys,Tony Bill,2006,"James Franco, Scott Hazell, Mac McDonald, Philip Winchester, Todd Boyce, Michael Jibson, Karen Ford, Ruth Bradley, Abdul Salis, Tim Pigott-Smith",Action,DVD,tt0454824,
Focus,Glenn Ficarra,2015,"Will Smith, Margot Robbie, Adrian Martinez, Gerald McRaney, Rodrigo Santoro, BD Wong, Brennan Brown, Robert Taylor, Dotan Bonen, Griff Furst",Comedy,DVD,tt2381941,
Four Christmases,Seth Gordon,2008,"Vince Vaughn, Reese Witherspoon, Robert Duvall, Sissy Spacek, Jon Voight, Mary Steenburgen, Dwight Yoakam, Tim McGraw, Kristin Chenoweth, Katy Mixon",Comedy,DVD,tt0369436,
Footloose,Herbert Ross,1984,"Kevin Bacon, Lori Singer, John Lithgow, Dianne Wiest, Chris Penn, Sarah Jessica Parker, John Laughlin, Elizabeth Gorcey, Frances Lee McCain, Jim Youngs",Drama,DVD,tt0087277,
For Love of the Game,Sam Raimi,1999,"Kevin Costner, Kelly Preston, John C. Reilly, Jena Malone, Brian Cox, Addie Daddio, J.K. Simmons, Vin Scully, Steve Lyons, Carmine Giovinazzo",Drama,DVD,tt0126916,
The Forger,Philip Martin,2014,"John Travolta, Christopher Plummer, Tye Sheridan, Abigail Spencer, Anson Mount, Marcus Thomas, Jennifer Ehle, Travis Aaron Wade, Lyndon Smith, Julio Oscar Mechoso",Crime,DVD,tt2376218,
The Forsaken,J.S. Cardone,2001,"Kerr Smith, Brendan Fehr, Izabella Miko, Johnathon Schaech, Phina Oruche, Simon Rex, Carrie Snodgress, Alexis Thorpe, F.J. Flynn, Beth Ann Styne",Horror,DVD,tt0245120,
Fracture,Gregory Hoblit,2007,"Anthony Hopkins, Ryan Gosling, David Strathairn, Rosamund Pike, Embeth Davidtz, Billy Burke, Cliff Curtis, Fiona Shaw, Bob Gunton, Josh Stamberg",Crime,DVD,tt0488120,
Friday,F. Gary Gray,1995,"Ice Cube, Chris Tucker, Nia Long, Tommy 'Tiny' Lister, John Witherspoon, Anna Maria Horsford, Regina King, Paula Jai Parker, Faizon Love, DJ Pooh",Comedy,DVD,tt0113118,
Friday Night Lights,Peter Berg,2004,"Lucas Black, Mark Nutter, Mark Donaldson, Ken Farmer, Billy Melvin Thomas, Brad Leland, Kippy Brown, C. Anthony 'Charles' Jackson, Gavin Grazer, Billy Bob Thornton",Action,DVD,tt0390022,
Fun with Dick and Jane,Dean Parisot,2005,"Jim Carrey, Téa Leoni, Alec Baldwin, Richard Jenkins, Angie Harmon, John Michael Higgins, Richard Burgi, Carlos Jacott, Aaron Michael Drozin, Gloria Garayua",Comedy,DVD,tt0369441,
Gabriel Iglesias: I'm Not Fat... I'm Fluffy,Manny Rodriguez,2009,Gabriel Iglesias,Comedy,DVD,tt1554966,
Galaxy Quest,Dean Parisot,1999,"Tim Allen, Sigourney Weaver, Alan Rickman, Tony Shalhoub, Sam Rockwell, Daryl Mitchell, Enrico Colantoni, Robin Sachs, Patrick Breen, Missi Pyle",Action,DVD,tt0177789,
Gangs Of New York,Martin Scorsese,2002,"Leonardo DiCaprio, Daniel Day-Lewis, Cameron Diaz, John C. Reilly, Henry Thomas, Liam Neeson, Brendan Gleeson, Gary Lewis, Stephen Graham, Eddie Marsan",Crime,DVD,tt0217505,
Gangster Squad,Ruben Fleischer,2013,"Sean Penn, Holt McCallany, Wade Williams, James Landry Hébert, Ambyr Childers, Josh Brolin, Mick Betancourt, Mac Brandt, Brandon Molale, Michael Papajohn",Crime,DVD,tt1321870,
Gattaca,Andrew Niccol,1997,"Ethan Hawke, Uma Thurman, Gore Vidal, Xander Berkeley, Jayne Brook, Elias Koteas, Maya Rudolph, Una Damon, Elizabeth Dennehy, Blair Underwood",Science-Fiction,Blu-ray,tt0119177,
Ghost,Jerry Zucker,1990,"Patrick Swayze, Demi Moore, Whoopi Goldberg, Tony Goldwyn, Stanley Lawrence, Christopher J. Keene, Susan Breslau, Martina Deignan, Rick Kleber, Macka Foley",Comedy,DVD,tt0099653,
Ghostbusters 2,Ivan Reitman,1989,"Bill Murray, Dan Aykroyd, Sigourney Weaver, Harold Ramis, Rick Moranis, Ernie Hudson, Annie Potts, Peter MacNicol, Harris Yulin, David Margulies",Action,DVD,tt0097428,
Ghost Ship,Steve Beck,2002,"Gabriel Byrne, Julianna Margulies, Ron Eldard, Desmond Harrington, Isaiah Washington, Alex Dimitriades, Karl Urban, Emily Browning, Francesca Rettondini, Boris Brkic",Horror,DVD,tt0288477,
Ghosts of Girlfriends Past,Mark Waters,2009,"Matthew McConaughey, Jennifer Garner, Michael Douglas, Emma Stone (III), Breckin Meyer, Lacey Chabert, Robert Forster, Anne Archer, Daniel Sunjata, Noureen DeWulf",Comedy,DVD,tt0821640,
G.I. Jane,Ridley Scott,1997,"Demi Moore, Viggo Mortensen, Anne Bancroft, Jason Beghe, Daniel von Bargen, John Michael Higgins, Kevin Gage, David Warshofsky, David Vadim, Morris Chestnut",Action,DVD,tt0119173,
G.I. Joe: The Rise of Cobra,Stephen Sommers,2009,"Adewale Akinnuoye-Agbaje, Christopher Eccleston, Joseph Gordon-Levitt, Byung-hun Lee, Sienna Miller, Rachel Nichols, Jonathan Pryce, Saïd Taghmaoui, Channing Tatum, Ray Park",Action,DVD,tt1046173,
G.I. Joe: Retaliation,Jon M. Chu,2013,"Dwayne Johnson, Jonathan Pryce, Byung-hun Lee, Elodie Yung, Ray Stevenson, D.J. Cotrona, Adrianne Palicki, Channing Tatum, Ray Park, Luke Bracey",Action,DVD,tt1583421,
God's Not Dead,,2014,"Willie Robertson, David A.R. White, Shane Harper, Kevin Sorbo, Korie Robertson, Marco Khan, Alex Aristidis, Lisa Arnold, Lenore Banks, Tommy Blaze",Drama,DVD,tt2528814,no director
God's Not Dead 2,,2016,"Maria Canals-Barrera, Pat Boone, Robin Givens, Melissa Joan Hart, Brad Heller, Ernie Hudson, Paul Kwo, Trisha LaFache, Jon Lindstrom, Jesse Metcalfe",Drama,DVD,tt4824308,no director
Godzilla,Gareth Edwards,2014,"Aaron Taylor-Johnson, CJ Adams, Ken Watanabe, Bryan Cranston, Elizabeth Olsen, Carson Bolde, Sally Hawkins, Juliette Binoche, David Strathairn, Richard T. Jones",Action,DVD,tt0831387,
Godzilla,Roland Emmerich,1998,"Kevin Dunn, Glenn Morshower, Chris Ellis, Jamison Yang, Matthew Broderick, Jean Reno, Maria Pitillo, Hank Azaria, Michael Lerner, Eric Saiet",Action,DVD,tt0120685,
Gone in 60 Seconds,H.B. Halicki,1974,"Marion Busia, Jerry Daugirda, James McIntyre, George Cole, Ronald Halicki, Markos Kotsikos, Butch Stockton, Phil Woods, J.C. Agajanian Jr., Scott Lloyd-Davies",Action,DVD,tt0071571,
Gone in 60 Seconds,Dominic Sena,2000,"Nicolas Cage, Giovanni Ribisi, Angelina Jolie, T.J. Cross, William Lee Scott, Scott Caan, James Duval, Will Patton, Delroy Lindo, Timothy Olyphant",Action,Blu-ray,tt0187078,
The Green Mile,Frank Darabont,1999,"Tom Hanks, David Morse, Bonnie Hunt, Michael Clarke Duncan, James Cromwell, Michael Jeter, Graham Greene, Doug Hutchison, Sam Rockwell, Barry Pepper",Crime,DVD,tt0120689,
Green Zone,Paul Greengrass,2010,"Igal Naor, Said Faraj, Faycal Attougui, Aymen Hamdouchi, Matt Damon, Nicoye Banks, Jerry Della Salla, Sean Huze, Michael J. Dwyer, Edouard H.R. Gluck",Action,Blu-ray,tt0947810,
Gremlins,Joe Dante,1984,"Hoyt Axton, John Louie, Keye Luke, Don Steele, Susan Burgess, Scott Brady, Arnie Moore, Corey Feldman, Harry Carey Jr., Zach Galligan",Comedy,DVD,tt0087363,
Grosse Pointe Blank,George Armitage,1997,"John Cusack, Minnie Driver, Alan Arkin, Dan Aykroyd, Joan Cusack, Hank Azaria, K. Todd Freeman, Jeremy Piven, Mitch Ryan, Michael Cudlitz",Comedy,DVD,tt0119229,
Groundhog Day,Harold Ramis,1993,"Bill Murray, Andie MacDowell, Chris Elliott, Stephen Tobolowsky, Brian Doyle-Murray, Marita Geraghty, Angela Paton, Rick Ducommun, Rick Overton, Robin Duke",Comedy,DVD,tt0107048,
Grumpy Old Men,Donald Petrie,1993,"Jack Lemmon, Walter Matthau, Ann-Margret, Burgess Meredith, Daryl Hannah, Kevin Pollak, Ossie Davis, Buck Henry, Christopher McDonald, Steve Cochran",Comedy,DVD,tt0107050,
Guardians of the Galaxy,James Gunn,2014,"Chris Pratt, Zoe Saldaña, Dave Bautista, Vin Diesel, Bradley Cooper, Lee Pace, Michael Rooker, Karen Gillan, Djimon Hounsou, John C. Reilly",Action,Blu-ray,tt2015381,
Guess Who,Kevin Rodney Sullivan,2005,"Bernie Mac, Ashton Kutcher, Zoe Saldana, Judith Scott, Hal Williams, Kellee Stewart, Robert Curtis Brown, RonReaco Lee, Paula Newsome, Phil Reeves",Comedy,DVD,tt0372237,
Face/Off,John Woo,1997,"Gregg Shawzin, Thomas Jane, Tony Boldi, Dana Smith, Colm Feore, Tommy Flanagan, Laurence Walsh, Marco Kyris, CCH Pounder, Jacinto Rodriguez",Action,VHS,tt0119094,
Facing the Giants,Alex Kendrick,2006,"James Blackwell, Bailey Cave, Shannen Fields, Tracy Goode, Tommy McBride, Jason McLeod, Mark Richt, Steve Williams, Chris Willis",Drama,VHS,tt0805526,
Flatliners,Joel Schumacher,1990,"Kiefer Sutherland, Julia Roberts, Kevin Bacon, William Baldwin, Oliver Platt, Kimberly Scott, Joshua Rudoy, Benjamin Mouton, Aeryk Egan, Kesha Reed",Drama,VHS,tt0099582,
Flight of the Navigator,Randal Kleiser,1986,"Joey Cramer, Kenneth Ian Davis, Bruce Lake, Arnie Ross, Fritz Brauner, Tim Blaney, Tony Urbano, Rusty Pouch, Bob Barker, Michael Strano",Adventure,VHS,tt0091059,
Forrest Gump,Robert Zemeckis,1994,"Tom Hanks, Rebecca Williams, Sally Field, Michael Conner Humphreys, Harold G. Herthum, George Kelly, Bob Penny, John Randall, Sam Anderson, Margo Moorer",Drama,VHS,tt0109830,
The General's Daughter,Simon West,1999,"John Travolta, Madeleine Stowe, James Cromwell, Timothy Hutton, Leslie Stefanson, Daniel von Bargen, Clarence Williams III, James Woods, Peter Weireter, Mark Boone Junior",Action,VHS,tt0144214,
Ghostbusters,Ivan Reitman,1984,"Bill Murray, Dan Aykroyd, Sigourney Weaver, Harold Ramis, Rick Moranis, Annie Potts, William Atherton, Ernie Hudson, David Margulies, Steven Tash",Action,VHS,tt0087332,
Gone Girl,David Fincher,2014,"Ben Affleck, Rosamund Pike, Neil Patrick Harris, Tyler Perry, Carrie Coon, Kim Dickens, Patrick Fugit, David Clennon, Lisa Banes, Missi Pyle",Drama,DVD,tt2267998,
Good Will Hunting,Gus Van Sant,1997,"Matt Damon, Ben Affleck, Stellan Skarsgård, John Mighton, Rachel Majorowski, Colleen McCauley, Casey Affleck, Cole Hauser, Matt Mercier, Ralph St. George",Drama,VHS,tt0119217,
The Guardian,Andrew Davis,2006,"Joshua Mitcheltree, Ashton Kutcher, John Heard, Henry Kingi Jr., Tony Snegoff, Michael Rady, Jacob Stevens, Nevada Smith, Dodie Brown, Melissa Sagemiller",Action,VHS,tt0406816,
Hearts in Atlantis,Scott Hicks,2001,"Joe T. Blankenship, Brett Fleisher, Joel F. Haberli, Evan Moses, David Rivitz, Joseph M. West Jr., Anthony Hopkins, Sean Edwards, Robert V. Maine, Mickey Leon McBride",Drama,VHS,tt0252501,
Heist,David Mamet,2001,"Gene Hackman, Danny DeVito, Delroy Lindo, Sam Rockwell, Rebecca Pidgeon, Ricky Jay, Patti LuPone, Alan Bilzerian, Richard L. Friedman, Robert Lussier",Action,VHS,tt0252503,
Hollow Man,Paul Verhoeven,2000,"Elisabeth Shue, Kevin Bacon, Josh Brolin, Kim Dickens, Greg Grunberg, Joey Slotnick, Mary Randle, William Devane, Rhona Mitra, Pablo Espinosa",Horror,VHS,tt0164052,
Hollywood Homicide,Ron Shelton,2003,"Christopher Wiehl, Kathi Copeland, Shalena Hughes, Manny Suárez, Malakai Davidson, Dennis Burkley, Victor Togunde, K.D. Aubert, Frankie J. Allison, Elvira Jimenez",Action,VHS,tt0329717,
"Honey, I Shrunk the Kids",Joe Johnston,1989,"Rick Moranis, Matt Frewer, Marcia Strassman, Kristine Sutherland, Thomas Wilson Brown, Jared Rushton, Amy O'Neill, Robert Oliveri, Carl Steven, Mark L. Taylor",Comedy,VHS,tt0097523,
Identity,James Mangold,2003,"John Cusack, Ray Liotta, Amanda Peet, John Hawkes, Alfred Molina, Clea DuVall, John C. McGinley, William Lee Scott, Jake Busey, Pruitt Taylor Vince",Suspense/Thriller,VHS,tt0309698,
I Love Trouble,Charles Shyer,1994,"Nick Nolte, Julia Roberts, Saul Rubinek, James Rebhorn, Robert Loggia, Kelly Rutherford, Olympia Dukakis, Marsha Mason, Eugene Levy, Charles Martin Smith",Action,VHS,tt0110093,
"In-Laws, The",Andrew Fleming,2003,"Michael Douglas, Michael Bodnar, Vladimir Radian, Robin Tunney, Albert Brooks, Boyd Banks, Susan Aceron, Lindsay Sloane, Maria Ricossa, Ryan Reynolds",Comedy,VHS,tt0314786,
In & Out,Frank Oz,1997,"Kevin Kline, Tom Selleck, Joan Cusack, Bruce Bennetts, Michael McGruther, Nesbitt Blaisdell, Grace DeSena, Glenn Close, Charles Dumas, Joanne DiMauro",Comedy,VHS,tt0119360,
Raiders of the Lost Ark,Steven Spielberg,1981,"Harrison Ford, Karen Allen, Paul Freeman, Ronald Lacey, John Rhys-Davies, Denholm Elliott, Alfred Molina, Wolf Kahler, Anthony Higgins, Vic Tablian",Action,VHS,tt0082971,
Indiana Jones and the Temple of Doom,Steven Spielberg,1984,"Harrison Ford, Kate Capshaw, Ke Huy Quan, Amrish Puri, Roshan Seth, Philip Stone, Roy Chiao, David Yip, Ric Young, Chua Kah Joo",Action,VHS,tt0087469,
Indiana Jones and the Last Crusade,Steven Spielberg,1989,"Harrison Ford, Sean Connery, Denholm Elliott, Alison Doody, John Rhys-Davies, Julian Glover, River Phoenix, Michael Byrne, Kevork Malikyan, Robert Eddison",Action,VHS,tt0097576,
In the Bedroom,Todd Field,2001,"Tom Wilkinson, Sissy Spacek, Nick Stahl, Marisa Tomei, William Mapother, William Wise, Celia Weston, Karen Allen, Frank T. Wells, W. Clapham Murray",Drama,VHS,tt0247425,
Invaders from Mars,Tobe Hooper,1986,"Karen Black, Hunter Carson, Timothy Bottoms, Laraine Newman, James Karen, Bud Cort, Louise Fletcher, Eric Pierpoint, Christopher Allport, Donald Hotton",Horror,VHS,tt0091276,
The Italian Job,F. Gary Gray,2003,"Mark Wahlberg, Charlize Theron, Donald Sutherland, Jason Statham, Seth Green, Yasiin Bey, Edward Norton, Fausto Callegarini, Stefano Petronelli, Fabio Scarpa",Action,VHS,tt0317740,
Half Light,Craig Rosenberg,2006,"Demi Moore, Henry Ian Cusick, Beans El-Balawi, Kate Isitt, Nicholas Gleaves, James Cosmo, Joanna Hole, Therese Bradley, Hans Matheson, Mickey Wilson",Drama,DVD,tt0412798,
Halloween H20: Twenty Years Later,Steve Miner,1998,"Jamie Lee Curtis, Adam Arkin, Michelle Williams, Adam Hann-Byrd, Jodi Lyn O'Keefe, Janet Leigh, Josh Hartnett, LL Cool J, Joseph Gordon-Levitt, Branden Williams",Horror,DVD,tt0120694,
Hancock,Peter Berg,2008,"Will Smith, Charlize Theron, Jason Bateman, Jae Head, Eddie Marsan, David Mattey, Maetrix Fitten, Thomas Lennon, Johnny Galecki, Hayley Marie Norman",Action,DVD,tt0448157,
Hansel & Gretel: Witch Hunters,Tommy Wirkola,2013,"Jeremy Renner, Gemma Arterton, Famke Janssen, Pihla Viitala, Derek Mears, Robin Atkin Downes, Ingrid Bolsø Berdal, Joanna Kulig, Thomas Mann, Peter Stormare",Action,DVD,tt1428538,
Hardball,Brian Robbins,2001,"Keanu Reeves, Diane Lane, John Hawkes, Bryan Hearne, Julian Griffith, Michael B. Jordan, A. Delon Ellis Jr., Kristopher Lofton, Michael Perkins, Brian M. Reed",Drama,DVD,tt0180734,
The Haunting in Connecticut,Peter Cornwell,2009,"Virginia Madsen, Kyle Gallner, Elias Koteas, Amanda Crew, Martin Donovan, Sophi Knight, Ty Wood, Erik J. Berg, John Bluethner, D.W. Brown",Drama,Blu-ray,tt0492044,
The Heat,Paul Feig,2013,"Sandra Bullock, Melissa McCarthy, Demián Bichir, Marlon Wayans, Michael Rapaport, Jane Curtin, Spoken Reasons, Dan Bakkedahl, Taran Killam, Michael McDonald",Action,Blu-ray,tt2404463,
Heathers,Michael Lehmann,1989,"Winona Ryder, Christian Slater, Shannen Doherty, Lisanne Falk, Kim Walker, Penelope Milford, Glenn Shadix, Lance Fenton, Patrick Labyorteaux, Jeremy Applegate",Comedy,DVD,tt0097493,
Hellboy,Guillermo del Toro,2004,"Ron Perlman, John Hurt, Selma Blair, Rupert Evans, Karel Roden, Jeffrey Tambor, Doug Jones, Brian Steele, Ladislav Beran, Biddy Hodson",Action,DVD,tt0167190,
Hellboy II: The Golden Army,Guillermo del Toro,2008,"Ron Perlman, Selma Blair, Doug Jones, John Alexander, James Dodd, Seth MacFarlane, Luke Goss, Anna Walton, Jeffrey Tambor, John Hurt",Action,DVD,tt0411477,
The Help,Tate Taylor,2011,"Emma Stone (III), Viola Davis, Bryce Dallas Howard, Octavia Spencer, Jessica Chastain, Ahna O'Reilly, Allison Janney, Anna Camp, Eleanor Henry, Emma Henry",Drama,DVD,tt1454029,
Hero,Yimou Zhang,2002,"Jet Li, Tony Leung Chiu Wai, Maggie Cheung, Ziyi Zhang, Daoming Chen, Donnie Yen, Liu Zhong Yuan, Zheng Tia Yong, Yan Qin, Chang Xiao Yang",Action,DVD,tt0299977,
Hidalgo,Joe Johnston,2004,"Viggo Mortensen, Zuleikha Robinson, Omar Sharif, Louise Lombard, Adam Alexi-Malle, Saïd Taghmaoui, Silas Carson, Harsh Nayyar, J.K. Simmons, Adoni Maropis",Adventure,DVD,tt0317648,
Hitch,Andy Tennant,2005,"Will Smith, Eva Mendes, Kevin James, Amber Valletta, Julie Ann Emery, Adam Arkin, Robinne Lee, Nathan Lee Graham, Michael Rapaport, Jeffrey Donovan",Comedy,DVD,tt0386588,
Hitman,Xavier Gens,2007,"Timothy Olyphant, Dougray Scott, Olga Kurylenko, Robert Knepper, Ulrich Thomsen, Henry Ian Cusick, Michael Offei, Christian Erickson, Eriq Ebouaney, Joe Sheridan",Action,DVD,tt0465494,
"Holiday, The",Nancy Meyers,2006,"Cameron Diaz, Kate Winslet, Jude Law, Jack Black, Eli Wallach, Edward Burns, Rufus Sewell, Miffy Englefield, Emma Pritchard, Sarah Parish",Comedy,DVD,tt0457939,
Holes,Andrew Davis,2003,"Sigourney Weaver, Jon Voight, Tim Blake Nelson, Shia LaBeouf, Khleo Thomas, Jake M. Smith, Byron Cotton, Brenden Jefferson, Miguel Castro, Max Kasch",Adventure,DVD,tt0311289,
House of Wax,Jaume Collet-Serra,2005,"Elisha Cuthbert, Chad Michael Murray, Brian Van Holt, Paris Hilton, Jared Padalecki, Jon Abrahams, Robert Ri'chard, Dragicia Debert, Thomas Adamson, Murray Smith",Horror,DVD,tt0397065,
How Stella Got Her Groove Back,Kevin Rodney Sullivan,1998,"Angela Bassett, Taye Diggs, Whoopi Goldberg, Regina King, Suzzanne Douglass, Michael J. Pagan, Sicily, Richard Lawson, Barry Shabaka Henley, Lee Weaver",Romance,DVD,tt0120703,
The Incredible Hulk,Louis Leterrier,2008,"Edward Norton, Liv Tyler, Tim Roth, William Hurt, Tim Blake Nelson, Ty Burrell, Christina Cabot, Peter Mensah, Lou Ferrigno, Paul Soles",Action,DVD,tt0800080,
Hulk,Ang Lee,2003,"Eric Bana, Jennifer Connelly, Sam Elliott, Josh Lucas, Nick Nolte, Paul Kersey, Cara Buono, Todd Tesen, Kevin Rankin, Celia Weston",Action,DVD,tt0286716,
The Hunger Games,Gary Ross,2012,"Stanley Tucci, Wes Bentley, Jennifer Lawrence, Willow Shields, Liam Hemsworth, Elizabeth Banks, Sandra Ellis Lafferty, Paula Malcomson, Rhoda Griffis, Sandino Moya",Action,DVD,tt1392170,
The Hunger Games: Catching Fire,Francis Lawrence (II),2013,"Jennifer Lawrence, Liam Hemsworth, Jack Quaid, Taylor St. Clair, Sandra Ellis Lafferty, Woody Harrelson, Josh Hutcherson, Paula Malcomson, Willow Shields, Donald Sutherland",Action,Blu-ray,tt1951264,
The Hunger Games: Mockingjay Part 1,Francis Lawrence (II),2014,"Jennifer Lawrence, Josh Hutcherson, Liam Hemsworth, Woody Harrelson, Donald Sutherland, Philip Seymour Hoffman, Julianne Moore, Willow Shields, Sam Claflin, Elizabeth Banks",Adventure,DVD,tt1951265,
The Hunger Games: Mockingjay - Part 2,Francis Lawrence (II),2015,"Jennifer Lawrence, Josh Hutcherson, Liam Hemsworth, Woody Harrelson, Donald Sutherland, Philip Seymour Hoffman, Julianne Moore, Willow Shields, Sam Claflin, Elizabeth Banks",Adventure,Blu-ray,tt1951266,
The Hurt Locker,Kathryn Bigelow,2008,"Jerry Fortuna, Anas Wellman, Anthony Mackie, Kristoffer Ryan Winters, Sam Spruell, Christopher Sayegh, David Gueriera, Michael Desante, Ralph Fiennes, Nabil Koni",Action,DVD,tt0887912,
I Am Legend,Francis Lawrence (II),2007,"Hollie K. Seidel, Hannah Sim, Eric Spear, Mark Steger, Charlie Sutton, David Hamilton Thomson, Anthony Vincent, Greg Wattkis, Emma Thompson, Will Smith",Action,DVD,tt0480249,
I Am Number Four,D.J. Caruso,2011,"Alex Pettyfer, Timothy Olyphant, Teresa Palmer, Dianna Agron, Callan McAuliffe, Kevin Durand, Jake Abel, Jeff Hochendoner, Patrick Sebes, Greg Townley",Action,DVD,tt1464540,
The Ice Storm,Ang Lee,1997,"Kevin Kline, Joan Allen, Sigourney Weaver, Henry Czerny, Tobey Maguire, Christina Ricci, Elijah Wood, Adam Hann-Byrd, David Krumholtz, Jamey Sheridan",Drama,DVD,tt0119349,
Identity Thief,Seth Gordon,2013,"Jason Bateman, Melissa McCarthy, Jon Favreau, Amanda Peet, Tip 'T.I.' Harris, Genesis Rodriguez, Morris Chestnut, John Cho, Robert Patrick, Eric Stonestreet",Comedy,Blu-ray,tt2024432,
The Illusionist,Neil Burger,2006,"Edward Norton, Paul Giamatti, Jessica Biel, Rufus Sewell, Eddie Marsan, Jake Wood, Tom Fischer, Aaron Johnson, Eleanor Tomlinson, Karl Johnson",Drama,DVD,tt0443543,
The Incredibles,Brad Bird,2004,"Craig T. Nelson, Holly Hunter, Samuel L. Jackson, Jason Lee, Dominique Louis, Teddy Newton, Jean Sincere, Eli Fucile, Maeve Andrews, Wallace Shawn",Action,DVD,tt0317705,
Independence Day,Roland Emmerich,1996,"Will Smith, Bill Pullman, Jeff Goldblum, Mary McDonnell, Judd Hirsch, Robert Loggia, Randy Quaid, Margaret Colin, Vivica A. Fox, James Rebhorn",Action,DVD,tt0116629,
Independence Day: Resurgence,Roland Emmerich,2016,"Liam Hemsworth, Jeff Goldblum, Jessie T. Usher, Bill Pullman, Maika Monroe, Sela Ward, William Fichtner, Judd Hirsch, Brent Spiner, Patrick St. Esprit",Action,DVD,tt1628841,
Indiana Jones and the Kingdom of the Crystal Skull,Steven Spielberg,2008,"Harrison Ford, Cate Blanchett, Karen Allen, Shia LaBeouf, Ray Winstone, John Hurt, Jim Broadbent, Igor Zhizhikin, Dimitri Diatchenko, Ilia Volok",Action,DVD,tt0367882,
Inglourious Basterds,Quentin Tarantino,2009,"Brad Pitt, Mélanie Laurent, Christoph Waltz, Eli Roth, Michael Fassbender, Diane Kruger, Daniel Brühl, Til Schweiger, Gedeon Burkhard, Jacky Ido",Adventure,DVD,tt0361748,
Into The Storm,Steven Quale,2014,"Richard Armitage, Sarah Wayne Callies, Matt Walsh, Max Deacon, Nathan Kress, Alycia Debnam Carey, Arlen Escarpeta, Jeremy Sumpter, Lee Whittaker, Kyle Davis",Action,DVD,tt2106361,
Into Thin Air: Death on Everest,Robert Markowitz,1997,"Peter Horton, Christopher McDonald, Nathaniel Parker, Richard Jenkins, Tim Dutton, Akemi Otani, Peter J. Lucas, Long Nguyen, Jeff Perry, Ned Vaughn",Adventure,DVD,tt0118949,
Inside Man,Spike Lee,2006,"Denzel Washington, Clive Owen, Jodie Foster, Christopher Plummer, Willem Dafoe, Chiwetel Ejiofor, Carlos Andrés Gómez, Kim Director, James Ransone, Bernie Rachelle",Crime,DVD,tt0454848,
The Interpreter,Sydney Pollack,2005,"Nicole Kidman, Sean Penn, Catherine Keener, Jesper Christensen, Yvan Attal, Earl Cameron, George Harris, Michael Wright, Clyde Kusatsu, Eric Keenleyside",Crime,DVD,tt0373926,
Interstellar,Christopher Nolan,2014,"Flora Nolan, Leah Cairns, Michael Caine, Bill Irwin, David Gyasi, Elyes Gabel, Josh Stewart, Jeff Hephner, Jessica Chastain, Liam Dickinson",Adventure,DVD,tt0816692,
In Time,Andrew Niccol,2011,"Cillian Murphy, Justin Timberlake, Amanda Seyfried, Shyloh Oostwald, Johnny Galecki, Colin McGurk, Olivia Wilde, Will Harris, Michael William Freeman, Jesse Lee Soffer",Action,DVD,tt1637688,
Into The Grizzly Maze,David Hackl,2014,"James Marsden, Piper Perabo, Billy Bob Thornton, Thomas Jane, Scott Glenn, Michaela McManus, Adam Beach, Luisa D'Oliveira, Sarah Desjardins, Patrick Sabongui",Action,DVD,tt1694021,
Invincible,Ericson Core,2006,"Mark Wahlberg, Greg Kinnear, Elizabeth Banks, Kevin Conway, Michael Rispoli, Kirk Acevedo, Dov Davidoff, Michael Kelly (V), Sal Darigo, Nicoye Banks",Drama,DVD,tt0445990,
"I, Robot",Alex Proyas,2004,"Will Smith, Bridget Moynahan, Alan Tudyk, James Cromwell, Bruce Greenwood, Adrian Ricard, Chi McBride, Jerry Wasserman, Fiona Hogan, Peter Shinkoda",Action,Blu-ray,tt0343818,
Iron Man,Jon Favreau,2008,"Robert Downey Jr., Terrence Howard, Jeff Bridges, Gwyneth Paltrow, Leslie Bibb, Shaun Toub, Faran Tahir, Clark Gregg, Bill Smitrovich, Sayed Badreya",Action,DVD,tt0371746,
Iron Man 2,Jon Favreau,2010,"Robert Downey Jr., Gwyneth Paltrow, Don Cheadle, Scarlett Johansson, Sam Rockwell, Mickey Rourke, Samuel L. Jackson, Clark Gregg, John Slattery, Garry Shandling",Action,Blu-ray,tt1228705,
Iron Man 3,Shane Black,2013,"Robert Downey Jr., Gwyneth Paltrow, Don Cheadle, Guy Pearce, Rebecca Hall, Jon Favreau, Ben Kingsley, James Badge Dale, Stephanie Szostak, Paul Bettany",Action,DVD,tt1300854,
The Island,Michael Bay,2005,"Ewan McGregor, Scarlett Johansson, Djimon Hounsou, Sean Bean, Steve Buscemi, Michael Clarke Duncan, Ethan Phillips, Brian Stepanek, Noa Tishby, Siobhan Flynn",Action,DVD,tt0399201,
It's Complicated,Nancy Meyers,2009,"Meryl Streep, Steve Martin, Alec Baldwin, John Krasinski, Lake Bell, Mary Kay Place, Rita Wilson, Alexandra Wentworth, Hunter Parrish, Zoe Kazan",Comedy,DVD,tt1230414,
The Man with the Iron Fists,RZA,2012,"Rick Yune, Russell Crowe, Lucy Liu, Dave Bautista, Jamie Chung, Cung Le, Byron Mann, Daniel Wu, Zhu Zhu, Eli Roth",Action,DVD,tt1258972,
Hannibal,Ridley Scott,2001,"Anthony Hopkins, Julianne Moore, Gary Oldman, Ray Liotta, Frankie Faison, Giancarlo Giannini, Francesca Neri, Zeljko Ivanek, Hazelle Goodman, David Andrews",Crime,VHS,tt0212985,
The Invisible,David S. Goyer,2007,"Maggie Ma, Justin Chatwin, Margarita Levieva, Marcia Gay Harden, Chris Marquette, Alex O'Loughlin, Callum Keith Rennie, Michelle Harrison, Ryan Kennedy, Andrew Francis",Drama,DVD,tt0435670,
Invictus,Clint Eastwood,2009,"Morgan Freeman, Matt Damon, Tony Kgoroge, Patrick Mofokeng, Matt Stern, Julian Lewis Jones, Adjoa Andoh, Marguerite Wheatley, Leleti Khumalo, Patrick Lyster",Drama,DVD,tt1057500,
Jacob's Ladder,Adrian Lyne,1990,"Tim Robbins, Elizabeth Peña, Danny Aiello, Matt Craven, Pruitt Taylor Vince, Jason Alexander, Patricia Kalember, Eriq La Salle, Ving Rhames, Brian Tarantina",Drama,VHS,tt0099871,
Jeff Foxworthy: Totally Committed,Keith Truesdell,1998,Jeff Foxworthy,Comedy,VHS,tt0233973,
You Might Be a Redneck If.../Check Your Neck,,2004,"Jeff Foxworthy, Allie Raye",,VHS,tt0803893,no director; no genre
Joe Versus the Volcano,John Patrick Shanley,1990,"Tom Hanks, Meg Ryan, Lloyd Bridges, Robert Stack, Abe Vigoda, Dan Hedaya, Barry McGovern, Amanda Plummer, Ossie Davis, Jayne Haynes",Comedy,VHS,tt0099892,
Just Cause,Arne Glimcher,1995,"Sean Connery, Laurence Fishburne, Kate Capshaw, Blair Underwood, Ed Harris, Christopher Murray, Ruby Dee, Scarlett Johansson, Daniel J. Travanti, Ned Beatty",Action,VHS,tt0113501,
K2,Franc Roddam,1991,"Michael Biehn, Matt Craven, Annie Grindlay, Elena Wohl, Blu Mankuma, Charles Oberman, Julia Nickson, Christopher M. Brown, Leslie Carlson, David Cubitt",Adventure,VHS,tt0102178,
The Karate Kid,John G. Avildsen,1984,"Ralph Macchio, Pat Morita, Elisabeth Shue, Martin Kove, Randee Heller, William Zabka, Ron Thomas, Rob Garrison, Chad McQueen, Tony O'Dell",Action,VHS,tt0087538,
Lincoln,Steven Spielberg,2012,"Daniel Day-Lewis, Sally Field, David Strathairn, Joseph Gordon-Levitt, James Spader, Hal Holbrook, Tommy Lee Jones, John Hawkes, Jackie Earle Haley, Bruce McGill",Drama,DVD,tt0443272,
The Lord of the Rings: The Fellowship of the Ring,Peter Jackson,2001,"Alan Howard, Elijah Wood, Noel Appleby, Sean Astin, Sala Baker, Sean Bean, Cate Blanchett, Orlando Bloom, Billy Boyd, Marton Csokas",Action,DVD,tt0120737,
Halloween II / Halloween III: Season of the Witch,,,,,DVD,tt0000000,no year; no director; no actors; no genre
The Skulls Trilogy,,,,,DVD,tt0000000,no year; no director; no actors; no genre
Halloween,Rob Zombie,2007,"Tyler Mane, Daeg Faerch, Sheri Moon Zombie, William Forsythe, Richard Lynch, Udo Kier, Clint Howard, Danny Trejo, Lew Temple, Tom Towles",Horror,DVD,tt0373883,
The Skulls,Rob Cohen,2000,"Joshua Jackson, Paul Walker, Hill Harper, Leslie Bibb, Christopher McDonald, Steve Harris, William Petersen, Craig T. Nelson, David Asman, Scott Gibson",Action,DVD,tt0192614,
The Skulls III,J. Miles Dale,2003,"Clare Kramer, Bryce Johnson, Barry Bostwick, Steve Braun, Karl Pruner, Dean McDermott, Maria del Mar, Len Cariou, Brooke D'Orsay, Shaun Sipos",Crime,DVD,tt0352851,
The Fifth Element,Luc Besson,1997,"Bruce Willis, Gary Oldman, Ian Holm, Milla Jovovich, Chris Tucker, Luke Perry, Brion James, Tommy 'Tiny' Lister, Lee Evans, Charlie Creed-Miles",Action,Blu-ray,tt0119116,
The Skulls II,Joe Chappelle,2002,"Sandi Ross, Robin Dunne, Nathan West, Ashley Tesoro, Lindy Booth, James Gallanders, Christopher Ralph, Aaron Ashmore, Andrew Gillies, Stephen Young",Suspense/Thriller,DVD,tt0278723,
The Crow,Alex Proyas,1994,"Brandon Lee, Rochelle Davis, Ernie Hudson, Michael Wincott, Ling Bai, Sofia Shinas, Anna Levine, David Patrick Kelly, Angel David, Laurence Mason",Action,Blu-ray,tt0109506,
AVP: Aliens Vs. Predator: Requiem,Colin Strause,2007,"Steven Pasquale, Reiko Aylesworth, John Ortiz, Johnny Lewis, Ariel Gade, Kristen Hager, Sam Trammell, Robert Joy, David Paetkau, Tom Woodruff Jr.",Action,DVD,tt0758730,
Blade,Stephen Norrington,1998,"Wesley Snipes, Stephen Dorff, Kris Kristofferson, N'Bushe Wright, Donal Logue, Udo Kier, Arly Jover, Traci Lords, Kevin Patrick Walls, Tim Guinee",Action,DVD,tt0120611,
Heat,Michael Mann,1995,"Al Pacino, Robert de Niro, Val Kilmer, Jon Voight, Tom Sizemore, Diane Venora, Amy Brenneman, Ashley Judd, Mykelti Williamson, Wes Studi",Action,DVD,tt0113277,
The Original Kings of Comedy,Spike Lee,2000,"Cedric The Entertainer, Bernie Mac, D.L. Hughley, Steve Harvey",Comedy,DVD,tt0236388,
Labyrinth,Jim Henson,1986,"David Bowie, Jennifer Connelly, Toby Froud, Shelley Thompson, Christopher Malcolm, Natalie Finland, Shari Weiser, Brian Henson, Ron Mueck, Rob Mills",Adventure,VHS,tt0091369,
The Last Castle,Rod Lurie,2001,"Robert Redford, James Gandolfini, Mark Ruffalo, Steve Burton, Delroy Lindo, Paul Calderon, Sam Ball, Jeremy Childs, Clifton Collins Jr., George W. Scott",Action,VHS,tt0272020,
The Last of the Mohicans,Michael Mann,1992,"Daniel Day-Lewis, Madeleine Stowe, Russell Means, Eric Schweig, Jodhi May, Steven Waddington, Wes Studi, Maurice Roëves, Patrice Chéreau, Edward Blatchford",Action,VHS,tt0104691,
Lean on Me,John G. Avildsen,1989,"Kisean Blount, Bruce Malmuth, Frank Firrito, Manuel Carneiro, Steve Adrianzen, Mushond Lee, Ahmed Best, Gwyn English Nielsen, Gloria Sauve, Morgan Freeman",Drama,VHS,tt0097722,
Liar Liar,Tom Shadyac,1997,"Jim Carrey, Maura Tierney, Justin Cooper, Cary Elwes, Anne Haney, Jennifer Tilly, Amanda Donohoe, Jason Bernard, Swoosie Kurtz, Mitch Ryan",Comedy,VHS,tt0119528,
Zombieland,Ruben Fleischer,2009,"Jesse Eisenberg, Woody Harrelson, Emma Stone, Abigail Breslin, Amber Heard, Bill Murray, Derek Graf, Cesar Aguirre, Jacob G. Akins, Hunter Aldridge",Comedy,DVD,tt1156398,
Life as a House,Irwin Winkler,2001,"Anne Betancourt, Barry Primus, Kim Delgado, John Pankow, Sam Robards, Sandra Nelson, Scott Bakula, Jamey Sheridan, Ian Somerhalder, Scotty Leavenworth",Drama,VHS,tt0264796,
Zodiac,David Fincher,2007,"Jake Gyllenhaal, Anthony Edwards, Robert Downey Jr., Brian Cox, John Carroll Lynch, Richmond Arquette, Bob Stephenson, John Lacy, Chloë Sevigny, Ed Setrakian",Crime,DVD,tt0443706,
The Lost Boys,Joel Schumacher,1987,"Jason Patric, Corey Haim, Dianne Wiest, Barnard Hughes, Edward Herrmann, Kiefer Sutherland, Jami Gertz, Corey Feldman, Jamison Newlander, Brooke McCarter",Comedy,VHS,tt0093437,
X-Men,Bryan Singer,2000,"Hugh Jackman, Patrick Stewart, Ian McKellen, Famke Janssen, James Marsden, Halle Berry, Anna Paquin, Tyler Mane, Ray Park, Rebecca Romijn",Action,DVD,tt0120903,
You Got Served,Chris Stokes,2004,"Omarion Grandberry, Marques Houston, Jennifer Freeman, J-Boog, Lil' Fizz, Raz B, Marty Dew, Jerome Jones, Tanee McCall, Malcolm David Kelley",Comedy,DVD,tt0365957,
Lost in Space,Stephen Hopkins,1998,"William Hurt, Mimi Rogers, Heather Graham, Lacey Chabert, Jack Johnson, Gary Oldman, Matt LeBlanc, Jared Harris, Mark Goddard, Lennie James",Action,VHS,tt0120738,
X-Men: Days of Future Past,Bryan Singer,2014,"Hugh Jackman, James McAvoy, Michael Fassbender, Jennifer Lawrence, Halle Berry, Nicholas Hoult, Anna Paquin, Ellen Page, Peter Dinklage, Shawn Ashmore",Action,DVD,tt1877832,
Magnolia,Paul Thomas Anderson,1999,"Julianne Moore, Robert Bella, Michael Bowen, William H. Macy, John C. Reilly, Tom Cruise, Philip Baker Hall, Philip Seymour Hoffman, Jason Robards, Alfred Molina",Drama,VHS,tt0175880,
The Wolverine,James Mangold,2013,"Hugh Jackman, Tao Okamoto, Rila Fukushima, Hiroyuki Sanada, Svetlana Khodchenkova, Brian Tee, Hal Yamanouchi, Will Yun Lee, Ken Yamamura, Famke Janssen",Action,DVD,tt1430132,
A Man Apart,F. Gary Gray,2003,"Vin Diesel, Larenz Tate, Timothy Olyphant, Geno Silva, Jacqueline Obradors, Steve Eastin, Juan Fernández, Jeff Kober, Marco Rodríguez, Mike Moroff",Action,VHS,tt0266465,
X-Men: First Class,Matthew Vaughn,2011,"James McAvoy, Laurence Belcher, Michael Fassbender, Bill Milner, Kevin Bacon, Rose Byrne, Jennifer Lawrence, Beth Goddard, Morgan Lily, Oliver Platt",Action,DVD,tt1270798,
X-Men Origins: Wolverine,Gavin Hood,2009,"Hugh Jackman, Liev Schreiber, Danny Huston, Will i Am, Lynn Collins, Kevin Durand, Dominic Monaghan, Taylor Kitsch, Daniel Henney, Ryan Reynolds",Action,Blu-ray,tt0458525,
X3: The Last Stand,Brett Ratner,2006,"Hugh Jackman, Halle Berry, Ian McKellen, Patrick Stewart, Famke Janssen, Anna Paquin, Kelsey Grammer, James Marsden, Rebecca Romijn, Shawn Ashmore",Action,DVD,tt0376994,
X2: X-Men United,Bryan Singer,2003,"Patrick Stewart, Hugh Jackman, Ian McKellen, Halle Berry, Famke Janssen, James Marsden, Anna Paquin, Rebecca Romijn, Brian Cox, Alan Cumming",Action,DVD,tt0290334,
WOW Hits 2009,,2008,,Music,DVD,tt0000000,no director; no actors
The World's Fastest Indian,Roger Donaldson,2005,"Alex Cunningham, Aaron Geange, Dallas Ryan, Andrew Tree, Jarn Hayes, Craig Hubber, Peter Skerrett, Morgan Bickley, Roger Chilton, David Goodall",Adventure,DVD,tt0412080,
Les mots (The words),Brian Klugman,2012,"Dennis Quaid, John Hannah, Jeremy Irons, Bradley Cooper, Zoe Saldana, Vito DeFilippo, Michael McKean, Lucinda Davis, J.K. Simmons, Olivia Wilde",Drama,DVD,tt1840417,
Wimbledon,Richard Loncraine,2004,"Kirsten Dunst, Paul Bettany, Sam Neill, Jon Favreau, Bernard Hill, Eleanor Bron, Nikolaj Coster-Waldau, Austin Nichols, Robert Lindsay, James McAvoy",Comedy,DVD,tt0360201,
Whiplash,Damien Chazelle,2014,"Miles Teller, J.K. Simmons, Paul Reiser, Melissa Benoist, Austin Stowell, Nate Lang, Chris Mulkey, Damon Gupton, Suanne Spoke, Max Kasch",Drama,Blu-ray,tt2582802,
White House Down,Roland Emmerich,2013,"Channing Tatum, Jamie Foxx, Maggie Gyllenhaal, Jason Clarke, Richard Jenkins, Joey King, James Woods, Nicolas Wright, Jimmi Simpson, Michael Murphy",Action,DVD,tt2334879,
When a Man Loves a Woman,Luis Mandoki,1994,"Andy Garcia, Meg Ryan, Ellen Burstyn, Tina Majorino, Mae Whitman, Lauren Tom, Philip Seymour Hoffman, Eugene Roche, Gail Strickland, Steven Brill",Drama,DVD,tt0111693,
What About Bob?,Frank Oz,1991,"Bill Murray, Richard Dreyfuss, Julie Hagerty, Charlie Korsmo, Kathryn Erbe, Tom Aldredge, Susan Willis, Roger Bowen, Fran Brill, Brian Reddy",Comedy,DVD,tt0103241,
Weird Science,John Hughes,1985,"Anthony Michael Hall, Kelly LeBrock, Ilan Mitchell-Smith, Bill Paxton, Suzanne Snyder, Judie Aronson, Robert Downey Jr., Robert Rusler, Vernon Wells, Britt Leach",Comedy,DVD,tt0090305,
We Were Soldiers,Randall Wallace,2002,"Mel Gibson, Madeleine Stowe, Greg Kinnear, Johnny Nguyen, Randy Oglesby, Jonathan Parks Jordan, John Paul Rice, Keni Thomas, Josh Daugherty, Jsu Garcia",Action,DVD,tt0277434,
Marked for Death,Dwight H. Little,1990,"Steven Seagal, Basil Wallace, Keith David, Tom Wright, Joanna Pacula, Elizabeth Gracen, Bette Ford, Danielle Harris, Al Israel, Arlen Dean Snyder",Action,VHS,tt0100114,
We Own The Night,James Gray,2007,"Joaquin Phoenix, Eva Mendes, Mark Wahlberg, Robert Duvall, Alex Veadov, Dominic Colon, Danny Hoch, Oleg Taktarov, Moni Moshonov, Antoni Corone",Crime,DVD,tt0498399,
Marvin's Room,Jerry Zaks,1996,"Meryl Streep, Leonardo DiCaprio, Diane Keaton, Robert de Niro, Hume Cronyn, Gwen Verdon, Hal Scardino, Dan Hedaya, Margo Martindale, Cynthia Nixon",Drama,VHS,tt0116999,
We Are Marshall,McG,2006,"Laurie Garner, Blake Hester, Ashley Stinnett, Jerry Wallace, Dave Williams, Matthew McConaughey, Matthew Fox, Anthony Mackie, David Strathairn, Ian McShane",Drama,DVD,tt0758794,
The Mask,Chuck Russell,1994,"Jim Carrey, Peter Riegert, Peter Greene, Amy Yasbeck, Richard Jeni, Orestes Matacena, Tim Bagley, Nancy Fish, Johnny Williams, Reg E. Cathey",Comedy,VHS,tt0110475,
Wayne's World,Penelope Spheeris,1992,"Mike Myers, Dana Carvey, Rob Lowe, Tia Carrere, Brian Doyle-Murray, Lara Flynn Boyle, Michael DeLuise, Dan Bell, Lee Tergesen, Kurt Fuller",Comedy,DVD,tt0105793,
The Mask of Zorro,Martin Campbell,1998,"Anthony Hopkins, Antonio Banderas, Catherine Zeta-Jones, Tony Cabral, Stuart Wilson, Tony Genaro, Iván Rafael, David Villalpando, Maury Chaykin, Paul Ganus",Action,VHS,tt0120746,
Wayne's World 2,Stephen Surjik,1993,"Mike Myers, Dana Carvey, Christopher Walken, Tia Carrere, Chris Farley, Ralph Brown, James Hong, Rip Taylor, Steven Tyler, Joe Perry",Comedy,DVD,tt0108525,
Men In Black,Barry Sonnenfeld,1997,"Tommy Lee Jones, Will Smith, Linda Fiorentino, Vincent D'Onofrio, Rip Torn, Tony Shalhoub, Siobhan Fallon Hogan, Mike Nussbaum, Jon Gries, Sergio Calderón",Action,VHS,tt0119654,
War,Philip G. Atwell,2007,"Jet Li, Jason Statham, John Lone, Devon Aoki, Luis Guzmán, Saul Rubinek, Ryo Ishibashi, Sung Kang, Mathew St. Patrick, Nadine Velazquez",Action,DVD,tt0499556,
Men in Black II,Barry Sonnenfeld,2002,"Tommy Lee Jones, Will Smith, Rip Torn, Lara Flynn Boyle, Johnny Knoxville, Rosario Dawson, Tony Shalhoub, Patrick Warburton, Jack Kehler, David Cross",Action,VHS,tt0120912,
Watchmen,Zack Snyder,2009,"Malin Akerman, Billy Crudup, Matthew Goode, Jackie Earle Haley, Jeffrey Dean Morgan, Patrick Wilson, Carla Gugino, Matt Frewer, Stephen McHattie, Laura Mennell",Action,DVD,tt0409459,
Minority Report,Steven Spielberg,2002,"Tom Cruise, Max Von Sydow, Steve Harris, Neal McDonough, Patrick Kilpatrick, Jessica Capshaw, Richard Coca, Keith Campbell, Kirk B.R. Woller, Klea Scott",Action,VHS,tt0181689,
The Watch,Akiva Schaffer,2012,"Ben Stiller, Vince Vaughn, Jonah Hill, Richard Ayoade, Rosemarie DeWitt, Will Forte, Mel Rodriguez, Doug Jones, Erin Moriarty, Nicholas Braun",Comedy,DVD,tt1298649,
Miss Congeniality,Donald Petrie,2000,"Sandra Bullock, Michael Caine, Benjamin Bratt, Candice Bergen, William Shatner, Ernie Hudson, John DiResta, Heather Burns, Melissa De Sousa, Steve Monroe",Action,VHS,tt0212346,
Warrior,Gavin O'Connor,2011,"Joel Edgerton, Tom Hardy, Nick Nolte, Jennifer Morrison, Frank Grillo, Kevin Dunn, Maximiliano Hernández, Bryan Callen, Sam Sheridan, Fernando Chien",Drama,DVD,tt1291584,
Mission: Impossible,Brian De Palma,1996,"Tom Cruise, Jon Voight, Emmanuelle Béart, Henry Czerny, Jean Reno, Ving Rhames, Kristin Scott Thomas, Vanessa Redgrave, Ingeborga Dapkunaite, Valentina Yakunina",Action,VHS,tt0117060,
Wanted,Timur Bekmambetov,2008,"James McAvoy, Morgan Freeman, Angelina Jolie, Terence Stamp, Thomas Kretschmann, Common, Kristen Hager, Marc Warren, David O'Hara, Konstantin Khabensky",Action,DVD,tt0493464,
Mission: Impossible 2,John Woo,2000,"Tom Cruise, Dougray Scott, Thandiwe Newton, Ving Rhames, Richard Roxburgh, John Polson, Brendan Gleeson, Rade Serbedzija, William Mapother, Dominic Purcell",Action,VHS,tt0120755,
Wall Street: Money Never Sleeps,Oliver Stone,2010,"Michael Douglas, Shia LaBeouf, Josh Brolin, Carey Mulligan, Eli Wallach, Susan Sarandon, Frank Langella, Austin Pendleton, John Bedford Lloyd, Vanessa Ferlito",Drama,DVD,tt1027718,
Mission to Mars,Brian De Palma,2000,"Gary Sinise, Tim Robbins, Don Cheadle, Connie Nielsen, Jerry O'Connell, Peter Outerbridge, Kavan Smith, Jill Teed, Elise Neal, Kim Delaney",Adventure,VHS,tt0183523,
WALL·E,Andrew Stanton,2008,"Ben Burtt, Elissa Knight, Jeff Garlin, Fred Willard, MacInTalk, John Ratzenberger, Kathy Najimy, Sigourney Weaver, Lori Alan, Bob Bergen",Adventure,DVD,tt0910970,
Mr. Holland's Opus,Stephen Herek,1995,"Richard Dreyfuss, Glenne Headly, Jay Thomas, Olympia Dukakis, William H. Macy, Alicia Witt, Damon Whitaker, Jean Louisa Kelly, Alexandra Boyd, Nicholas John Renner",Drama,VHS,tt0113862,
Walk the Line,James Mangold,2005,"Joaquin Phoenix, Reese Witherspoon, Ginnifer Goodwin, Robert Patrick, Dallas Roberts, Dan John Miller, Larry Bagby, Shelby Lynne, Tyler Hilton, Waylon Payne",Drama,DVD,tt0358273,
The Mummy,Stephen Sommers,1999,"Brendan Fraser, Rachel Weisz, John Hannah, Arnold Vosloo, Kevin J. O'Connor, Jonathan Hyde, Oded Fehr, Erick Avari, Stephen Dunham, Corey Johnson",Action,VHS,tt0120616,
Walking Tall,Kevin Bray,2004,"Michael Bowen, Johnny Knoxville, Dwayne Johnson, Neal McDonough, Ashley Scott, John Beasley, Barbara Tarbuck, Kristen Wilson, Khleo Thomas, Kevin Durand",Action,DVD,tt0351977,
The Musketeer,Peter Hyams,2001,"Catherine Deneuve, Mena Suvari, Stephen Rea, Tim Roth, Justin Chambers, Bill Treacher, Daniel Mesguich, David Schofield, Nick Moran, Steve Speirs",Action,VHS,tt0246544,
Waitress,Adrienne Shelly,2007,"Heidi Sulzman, Sarah Hunley, Nathan Dean, Jennifer Walsh, Hunter King, Donna Leslie, Danny Allen, Andy Ostroy, Hailey Parker, Rylee Rose Stefanelli",Comedy,DVD,tt0473308,
Mystic River,Clint Eastwood,2003,"Sean Penn, Tim Robbins, Kevin Bacon, Laurence Fishburne, Marcia Gay Harden, Laura Linney, Kevin Chapman, Tom Guiry, Emmy Rossum, Spencer Treat Clark",Crime,DVD,tt0327056,
The Vow,Michael Sucsy,2012,"Rachel McAdams, Channing Tatum, Jessica Lange, Sam Neill, Jessica McNamee, Wendy Crewson, Tatiana Maslany, Lucas Bryant, Scott Speedman, Joey Klein",Drama,DVD,tt1606389,
Vanilla Sky,Cameron Crowe,2001,"Tom Cruise, Penélope Cruz, Cameron Diaz, Kurt Russell, Jason Lee, Noah Taylor, Timothy Spall, Tilda Swinton, Michael Shannon, Delaina Mitchell",,DVD,tt0259711,no genre
Van Helsing,Stephen Sommers,2004,"Hugh Jackman, Kate Beckinsale, Richard Roxburgh, David Wenham, Shuler Hensley, Elena Anaya, Will Kemp, Kevin J. O'Connor, Alun Armstrong, Josie Maran",Action,DVD,tt0338526,
Valkyrie,Bryan Singer,2008,"Tom Cruise, Kenneth Branagh, Bill Nighy, Tom Wilkinson, Carice van Houten, Thomas Kretschmann, Terence Stamp, Eddie Izzard, Kevin McNally, Christian Berkel",Suspense/Thriller,DVD,tt0985699,
Valentine's Day,Garry Marshall,2010,"Jessica Alba, Kathy Bates, Jessica Biel, Bradley Cooper, Eric Dane, Patrick Dempsey, Hector Elizondo, Jamie Foxx, Jennifer Garner, Topher Grace",Comedy,DVD,tt0817230,
V for Vendetta,James McTeigue,2005,"Natalie Portman, Hugo Weaving, Stephen Rea, Stephen Fry, John Hurt, Tim Pigott-Smith, Rupert Graves, Roger Allam, Ben Miles, Sinéad Cusack",Action,DVD,tt0434409,
The Usual Suspects,Bryan Singer,1995,"Stephen Baldwin, Gabriel Byrne, Benicio Del Toro, Kevin Pollak, Kevin Spacey, Chazz Palminteri, Pete Postlethwaite, Giancarlo Esposito, Suzy Amis, Dan Hedaya",Crime,Blu-ray,tt0114814,
Up in the Air,Jason Reitman,2009,"George Clooney, Vera Farmiga, Anna Kendrick, Jason Bateman, Amy Morton, Melanie Lynskey, J.K. Simmons, Sam Elliott, Danny McBride, Zach Galifianakis",Comedy,DVD,tt1193138,
The Untouchables,Brian De Palma,1987,"Kevin Costner, Sean Connery, Charles Martin Smith, Andy Garcia, Robert de Niro, Richard Bradford, Jack Kehoe, Brad Sullivan, Billy Drago, Patricia Clarkson",Action,DVD,tt0094226,
A Nightmare on Elm Street,Wes Craven,1984,"John Saxon, Ronee Blakley, Heather Langenkamp, Amanda Wyss, Jsu Garcia, Johnny Depp, Charles Fleischer, Joseph Whipp, Robert Englund, Lin Shaye",Horror,VHS,tt0087800,
Urban Legend,Jamie Blanks,1998,"Jared Leto, Michael Rosenbaum, Alicia Witt, Rebecca Gayheart, Loretta Devine, Joshua Jackson, Tara Reid, John Neville, Julian Richings, Robert Englund",Horror,DVD,tt0146336,
A Nightmare on Elm Street 4: The Dream Master,Renny Harlin,1988,"Kisha Brackel, Brooke Bundy, Wanda Bursey, Hope Marie Carlton, Kristen Clayton, Duane Davis, Rodney Eastman, Robert Englund, Richard Garrison, Danny Hassel",Horror,VHS,tt0095742,
Unstoppable,Tony Scott,2010,"Denzel Washington, Chris Pine, Rosario Dawson, Ethan Suplee, Kevin Dunn, Kevin Corrigan, Kevin Chapman, Lew Temple, T.J. Miller, Jessy Schram",Action,DVD,tt0477080,
The Ninth Gate,Roman Polanski,1999,"Johnny Depp, Frank Langella, Lena Olin, Emmanuelle Seigner, Barbara Jefford, Jack Taylor, José López Rodero, Tony Amoni, James Russo, Willy Holt",Mystery,VHS,tt0142688,
The Unsaid,Tom McLoughlin,2001,"Andy Garcia, Trevor Blumas, Chelsea Field, Linda Cardellini, Peter Hanlon, Teri Polo, Dena Lang, Trevor Aikman, Brendan Fletcher, Vincent Kartheiser",Suspense/Thriller,DVD,tt0258967,
The Nutty Professor,Tom Shadyac,1996,"Eddie Murphy, Jada Pinkett Smith, James Coburn, Larry Miller, Dave Chappelle, John Ales, Patricia Wilson, Jamal Mixon, Nichole McAuley, Hamilton von Watts",Comedy,VHS,tt0117218,
Unleashed,Louis Leterrier,2005,"Ariadna Cascaval, Ludmila Henry, Rebecca Hazan, Morgan Freeman, Jet Li, Bob Hoskins, Kerry Condon, Vincent Regan, Dylan Brown, Tamer Hassan",Action,DVD,tt0342258,
Ocean's Eleven,Steven Soderbergh,2001,"George Clooney, Cecelia Ann Birt, Paul L. Nolan, Carol Florence, Lori Galinski, Bernie Mac, Brad Pitt, Mark Gantt, Tim Perez, Elliott Gould",Comedy,VHS,tt0240772,
Unfaithful,Adrian Lyne,2002,"Diane Lane, Erik Per Sullivan, Richard Gere, Olivier Martinez, Myra Lucretia Taylor, Michelle Monaghan, Chad Lowe, Joseph Badalucco Jr., Erich Anderson, Damon Gupton",Drama,DVD,tt0250797,
On Any Sunday,,1971,"David Evans, Mert Lawwill, Steve McQueen, John Norman, Malcolm Smith, J.N. Roberts",Sports,VHS,tt0067527,no director
Underworld: Blood Wars,Anna Foerster,2016,"Kate Beckinsale, Theo James, Tobias Menzies, Lara Pulver, Charles Dance, James Faulkner, Peter Andersson, Clementine Nicholson, Bradley James, Daisy Head",Action,DVD,tt3717252,
On Deadly Ground,Steven Seagal,1994,"Patrick Gorman, Helen Hakkila, Edith Akpik, Sonny D.M. Peralez, Little Crow, Bernice Falling Leaves, Leslie Gray, Seago Blackstar Whitewolf, Mark M. Hiratsuka, Robin U. Russin",Action,VHS,tt0110725,
Underworld: Awakening,Måns Mårlind,2012,"Kate Beckinsale, Stephen Rea, Michael Ealy, Theo James, India Eisley, Sandrine Holt, Charles Dance, Kris Holden-Ried, Jacob Blair, Adam Greydon Reid",Action,DVD,tt1496025,
Operation Petticoat,Blake Edwards,1959,"Cary Grant, Marion Ross, Robert Gist, Clarence Lung, Frankie Darro, Tony Pastor Jr., Bob Hoy, Madlyn Rhue, John W. Morley, Tony Curtis",Comedy,VHS,tt0053143,
Underworld Trilogy,,,,,DVD,tt0000000,no year; no director; no actors; no genre
Unbroken,Angelina Jolie,2014,"Jack O'Connell, Domhnall Gleeson, Garrett Hedlund, Takamasa Ishihara, Finn Wittrock, Jai Courtney, Maddalena Ischiale, Vincenzo Amato, John Magaro, Masako Fouquet",Drama,DVD,tt1809398,
Under Suspicion,Stephen Hopkins,2000,"Gene Hackman, Morgan Freeman, Thomas Jane, Monica Bellucci, Nydia Caro, Miguel Ángel Suárez, Pablo Cunqueiro, Isabel Algaze, Jacqueline Duprey, Luis Caballero",Crime,DVD,tt0164212,
Outland,Peter Hyams,1981,"Sean Connery, Peter Boyle, Frances Sternhagen, James Sikking, Kika Markham, Clarke Peters, Steven Berkoff, John Ratzenberger, Nicholas Barnes, Manning Redwood",Action,VHS,tt0082869,
Under Siege / Under Siege 2: Dark Territory,,1992,,,DVD,tt0000000,no director; no actors; no genre
Out of Sight,Steven Soderbergh,1998,"George Clooney, Jim Robinson, Mike Malone, Donna Frenzel, Manny Suárez, Keith Hudson, Luis Guzmán, Paul Soileau, Scott Allen, Catherine Keener",Action,VHS,tt0120780,
The X-Files: I Want To Believe,Chris Carter,2008,"David Duchovny, Lorena Gale, Donavon Stinson, Dion Johnstone, Sarah-Jane Redmond, Christina D'Alimonte, Vanesa Tomasino, Luvia Petersen, Babs Chula, Marci T. House",Crime,DVD,tt0443701,
Out of Time,Carl Franklin,2003,"Denzel Washington, Eva Mendes, Sanaa Lathan, Dean Cain, John Billingsley, Robert Baker, Alex Carter, Antoni Corone, Terry Loughlin, Nora Dunn",Crime,VHS,tt0313443,
The X-Files: The Event Series,Kim Manners,2016,"Gillian Anderson, David Duchovny, Mitch Pileggi, William B. Davis, Robert Patrick, Tom Braidwood, Bruce Harwood, Dean Haglund, Annabeth Gish, James Pickens Jr.",Drama,Blu-ray,tt0106179,
Overboard,Garry Marshall,1987,"Goldie Hawn, Kurt Russell, Edward Herrmann, Katherine Helmond, Mike Hagerty, Roddy McDowall, Jared Rushton, Jeffrey Wiseman, Brian Price, Jamie Wild",Comedy,VHS,tt0093693,
Tortilla Heaven,Judy Hecht Dumontet,2007,"José Zúñiga, Miguel Sandoval, Olivia Hussey, Elpidia Carrillo, Alexis Cruz, Judy Herrera, Marcelo Tubert, Irene Bedard, Lupe Ontiveros, Del Zamora",Comedy,DVD,tt0227671,
The Patriot,Roland Emmerich,2000,"Mel Gibson, Heath Ledger, Joely Richardson, Jason Isaacs, Chris Cooper, Tchéky Karyo, Rene Auberjonois, Lisa Brenner, Tom Wilkinson, Donal Logue",Action,VHS,tt0187393,
Paycheck,John Woo,2003,"Ben Affleck, Aaron Eckhart, Uma Thurman, Paul Giamatti, Colm Feore, Joe Morton, Michael C. Hall, Peter Friedman, Kathryn Morris, Ivana Milicevic",Action,DVD,tt0338337,
Total Recall,Paul Verhoeven,1990,"Arnold Schwarzenegger, Rachel Ticotin, Sharon Stone, Ronny Cox, Michael Ironside, Marshall Bell, Mel Johnson Jr., Michael Champion, Roy Brocksmith, Ray Baker",Action,DVD,tt0100802,
Total Recall,Len Wiseman,2012,"Colin Farrell, Kate Beckinsale, Jessica Biel, Bryan Cranston, Bokeem Woodbine, Bill Nighy, John Cho, Will Yun Lee, Milton Barnes, James McGowan",Action,DVD,tt1386703,
The Truman Show,Peter Weir,1998,"Jim Carrey, Laura Linney, Noah Emmerich, Natascha McElhone, Holland Taylor, Brian Delate, Blair Slater, Peter Krause, Heidi Schanz, Ron Taylor",Drama,DVD,tt0120382,
The Town,Ben Affleck,2010,"Rebecca Hall, Jon Hamm, Jeremy Renner, Blake Lively, Slaine, Owen Burke, Titus Welliver, Pete Postlethwaite, Chris Cooper, Peter Craig",Crime,DVD,tt0840361,
The Phantom,Simon Wincer,1996,"Billy Zane, Kristy Swanson, Treat Williams, Catherine Zeta-Jones, James Remar, Cary-Hiroyuki Tagawa, Bill Smitrovich, Casey Siemaszko, David Proval, Joseph Ragno",Action,VHS,tt0117331,
Training Day,Antoine Fuqua,2001,"Denzel Washington, Ethan Hawke, Scott Glenn, Tom Berenger, Harris Yulin, Raymond J. Barry, Cliff Curtis, Dr. Dre, Snoop Dogg, Macy Gray",Crime,DVD,tt0139654,
Phone Booth,Joel Schumacher,2002,"Maile Flanagan, Tom Reynolds, Julio Oscar Mechoso, Yorgo Constantine, Karara Muhoro, Zidu Chen, Shu Lan Tuan, Dean Cochran, Amy Kowallis, Tory Kittles",Crime,VHS,tt0183649,
Transformers,Michael Bay,2007,"Shia LaBeouf, Megan Fox, Josh Duhamel, Tyrese Gibson, Rachael Taylor, Anthony Anderson, Jon Voight, John Turturro, Michael O'Neill, Kevin Dunn",Action,DVD,tt0418279,
Pleasantville,Gary Ross,1998,"Tobey Maguire, Reese Witherspoon, William H. Macy, Joan Allen, Jeff Daniels, J.T. Walsh, Don Knotts, Marley Shelton, Jane Kaczmarek, Giuseppe Andrews",Comedy,VHS,tt0120789,
Transformers: Revenge of the Fallen,Michael Bay,2009,"Shia LaBeouf, Megan Fox, Josh Duhamel, Tyrese Gibson, John Turturro, Ramon Rodriguez, Kevin Dunn, Julie White, Isabel Lucas, John Benjamin Hickey",Action,Blu-ray,tt1055369,
Playing By Heart,Willard Carroll,1998,"Sean Connery, Amanda Peet, Jeremy Sisto, Angelina Jolie, Matt Malloy, Anthony Edwards, Ryan Phillippe, Dennis Quaid, Jon Stewart, Mark Lewis",Comedy,VHS,tt0145734,
Transformers: Dark Of The Moon,Michael Bay,2011,"Shia LaBeouf, Josh Duhamel, John Turturro, Tyrese Gibson, Rosie Huntington-Whiteley, Patrick Dempsey, Rich Hutchman, Frances McDormand, Kevin Dunn, John Malkovich",Action,DVD,tt1399103,
Prelude to a Kiss,Norman René,1992,"Alec Baldwin, Meg Ryan, Kathy Bates, Ned Beatty, Patty Duke, Richard Riehle, Stanley Tucci, Sydney Walker, Rocky Carroll, Debra Monk",Comedy,VHS,tt0105165,
The Transporter,Louis Leterrier,2002,"Jason Statham, Qi Shu, Matt Schulze, Ric Young, Doug Rand, Didier Saint Melin, Tonio Descanvelle, Laurent Desponds, Matthieu Albertini, Vincent Nemeth",Action,DVD,tt0293662,
Transporter 2,Louis Leterrier,2005,"Jason Statham, Alessandro Gassmann, Amber Valletta, Kate Nauta, Matthew Modine, Jason Flemyng, Keith David, Hunter Clary, Shannon Briggs, Raymond Tong",Action,DVD,tt0388482,
Transporter 3,Olivier Megaton,2008,"Jason Statham, Natalya Rudakova, Robert Knepper, Jeroen Krabbé, Alex Kobold, David Atrakchi, Yann Sundberg, Eriq Ebouaney, David Kammenos, Silvio Simac",Action,Blu-ray,tt1129442,
TRON: Legacy,Joseph Kosinski,2010,"Jeff Bridges, Garrett Hedlund, Olivia Wilde, Bruce Boxleitner, James Frain, Beau Garrett, Michael Sheen, Anis Cheurfa, Serinda Swan, Yaya DaCosta",Action,DVD,tt1104001,
Tropic Thunder,Ben Stiller,2008,"Jeff Kahn, Robert Downey Jr., Anthony Ruivivar, Jack Black, Jay Baruchel, Brandon T. Jackson, Eric Winzenried, Steve Coogan, Valerie Azlynn, Justin Theroux",Action,DVD,tt0942385,
Troy,Wolfgang Petersen,2004,"Brad Pitt, Eric Bana, Orlando Bloom, Julian Glover, Brian Cox, Nathan Jones, Adoni Maropis, Jacob Smith, John Shrapnel, Brendan Gleeson",Action,DVD,tt0332452,
True Grit,Ethan Coen,2010,"Jeff Bridges, Hailee Steinfeld, Matt Damon, Josh Brolin, Barry Pepper, Dakin Matthews, Jarlath Conroy, Paul Rae, Domhnall Gleeson, Elizabeth Marvel",Adventure,DVD,tt1403865,
Trouble with the Curve,Robert Lorenz,2012,"Clint Eastwood, Chelcie Ross, Raymond Anthony Thomas, Ed Lauter, Amy Adams, Clifton Guterman, Carla Fisher, George Wyner, Bob Gunton, Jack Gilpin",Drama,DVD,tt2083383,
The Truth about Cats & Dogs,Michael Lehmann,1996,"Uma Thurman, Janeane Garofalo, Ben Chaplin, Jamie Foxx, James McCaffrey, Richard Coca, Stanley DeSantis, Antoinette Valente, Mitch Rouse, La Tanya M. Fisher",Comedy,DVD,tt0117979,
Twilight,Catherine Hardwicke,2008,"Kristen Stewart, Sarah Clarke, Matt Bushell, Billy Burke, Gil Birmingham, Taylor Lautner, Gregory Tyree Boyce, Justin Chon, Michael Welch, Anna Kendrick",Drama,DVD,tt1099212,
The Twilight Saga: New Moon,Chris Weitz,2009,"Kristen Stewart, Robert Pattinson, Taylor Lautner, Peter Facinelli, Billy Burke, Ashley Greene, Jackson Rathbone, Christina Jastrzembska, Anna Kendrick, Michael Welch",Family,Blu-ray,tt1259571,
The Twilight Saga: Eclipse,David Slade,2010,"Kristen Stewart, Robert Pattinson, Taylor Lautner, Xavier Samuel, Bryce Dallas Howard, Anna Kendrick, Michael Welch, Christian Serratos, Jackson Rathbone, Ashley Greene",Drama,DVD,tt1325004,
The Twilight Saga: Breaking Dawn - Part 1,Bill Condon,2011,"Taylor Lautner, Gil Birmingham, Billy Burke, Sarah Clarke, Ty Olsson, Kristen Stewart, Ashley Greene, Jackson Rathbone, Peter Facinelli, Elizabeth Reaser",Adventure,DVD,tt1324999,
The Twilight Saga: Breaking Dawn: Part 2,Bill Condon,2012,"Kristen Stewart, Robert Pattinson, Taylor Lautner, Peter Facinelli, Elizabeth Reaser, Ashley Greene, Jackson Rathbone, Kellan Lutz, Nikki Reed, Billy Burke",Fantasy,DVD,tt1673434,
Two for the Money,D.J. Caruso,2005,"Al Pacino, Matthew McConaughey, Rene Russo, Armand Assante, Jeremy Piven, Jaime King, Kevin Chapman, Ralph Garman, Gedde Watanabe, Carly Pope",Drama,DVD,tt0417217,
Taken,Pierre Morel,2008,"Liam Neeson, Maggie Grace, Leland Orser, Jon Gries, David Warshofsky, Holly Valance, Katie Cassidy, Xander Berkeley, Olivier Rabourdin, Gérard Watkins",Action,DVD,tt0936501,
Primal Fear,Gregory Hoblit,1996,"Richard Gere, Laura Linney, John Mahoney, Alfre Woodard, Frances McDormand, Edward Norton, Terry O'Quinn, Andre Braugher, Steven Bauer, Joe Spano",Crime,VHS,tt0117381,
Takers,John Luessenhop,2010,"Chris Brown, Hayden Christensen, Matt Dillon, Michael Ealy, Idris Elba, Steve Harris, T.I., Jay Hernandez, Johnathon Schaech, Paul Walker",Action,DVD,tt1135084,
Proof of Life,Taylor Hackford,2000,"Meg Ryan, Russell Crowe, David Morse, Pamela Reed, David Caruso, Anthony Heald, Stanley Anderson, Gottfried John, Alun Armstrong, Michael Kitchen",Action,VHS,tt0228750,
Tammy,Ben Falcone,2014,"Melissa McCarthy, Susan Sarandon, Kathy Bates, Allison Janney, Dan Aykroyd, Mark Duplass, Gary Cole, Nat Faxon, Toni Collette, Sandra Oh",Comedy,DVD,tt2103254,
The Punisher,Jonathan Hensleigh,2004,"Thomas Jane, John Travolta, Samantha Mathis, Marcus Johns, Laura Harring, James Carpinello, Rebecca Romijn, John Pinette, Ben Foster, Roy Scheider",Action,VHS,tt0330793,
Tears of the Sun,Antoine Fuqua,2003,"Bruce Willis, Monica Bellucci, Cole Hauser, Eamonn Walker, Johnny Messner, Nick Chinlund, Charles Ingram, Paul Francis, Chad Smith, Tom Skerritt",Action,DVD,tt0314353,
Random Hearts,Sydney Pollack,1999,"Harrison Ford, Kristin Scott Thomas, Charles S. Dutton, Bonnie Hunt, Dennis Haysbert, Richard Jenkins, Paul Guilfoyle, Susanna Thompson, Peter Coyote, Warren Adler",Action,VHS,tt0156934,
Teenage Mutant Ninja Turtles,Jonathan Liebesman,2014,"Megan Fox, Will Arnett, William Fichtner, Alan Ritchson, Noel Fisher, Pete Ploszek, Johnny Knoxville, Jeremy Howard, Danny Woodburn, Tony Shalhoub",Action,DVD,tt1291150,
Ransom,Ron Howard,1996,"Mel Gibson, Rene Russo, Brawley Nolte, Gary Sinise, Delroy Lindo, Lili Taylor, Liev Schreiber, Donnie Wahlberg, Evan Handler, Nancy Ticotin",Action,VHS,tt0117438,
Terminator 3: Rise of the Machines,Jonathan Mostow,2003,"Kristanna Loken, Arnold Schwarzenegger, Robert Alonzo, Moira Harris, Nick Stahl, Jon Foster, Jay Acovone, Eric Ritter, David Andrews, Walter von Huene",Action,Blu-ray,tt0181852,
Team America: World Police,Trey Parker,2004,"Josema Yuste, Masasa Moyo, Daran Norris, Phil Hendrie, Maurice LaMarche, Chelsea Marguerite, Jeremy Shada, Fred Tatasciore, John D. Kim",Action,DVD,tt0372588,
T2: Judgement Day,James Cameron,1991,"Arnold Schwarzenegger, Linda Hamilton, Edward Furlong, Robert Patrick, Earl Boen, Joe Morton, S. Epatha Merkerson, Castulo Guerra, Danny Cooksey, Jenette Goldstein",Action,DVD,tt0103064,
Terminator Salvation,McG,2009,"Christian Bale, Sam Worthington, Moon Bloodgood, Helena Bonham Carter, Anton Yelchin, Jadagrace, Bryce Dallas Howard, Common, Jane Alexander, Michael Ironside",Action,DVD,tt0438488,
Terminator Genisys,Alan Taylor,2015,"Arnold Schwarzenegger, Jason Clarke, Emilia Clarke, Jai Courtney, J.K. Simmons, Dayo Okeniyi, Matt Smith, Courtney B. Vance, Byung-hun Lee, Michael Gladis",Action,DVD,tt1340138,
The Recruit,Roger Donaldson,2003,"Mike Realba, Darrell Hicks, Thomas M. Hagen, John Wayne Shafer, Jane Moffat, Colin Farrell, Arlene Mazerolle, Misty Kelley, Sherard Parker, Mark Ellis",Suspense/Thriller,VHS,tt0292506,
There's Something About Mary,Peter Farrelly & Bobby Farrelly,1998,"Cameron Diaz, Matt Dillon, Ben Stiller, Lee Evans, Chris Elliott, Lin Shaye, Jeffrey Tambor, Markie Post, Keith David, W. Earl Brown",Comedy,DVD,tt0129387,
Remember the Titans,Boaz Yakin,2000,"Denzel Washington, Will Patton, Wood Harris, Ryan Hurst, Donald Faison, Craig Kirkwood, Ethan Suplee, Kip Pardue, Hayden Panettiere, Nicole Ari Parker",Drama,VHS,tt0210945,
Thirteen Days,Roger Donaldson,2000,"Shawn Driscoll, Kevin Costner, Drake Cook, Lucinda Jenney, Caitlin Wachs, Jon Foster, Matthew Dunn, Kevin O'Donnell, Janet Coleman, Bruce Thomas",Drama,DVD,tt0146309,
The River Wild,Curtis Hanson,1994,"Meryl Streep, Stephanie Sawyer, Joseph Mazzello, David Strathairn, Elizabeth Hoffman, Victor Galloway, Kevin Bacon, John C. Reilly, William Lucking, Diane Delano",Adventure,VHS,tt0110997,
Thir13en Ghosts,Steve Beck,2001,"Tony Shalhoub, Embeth Davidtz, Matthew Lillard, Shannon Elizabeth, Alec Roberts, JR Bourne, Rah Digga, F. Murray Abraham, Matthew Harrison, Jacob Rupp",Horror,DVD,tt0245674,
Road House,Rowdy Herrington,1989,"Patrick Swayze, Kelly Lynch, Sam Elliott, Ben Gazzara, Marshall R. Teague, Julie Michaels, Red West, Sunshine Parker, Jeff Healey, Kevin Tighe",Action,VHS,tt0098206,
This is 40,Judd Apatow,2012,"Paul Rudd, Leslie Mann, Maude Apatow, Iris Apatow, Jason Segel, Annie Mumolo, Robert Smigel, Megan Fox, Charlyne Yi, Hugh Fink",Comedy,DVD,tt1758830,
Robin Hood: Prince of Thieves,Kevin Reynolds,1991,"Kevin Costner, Morgan Freeman, Mary Elizabeth Mastrantonio, Christian Slater, Alan Rickman, Geraldine McEwan, Michael McShane, Brian Blessed, Michael Wincott, Nick Brimble",Action,VHS,tt0102798,
The Thomas Crown Affair,John McTiernan,1999,"Pierce Brosnan, Rene Russo, Denis Leary, Ben Gazzara, Frankie Faison, Fritz Weaver, Charles Keating, Mark Margolis, Faye Dunaway, Michael Lombard",Crime,DVD,tt0155267,
The Rock,Michael Bay,1996,"Sean Connery, Nicolas Cage, Ed Harris, John Spencer, David Morse, William Forsythe, Bokeem Woodbine, Ken Kells, John Enos III, Willie Garson",Action,VHS,tt0117500,
Three Amigos,John Landis,1986,"Steve Martin, Chevy Chase, Martin Short, Alfonso Arau, Tony Plana, Patrice Martinez, Jorge Cervera Jr., Kai Wulff, Abel Franco, Fred Asparagus",Adventure,DVD,tt0092086,
Rocky IV,Sylvester Stallone,1985,"Talia Shire, Burt Young, Carl Weathers, Brigitte Nielsen, Tony Burton, Michael Pataki, Dolph Lundgren, Stu Nahan, R.J. Adams",Action,VHS,tt0089927,
The Three Stooges,James Frawley,2003,"Curly Howard, Larry Fine, Moe Howard, Nick Baskovitch, Hank Bell, Dan Brady, Sol Horowitz, Jenny Horwitz, Bud Jamison, Tiny Jones",Comedy,DVD,tt0346025,
Rollerball,John McTiernan,2002,"Chris Klein, Jean Reno, LL Cool J, Rebecca Romijn, Naveen Andrews, Oleg Taktarov, David Hemblen, Janet Wright, Andrew Bryniarski, Kata Dobó",Action,VHS,tt0246894,
Tim Hawkins: That's the Worst,Tim Hawkins,2014,,Comedy,DVD,tt0000000,no actors
Rollerball,Norman Jewison,1975,"James Caan, John Houseman, Maud Adams, John Beck, Moses Gunn, Pamela Hensley, Barbara Trentham, John Normington, Shane Rimmer, Burt Kwouk",Action,VHS,tt0073631,
Tim Hawkins: Greatest Hits & Greatest Bits,Tim Hawkins,2013,,Comedy,DVD,tt0000000,no actors
Romeo And Juliet,Baz Luhrmann,1996,"Zak Orth, Ismael Eguiarte, Paul Sorvino, Brian Dennehy, M. Emmet Walsh, Farnesio de Bernal, Pedro Altamirano, Jamie Kennedy, Michael Corbett, Lupita Ochoa",Drama,VHS,tt0117509,
The Time Machine,Simon Wells,2002,"Guy Pearce, Mark Addy, Phyllida Law, Sienna Guillory, Laura Kirk, Josh Stamberg, John W. Momrow, Max Baker, Jeffrey M. Meyer, Jeremy Irons",Action,DVD,tt0268695,
Runaway Bride,Garry Marshall,1999,"Karla Pattur, Joy Rosenthal, Tiffany Paulsen, Laurie Metcalf, Cheryl Frazel, Gregg Goulet, Jacqui Allen, Jack Hoffman, Rita Wilson, Patrick Richwood",Comedy,VHS,tt0163187,
Titanic,James Cameron,1997,"Leonardo DiCaprio, Kate Winslet, Billy Zane, Kathy Bates, Frances Fisher, Gloria Stuart, Bill Paxton, Bernard Hill, David Warner, Victor Garber",Drama,DVD,tt0120338,
Runaway Jury,Gary Fleder,2003,"Afemo Omilami, Mike Pniewski, John Cusack, Elliott Street, Harvey Reaves, Wayne Roberts, Mark Jeffrey Miller, Loren Kinsella, Lara Grice, Marcus Hester",Drama,VHS,tt0313542,
Spider-Man,Sam Raimi,2002,"Tobey Maguire, Willem Dafoe, Kirsten Dunst, James Franco, Cliff Robertson, Rosemary Harris, J.K. Simmons, Joe Manganiello, Gerry Becker, Bill Nunn",Action,DVD,tt0145487,
Safe Passage,Robert Allan Ackerman,1994,"Susan Sarandon, Nick Stahl, Sam Shepard, Marcia Gay Harden, Robert Sean Leonard, Sean Astin, Patricia Reeves, Joe Lisi, Matt Keeslar, Marvin Scott",Drama,VHS,tt0111054,
Spider-Man 2,Sam Raimi,2004,"Tobey Maguire, Kirsten Dunst, James Franco, Alfred Molina, Rosemary Harris, J.K. Simmons, Donna Murphy, Daniel Gillies, Dylan Baker, Bill Nunn",Action,DVD,tt0316654,
Tommy Boy,Peter Segal,1995,"Dan Aykroyd, Rob Lowe, David Huband, Julie Warner, Philip Williams, Dov Tiefenbach, Maria Vacratsis, Ron James, Zach Grenier, Jim Codrington",Comedy,DVD,tt0114694,
Spider-Man 3,Sam Raimi,2007,"James Cromwell, Ted Raimi, Kirsten Dunst, Tobey Maguire, Willem Dafoe, James Franco, Cliff Robertson, Rosemary Harris, J.K. Simmons, Joe Manganiello",Action,DVD,tt0413300,
Saw,James Wan,2004,"Leigh Whannell, Cary Elwes, Danny Glover, Ken Leung, Dina Meyer, Mike Butters, Paul Gutrecht, Michael Emerson, Benito Martinez, Shawnee Smith",Horror,VHS,tt0387564,
Splash,Ron Howard,1984,"Tom Hanks, Daryl Hannah, Eugene Levy, John Candy, Dody Goodman, Shecky Greene, Richard B. Shull, Bobby Di Cicco, Howard Morris, Tony DiBenedetto",Comedy,DVD,tt0088161,
The Score,Frank Oz,2001,"Christian Tessier, Edward Norton, Marlon Brando, Angela Bassett, Gary Farmer, Paul Soles, Jamie Harrold, Serge Houde, Lenie Scoffié, Jean-René Ouellet",Crime,VHS,tt0227445,
Spy,Paul Feig,2015,"Jude Law, Raad Rawi, Melissa McCarthy, Jessica Chaffin, Miranda Hart, Sam Richardson, Katie Dippold, Jaime Pacheco, Romain Apelbaum, Rose Byrne",Drama,DVD,tt3079380,
Shadow Conspiracy,George P. Cosmatos,1997,"Charlie Sheen, Donald Sutherland, Linda Hamilton, Stephen Lang, Ben Gazzara, Nicholas Turturro, Stanley Anderson, Theodore Bikel, Charles Cioffi, Paul Gleason",Crime,VHS,tt0120107,
Spy Game,Tony Scott,2001,"Gregory Groth, Peter Linka, Omid Djalili, Amidou, Nabil Massad, Robert Redford, Brad Pitt, Catherine McCormack, Stephen Dillane, Larry Bryggman",Action,DVD,tt0266987,
Shaft,John Singleton,2000,"Samuel L. Jackson, Vanessa Williams, Jeffrey Wright, Christian Bale, Busta Rhymes, Dan Hedaya, Toni Collette, Richard Roundtree, Ruben Santiago-Hudson, Josef Sommer",Action,VHS,tt0162650,
Starman,John Carpenter,1984,"Jeff Bridges, Karen Allen, Charles Martin Smith, Richard Jaeckel, Robert Phalen, Tony Edwards, John Walter Davis, Ted White, Dirk Blocker, M.C. Gainey",Adventure,DVD,tt0088172,
Shanghai Noon,Tom Dey,2000,"Jackie Chan, Owen Wilson, Lucy Liu, Brandon Merrill, Roger Yuan, Xander Berkeley, Rongguang Yu, Ya Hi Cui, Eric Chen, Jason Connery",Action,VHS,tt0184894,
Star Trek,J.J. Abrams,2009,"Chris Pine, Zachary Quinto, Leonard Nimoy, Eric Bana, Bruce Greenwood, Karl Urban, Zoe Saldana, Simon Pegg, John Cho, Anton Yelchin",Action,DVD,tt0796366,
Shrek,Vicky Jenson,2001,"Mike Myers, Eddie Murphy, Cameron Diaz, John Lithgow, Vincent Cassel, Peter Dennis, Clive Pearse, Jim Cummings, Bobby Block, Chris Miller",Adventure,VHS,tt0126029,
Star Trek: Beyond,Justin Lin,2016,"Chris Pine, Zachary Quinto, Karl Urban, Zoe Saldaña, Simon Pegg, John Cho, Anton Yelchin, Idris Elba, Sofia Boutella, Joe Taslim",Action,Blu-ray,tt2660888,
Sidekicks,Aaron Norris,1992,"Chuck Norris, Beau Bridges, Jonathan Brandis, Mako, Julia Nickson, Joe Piscopo, Danica McKellar, John Buchanan, Richard Moll, Gerrit Graham",Action,VHS,tt0105402,
Star Trek: Into Darkness,J.J. Abrams,2013,"Leonard Nimoy, Chris Pine, Zachary Quinto, Zoe Saldana, Karl Urban, Simon Pegg, John Cho, Benedict Cumberbatch, Anton Yelchin, Bruce Greenwood",Action,DVD,tt1408101,
The Sight,Paul W.S. Anderson,2000,"Andrew McCarthy, Kevin Tighe, Amanda Redman, Jessica Oyelowo, Clabe Hartley, Maurice Roëves, David Roper, Honor Blackman, Alexander Armstrong, Julian Firth",Mystery,VHS,tt0262001,
Sin City,Frank Miller,2005,"Jessica Alba, Devon Aoki, Alexis Bledel, Powers Boothe, Cara D. Briggs, Jude Ciccolella, Jeffrey J. Dashnaw, Rosario Dawson, Jesse De Luna, Benicio Del Toro",Action,DVD,tt0401792,
Star Wars I: The Phantom Menace,George Lucas,1999,"Liam Neeson, Ewan McGregor, Natalie Portman, Jake Lloyd, Pernilla August, Frank Oz, Ian McDiarmid, Oliver Ford Davies, Ray Park, Hugh Quarshie",Action,DVD,tt0120915,
State of Play,Kevin Macdonald,2009,"Russell Crowe, Ben Affleck, Rachel McAdams, Helen Mirren, Robin Wright Penn, Jason Bateman, Jeff Daniels, Michael Berresse, Harry Lennix, Josh Mostel",Crime,DVD,tt0473705,
Stealth,Rob Cohen,2005,"Josh Lucas, Jessica Biel, Jamie Foxx, Sam Shepard, Richard Roxburgh, Joe Morton, Ian Bliss, Ebon Moss-Bachrach, Michael Denkha, Rocky Helton",Action,DVD,tt0382992,
Sleepers,Barry Levinson,1996,"Kevin Bacon, James Pickens Jr., Ruth Maleczech, Chuck Low, Patrick Tull, Pat McNamara, Gina Menza, Gayle Scott, Carmine Parisi, Don Hewitt",Crime,VHS,tt0117665,
Stepmom,Chris Columbus,1998,"Julia Roberts, Susan Sarandon, Ed Harris, Jena Malone, Liam Aiken, Lynn Whitfield, Darrell Larson, Mary Louise Wilson, Andre B. Blake, Herbert Russell",Comedy,DVD,tt0120686,
Some Kind Of Wonderful,Howard Deutch,1987,"Eric Stoltz, Mary Stuart Masterson, Lea Thompson, Craig Sheffer, John Ashton, Elias Koteas, Molly Hagan, Maddie Corman, Jane Elliot, Candace Cameron Bure",Comedy,VHS,tt0094006,
Step Up,Anne Fletcher,2006,"Channing Tatum, Jenna Dewan-Tatum, Damaine Radcliff, De'Shawn Washington, Mario, Drew Sidora, Rachel Griffiths, Josh Henderson, Tim Lacatena, Alyson Stoner",Drama,DVD,tt0462590,
The Sting,George Roy Hill,1973,"Paul Newman, Robert Redford, Robert Shaw, Charles Durning, Ray Walston, Eileen Brennan, Harold Gould, John Heffernan, Dana Elcar, Jack Kehoe",Comedy,DVD,tt0070735,
Stick It,Jessica Bendinger,2006,"Jeff Bridges, Missy Peregrym, Vanessa Lengies, Nikki SooHoo, Maddy Curley, Kellan Lutz, John Patrick Amedori, Mio Dzakula, Svetlana Efremova, Jon Gries",Comedy,DVD,tt0430634,
Spartan,David Mamet,2004,"Jim Frangione, Renato Magno, Chris LaCentra, Johnny Messner, Lionel Mark Smith, Bob Jennings, Jeremie Campbell, Val Kilmer, Mark FitzGerald, Derek Luke",Action,VHS,tt0360009,
Stomp - Live,Luke Cresswell,2008,"Paul Bend, Simone Clarke, Nathaniel Conroy, Melanie Joseph, Keith Middleton, Jason Mills, Andy Patrick, John Sawicki, Steve McNicholas, David Marks",Music,Blu-ray,tt1385988,
St. Elmo's Fire,Joel Schumacher,1985,"Emilio Estevez, Rob Lowe, Andrew McCarthy, Demi Moore, Judd Nelson, Ally Sheedy, Mare Winningham, Martin Balsam, Andie MacDowell, Joyce Van Patten",Drama,VHS,tt0090060,
Stone,John Curran,2010,"Robert de Niro, Edward Norton, Milla Jovovich, Frances Conroy, Enver Gjokaj, Pepper Binkley, Sandra Love Aldridge, Greg Trzaskoma, Rachel Loiselle, Kylie Tarnopol",Drama,Blu-ray,tt1423995,
Star Wars IV: A New Hope,George Lucas,1977,"Mark Hamill, Harrison Ford, Carrie Fisher, Peter Cushing, Alec Guinness, Anthony Daniels, Kenny Baker, Peter Mayhew, David Prowse, Phil Brown",Action,VHS,tt0076759,
Street Fighter: The Legend of Chun Li,Andrzej Bartkowiak,2009,"Kristin Kreuk, Chris Klein, Neal McDonough, Robin Shou, Moon Bloodgood, Josie Ho, Taboo, Michael Clarke Duncan, Pei Pei Cheng, Edmund Chen",Action,DVD,tt0891592,
Star Wars: The Empire Strikes Back,Irvin Kershner,1980,"Mark Hamill, Harrison Ford, Carrie Fisher, Billy Dee Williams, Anthony Daniels, David Prowse, Peter Mayhew, Kenny Baker, Frank Oz, Alec Guinness",Action,VHS,tt0080684,
Street Kings,David Ayer,2008,"Keanu Reeves, Forest Whitaker, Hugh Laurie, Chris Evans, Cedric The Entertainer, Jay Mohr, Terry Crews, Naomie Harris, Common, Game",Crime,DVD,tt0421073,
Stigmata,Rupert Wainwright,1999,"Patricia Arquette, Gabriel Byrne, Jonathan Pryce, Nia Long, Thomas Kopache, Rade Serbedzija, Enrico Colantoni, Dick Latessa, Portia De Rossi, Patrick Muldoon",Horror,VHS,tt0145531,
Suicide Kings,Peter O'Fallon,1998,"Mark Watson, Christopher Walken, Denis Leary, Nina Siemaszko, Jay Della, Henry Thomas, Sean Patrick Flanery, Nathan Dana Aldrich, Jay Mohr, Jeremy Sisto",Comedy,DVD,tt0120241,
The Story of Us,Rob Reiner,1999,"Paul Reiser, Lucy Webb, Jessie Nelson, Tommy Tang, Daniel Henson, Yaping, Ryan Townsend, Jordan Lund, Bill Kirchenbauer, Robert Alan Beuth",Comedy,VHS,tt0160916,
Super 8,J.J. Abrams,2011,"Joel Courtney, Riley Griffiths, Ryan Lee, Gabriel Basso, Zach Mills, Kyle Chandler, Jessica Tuck, Joel McKinnon Miller, Ron Eldard, Amanda Michalka",Mystery,DVD,tt1650062,
The Talented Mr. Ripley,Anthony Minghella,1999,"Matt Damon, Beppe Fiorello, Carlo Negroni, Geoff Gascoyne, Jean Toussaint, Clark Tracey, Pete King, Marco Quaglia, Byron Wallen, Rosario Giuliuni",Crime,VHS,tt0134119,
Superman Returns,Bryan Singer,2006,"Brandon Routh, Kate Bosworth, Kevin Spacey, James Marsden, Parker Posey, Frank Langella, Sam Huntington, Eva Marie Saint, Marlon Brando, Kal Penn",Action,DVD,tt0348150,
Taxi Driver,Martin Scorsese,1976,"Diahnne Abbott, Frank Adu, Victor Argo, Gino Ardito, Garth Avery, Peter Boyle, Albert Brooks, Harry Cohn, Copper Cunningham, Robert de Niro",Drama,VHS,tt0075314,
Surrogates,Jonathan Mostow,2009,"Bruce Willis, Radha Mitchell, Rosamund Pike, Boris Kodjoe, James Francis Ginty, James Cromwell, Ving Rhames, Jack Noseworthy, Devin Ratray, Michael Cudlitz",Action,DVD,tt0986263,
Sweet Home Alabama,Andy Tennant,2002,"Reese Witherspoon, Josh Lucas, Patrick Dempsey, Candice Bergen, Mary Kay Place, Fred Ward, Jean Smart, Ethan Embry, Melanie Lynskey, Courtney Gains",Comedy,DVD,tt0256415,
S.W.A.T.,Clark Johnson,2003,"Samuel L. Jackson, Colin Farrell, Michelle Rodriguez, LL Cool J, Josh Charles, Jeremy Renner, Brian Van Holt, Olivier Martinez, Reg E. Cathey, Larry Poindexter",Action,DVD,tt0257076,
Swordfish,Dominic Sena,2001,"John Travolta, Hugh Jackman, Halle Berry, Don Cheadle, Sam Shepard, Vinnie Jones, Drea de Matteo, Rudolf Martin, Zach Grenier, Camryn Grimes",Action,Blu-ray,tt0244244,
Space Cowboys,Clint Eastwood,2000,"Tommy Lee Jones, Donald Sutherland, James Garner, James Cromwell, Marcia Gay Harden, William Devane, Loren Dean, Courtney B. Vance, Barbara Babcock",Adventure,DVD,tt0186566,
Spaceballs,Mel Brooks,1987,"John Candy, Rick Moranis, Bill Pullman, Daphne Zuniga, Dick Van Patten, George Wyner, Michael Winslow, Joan Rivers, Lorene Yarnell Jansson, Thomas Meehan",Comedy,DVD,tt0094012,
The Huntsman: Winter's War,Cedric Nicolas-Troyan,2016,"Chris Hemsworth, Charlize Theron, Jessica Chastain, Emily Blunt, Nick Frost, Rob Brydon, Sheridan Smith, Alexandra Roach, Sope Dirisu, Sam Hazeldine",Action,DVD,tt2381991,
Snow White & The Huntsman,Rupert Sanders,2012,"Kristen Stewart, Chris Hemsworth, Charlize Theron, Sam Claflin, Sam Spruell, Ian McShane, Bob Hoskins, Ray Winstone, Nick Frost, Eddie Marsan",Action,DVD,tt1735898,
Snatch,Guy Ritchie,2000,"Ade, William Beck, Andy Beckwith, Ewen Bremner, Jason Buckham, Mickey Cantwell, Nicola Collins, Teena Collins, Charles Cork, James Cunningham",Comedy,DVD,tt0208092,
Sneakers,Phil Alden Robinson,1992,"Robert Redford, Dan Aykroyd, Ben Kingsley, Mary McDonnell, River Phoenix, Sidney Poitier, David Strathairn, Timothy Busfield, Donal Logue, Stephen Tobolowsky",Action,DVD,tt0105435,
Snake Eyes,Brian De Palma,1998,"Nicolas Cage, Kevin Dunn, Christina Fulton, Gary Sinise, Mike Starr, Mark Camacho, Luis Guzmán, Michael Rispoli, John Heard, Carla Gugino",Crime,DVD,tt0120832,
Soul Survivors,Stephen Carpenter,2001,"Melissa Sagemiller, Wes Bentley, Casey Affleck, Eliza Dushku, Angela Featherstone, Luke Wilson, Allen Hamilton, Ken Moreno, Carl Paoli, Barbara E. Robertson",Action,DVD,tt0218619,
Smokin' Aces,Joe Carnahan,2006,"Ryan Reynolds, Ray Liotta, Joseph Ruskin, Alex Rocco, Wayne Newton, Jeremy Piven, Ben Affleck, Peter Berg, Martin Henderson, Common",Action,DVD,tt0475394,
Slumdog Millionaire,Danny Boyle,2008,"Dev Patel, Anil Kapoor, Saurabh Shukla, Rajendranath Zutshi, Jeneva Talwar, Freida Pinto, Irrfan Khan, Azharuddin Mohammed Ismail, Ayush Mahesh Khedekar, Sunil Kumar Agrawal",Crime,DVD,tt1010048,
Sleepy Hollow,Tim Burton,1999,"Johnny Depp, Christina Ricci, Miranda Richardson, Michael Gambon, Casper Van Dien, Jeffrey Jones, Richard Griffiths, Ian McDiarmid, Michael Gough, Christopher Walken",Fantasy,DVD,tt0162661,
Sinister,Scott Derrickson,2012,"Ethan Hawke, Juliet Rylance, Fred Dalton Thompson, James Ransone, Michael Hall D'Addario, Clare Foley, Rob Riley, Tavis Smiley, Janet Zappala, Victoria Leigh",Horror,DVD,tt1922777,
The Simpsons Movie,Dom DeLuise,2007,"Dan Castellaneta, Julie Kavner, Nancy Cartwright, Yeardley Smith, Hank Azaria, Harry Shearer, Pamela Hayden, Tress MacNeille, Albert Brooks, Karl Wiedergott",Animation,DVD,tt0462538,
The Silence of the Lambs,Jonathan Demme,1991,"Jodie Foster, Anthony Hopkins, Scott Glenn, Anthony Heald, Ted Levine, Frankie Faison, Kasi Lemmons, Brooke Smith, Paul Lazar, Dan Butler",Crime,DVD,tt0102926,
Sideways,Alexander Payne,2005,"Paul Giamatti, Thomas Haden Church, Virginia Madsen, Sandra Oh, Marylouise Burke, Jessica Hecht, Missy Doty, M.C. Gainey, Alysia Reiner, Shake Tukhmanyan",Comedy,DVD,tt0375063,
Shutter Island,Martin Scorsese,2010,"Leonardo DiCaprio, Mark Ruffalo, Ben Kingsley, Max Von Sydow, Michelle Williams, Emily Mortimer, Patricia Clarkson, Jackie Earle Haley, Ted Levine, John Carroll Lynch",Drama,DVD,tt1130884,
Shooter,Antoine Fuqua,2007,"Danny Glover, Mark Wahlberg, Michael Peña, Rhona Mitra, Kate Mara, Elias Koteas, Ned Beatty, Jonathan Walker, Justin Louis, Tate Donovan",Action,DVD,tt0822854,
The Shining,Stanley Kubrick,1980,"Jack Nicholson, Shelley Duvall, Danny Lloyd, Scatman Crothers, Barry Nelson, Philip Stone, Joe Turkel, Anne Jackson, Tony Burton, Lia Beldam",Horror,DVD,tt0081505,
Sherlock Holmes: A Game of Shadows,Guy Ritchie,2011,"Robert Downey Jr., Jude Law, Noomi Rapace, Rachel McAdams, Jared Harris, Stephen Fry, Paul Anderson, Kelly Reilly, Geraldine James, Eddie Marsan",Action,DVD,tt1515091,
Sherlock Holmes,Guy Ritchie,2009,"Robert Downey Jr., Jude Law, Rachel McAdams, Mark Strong, Eddie Marsan, Robert Maillet, Geraldine James, Kelly Reilly, William Houston, Hans Matheson",Action,DVD,tt0988045,
The Shawshank Redemption,Frank Darabont,1994,"Tim Robbins, Morgan Freeman, Bob Gunton, William Sadler, Clancy Brown, Gil Bellows, Mark Rolston, James Whitmore, Jeffrey DeMunn, Larry Brandenburg",Drama,DVD,tt0111161,
Shaun of the Dead,Edgar Wright,2004,"Simon Pegg, Kate Ashfield, Nick Frost, Lucy Davis, Dylan Moran, Nicola Cunningham, Keir Mills, Matt Jaynes, Gavin Ferguson, Peter Serafinowicz",Comedy,DVD,tt0365748,
The Shallows,Jaume Collet-Serra,2016,"Blake Lively, Óscar Jaenada, Angelo Josue Lozano Corzo, Brett Cullen, Sedona Legge, Pablo Calva, Diego Espejel, Janelle Bailey, Ava Dean, Chelsea Moody",Drama,Blu-ray,tt4052882,
Seven Pounds,Gabriele Muccino,2008,"Will Smith, Rosario Dawson, Woody Harrelson, Michael Ealy, Barry Pepper, Elpidia Carrillo, Robinne Lee, Joe Nunez, Bill Smitrovich, Tim Kelleher",Drama,DVD,tt0814314,
Se7en,David Fincher,1995,"Morgan Freeman, Andrew Kevin Walker, Daniel Zacapa, Brad Pitt, Gwyneth Paltrow, John Cassini, Bob Mack, Peter Crombie, Reg E. Cathey, R. Lee Ermey",Crime,Blu-ray,tt0114369,
A Serious Man,Joel Coen,2009,"Michael Stuhlbarg, Richard Kind, Fred Melamed, Sari Lennick, Aaron Wolff, Jessica McManus, Peter Breitmayer, Brent Braunschweig, David Kang, Benjy Portnoe",Comedy,Blu-ray,tt1019452,
Self/Less,Tarsem Singh,2015,"Ryan Reynolds, Natalie Martinez, Matthew Goode, Ben Kingsley, Victor Garber, Derek Luke, Jaynee-Lynne Kinchen, Melora Hardin, Michelle Dockery, Sam Page",Mystery,DVD,tt2140379,
Scrooged,Richard Donner,1988,"Bill Murray, Karen Allen, John Forsythe, John Glover, Bobcat Goldthwait, David Johansen, Carol Kane, Robert Mitchum, Nicholas Phillips, Michael J. Pollard",Comedy,DVD,tt0096061,
School of Rock,Richard Linklater,2003,"Jack Black, Adam Pascal, Lucas Papaelias, Chris Stack, Sarah Silverman, Mike White, Lucas Babin, Joan Cusack, Jordan-Claire Green, Veronica Afflerbach",Comedy,DVD,tt0332379,
Scarface,Brian De Palma,1983,"Al Pacino, Steven Bauer, Michelle Pfeiffer, Mary Elizabeth Mastrantonio, Robert Loggia, Miriam Colon, F. Murray Abraham, Paul Shenar, Harris Yulin, Ángel Salazar",Action,DVD,tt0086250,
Saving Private Ryan,Steven Spielberg,1998,"Tom Hanks, Tom Sizemore, Edward Burns, Barry Pepper, Adam Goldberg, Vin Diesel, Giovanni Ribisi, Jeremy Davies, Matt Damon, Ted Danson",Action,DVD,tt0120815,
Save the Last Dance,Thomas Carter,2001,"Julia Stiles, Sean Patrick Thomas, Kerry Washington, Fredro Starr, Terry Kinney, Bianca Lawson, Vince Green, Garland Whitt, Elisabeth Oas, Artel Great",Drama,DVD,tt0206275,
Salt,Phillip Noyce,2010,"Angelina Jolie, Liev Schreiber, Chiwetel Ejiofor, Daniel Olbrychski, August Diehl, Daniel Pearce, Hunt Block, Andre Braugher, Olek Krupa, Cassidy Hinkle",Action,Blu-ray,tt0944835,
The Sandlot,David M. Evans,1993,"James Earl Jones, Tom Guiry, Mike Vitar, Patrick Renna, Chauncey Leopardi, Marty York, Brandon Quintin Adams, Grant Gelt, Shane Obedzinski, Victor DiMattia",Comedy,DVD,tt0108037,
San Andreas,Brad Peyton,2015,"Dwayne Johnson, Carla Gugino, Alexandra Daddario, Ioan Gruffudd, Archie Panjabi, Paul Giamatti, Hugo Johnstone-Burt, Art Parkinson, Will Yun Lee, Kylie Minogue",Action,Blu-ray,tt2126355,
The Saint,Phillip Noyce,1997,"Val Kilmer, Elisabeth Shue, Rade Serbedzija, Valeriy Nikolaev, Henry Goodman, Alun Armstrong, Michael Byrne, Evgeniy Lazarev, Irina Apeksimova, Lev Prygunov",Action,DVD,tt0120053,
Sahara,Breck Eisner,2005,"Matthew McConaughey, Steve Zahn, Penélope Cruz, William H. Macy, Rainn Wilson, Delroy Lindo, Lambert Wilson, Lennie James, Robert Cavanah, Jude Akuwudike",Action,DVD,tt0318649,
Safe House,Daniel Espinosa,2012,"Denzel Washington, Ryan Reynolds, Vera Farmiga, Brendan Gleeson, Sam Shepard, Rubén Blades, Nora Arnezeder, Robert Patrick, Liam Cunningham, Joel Kinnaman",Action,Blu-ray,tt1599348,
Sanctum,Alister Grierson,2011,"Richard Roxburgh, Ioan Gruffudd, Rhys Wakefield, Alice Parkinson, Dan Wyllie, Christopher Baker, Nicole Downs, Allison Cratchley, Cramer Cain, Andrew Hansen",Action,DVD,tt0881320,
Sabotage,David Ayer,2014,"Arnold Schwarzenegger, Sam Worthington, Joe Manganiello, Josh Holloway, Terrence Howard, Max Martini, Kevin Vance, Mark Schlegel, Ned Yousef, Mireille Enos",Action,Blu-ray,tt1742334,
The Rundown,Peter Berg,2003,"Dwayne Johnson, Seann William Scott, Rosario Dawson, Christopher Walken, Ewen Bremner, Jon Gries, William Lucking, Ernie Reyes Jr., Stuart F. Wilson, Dennis Keiffer",Action,DVD,tt0327850,
The X-Files: The Collector's Set,Kim Manners,1993,"Gillian Anderson, David Duchovny, Mitch Pileggi, Robert Patrick, Tom Braidwood, William B. Davis, Bruce Harwood, Dean Haglund, Nicholas Lea, Annabeth Gish",Drama,Blu-ray,tt0106179,
Rules of Engagement,William Friedkin,2000,"Tommy Lee Jones, Samuel L. Jackson, Guy Pearce, Ben Kingsley, Bruce Greenwood, Anne Archer, Blair Underwood, Philip Baker Hall, Dale Dye, Amidou",Action,DVD,tt0160797,
Teenage Mutant Ninja Turtles,Steve Barron,1990,"Judith Hoag, Elias Koteas, Josh Pais, Raymond Serra, David Forman, Michelan Sisti, Leif Tilden, Michael Turney, Jay Patterson, Kevin Eastman",Action,VHS,tt0100758,
The Rules of Attraction,Roger Avary,2002,"James Van Der Beek, Shannyn Sossamon, Jessica Biel, Kip Pardue, Kate Bosworth, Ian Somerhalder, Joel Michaely, Jay Baruchel, Thomas Ian Nicholas, Clifton Collins Jr.",Comedy,DVD,tt0292644,
The Terminal,Steven Spielberg,2004,"Tom Hanks, Catherine Zeta-Jones, Stanley Tucci, Chi McBride, Diego Luna, Barry Shabaka Henley, Kumar Pallana, Zoe Saldaña, Eddie Jones, Jude Ciccolella",Comedy,VHS,tt0362227,
Rudy,David Anspaugh,1993,"Sean Astin, Ned Beatty, Greta Lind, Scott Benjaminson, Mary Ann Thebus, Charles S. Dutton, Lili Taylor, Christopher Reed, Deborah Wittenberg, Christopher Erwin",Drama,DVD,tt0108002,
The Terminator,James Cameron,1984,"Arnold Schwarzenegger, Michael Biehn, Linda Hamilton, Paul Winfield, Lance Henriksen, Rick Rossovich, Bess Motta, Earl Boen, Dick Miller, Shawn Schepps",Action,VHS,tt0088247,
Rounders,John Dahl,1998,"Matt Damon, Gretchen Mol, John Malkovich, Paul Cicero, Ray Iannicelli, John Turturro, Merwin Goldsmith, Sonny Zito, Josh Mostel, Mal Z. Lawrence",Crime,Blu-ray,tt0128442,
That Thing You Do!,Tom Hanks,1996,"Tom Everett Scott, Liv Tyler, Johnathon Schaech, Steve Zahn, Ethan Embry, Charlize Theron, Obba Babatundé, Giovanni Ribisi, Chris Ellis",Drama,VHS,tt0117887,
Rocketman,Stuart Gillard,1997,"Harland Williams, Jessica Lundy, William Sadler, Jeffrey DeMunn, James Pickens Jr., Beau Bridges, Peter Onorati, Don Lake, Bill Jenkins, Ken Farmer",Comedy,DVD,tt0120029,
Tin Cup,Ron Shelton,1996,"Kevin Costner, Rene Russo, Don Johnson, Cheech Marin, Linda Hart, Dennis Burkley, Rex Linn, Lou Myers, Richard Lineback, George Perez",Comedy,VHS,tt0117918,
Robocop,Paul Verhoeven,1987,"Peter Weller, Nancy Allen, Dan O'Herlihy, Ronny Cox, Kurtwood Smith, Miguel Ferrer, Robert DoQui, Ray Wise, Felton Perry, Paul McCrane",Action,Blu-ray,tt0093870,
Tombstone,George P. Cosmatos,1993,"Kurt Russell, Val Kilmer, Sam Elliott, Bill Paxton, Powers Boothe, Michael Biehn, Jon Tenney, Peter Sherayko, Stephen C. Foster, Grant James",Action,VHS,tt0108358,
Robin Hood,Ridley Scott,2010,"Russell Crowe, Cate Blanchett, Max Von Sydow, William Hurt, Mark Strong, Oscar Isaac, Danny Huston, Eileen Atkins, Mark Addy, Matthew Macfadyen",Action,DVD,tt0955308,
True Crime,Clint Eastwood,1999,"Isaiah Washington, Lisagay Hamilton, James Woods, Denis Leary, Bernard Hill, Diane Venora, Michael McKean, Michael Jeter, Mary McCormack, Andrew Klavan",Crime,VHS,tt0139668,
A River Runs Through It,Robert Redford,1992,"Craig Sheffer, Brad Pitt, Tom Skerritt, Brenda Blethyn, Emily Lloyd, Edie McClurg, Stephen Shellen, Vann Gravage, Nicole Burdette, Susan Traylor",Drama,DVD,tt0105265,
True Lies,James Cameron,1994,"Arnold Schwarzenegger, Jamie Lee Curtis, Tom Arnold, Bill Paxton, Tia Carrere, Art Malik, Eliza Dushku, Grant Heslov, Marshall Manesh, James Allen",Action,VHS,tt0111503,
Risen,Kevin Reynolds,2016,"Joseph Fiennes, Tom Felton, Peter Firth, Cliff Curtis, María Botto, Luis Callejo, Antonio Gil, Richard Atwill, Stewart Scudamore, Andy Gathergood",Action,DVD,tt3231054,
Twister,Jan De Bont,1996,"Helen Hunt, Bill Paxton, Jami Gertz, Cary Elwes, Philip Seymour Hoffman, Lois Smith, Alan Ruck, Sean Whalen, Scott Thomson, Todd Field",Action,VHS,tt0117998,
Revelation Road: Beginning Of The End,Gabriel Sabloff,2013,"David A.R. White, Brian Bosworth, Logan White, Steve Borden, Noell Coet, Jen Lilley, Eliza Roberts, Bruce Marchiano, Sarah Prikryl, David 'Shark' Fralick",Action,DVD,tt2412746,
Unbreakable,M. Night Shyamalan,2000,"Bruce Willis, Samuel L. Jackson, Robin Wright, Spencer Treat Clark, Charlayne Woodard, Eamonn Walker, Leslie Stefanson, Johnny Hiram Jamison, Michaelia Carroll, Bostin Christopher",Drama,VHS,tt0217869,
Resident Evil: The Final Chapter,Paul W.S. Anderson,2016,"Milla Jovovich, Iain Glen, Ali Larter, Shawn Roberts, Eoin Macken, Fraser James, Ruby Rose, William Levy, Rola, Ever Anderson",Action,DVD,tt2592614,
U.S. Marshals,Stuart Baird,1998,"Tommy Lee Jones, Wesley Snipes, Karen Vaccaro, Dado, Richard Lexsee, Robert Downey Jr., Joe Pantoliano, Daniel Roebuck, Tom Wood, LaTanya Richardson",Action,VHS,tt0120873,
Resident Evil: Afterlife,Paul W.S. Anderson,2010,"Milla Jovovich, Ali Larter, Kim Coates, Shawn Roberts (II), Sergio Peris-Mencheta, Spencer Locke, Boris Kodjoe, Wentworth Miller, Sienna Guillory, Kacey Barnfield",Action,DVD,tt1220634,
Varsity Blues,Brian Robbins,1999,"James Van Der Beek, Jon Voight, Paul Walker, Ron Lester, Scott Caan, Richard Lineback, Tiffany C. Love, Amy Smart, Eliel Swinton, Thomas F. Duffy",Comedy,VHS,tt0139699,
Resident Evil: Extinction,Russell Mulcahy,2007,"Milla Jovovich, Oded Fehr, Ali Larter, Iain Glen, Ashanti, Christopher Egan, Spencer Locke, Matthew Marsden, Linden Ashby, Jason O'Mara",Action,DVD,tt0432021,
Vertical Limit,Martin Campbell,2000,"Chris O'Donnell, Robin Tunney, Stuart Wilson, Augie Davis, Temuera Morrison, Roshan Seth, Alejandro Valdes-Rochin, Nicholas Lea, Rod Brown, Scott Glenn",Action,VHS,tt0190865,
Resident Evil: Apocalypse,Alexander Witt,2004,"Milla Jovovich, Sienna Guillory, Oded Fehr, Thomas Kretschmann, Sophie Vavasseur, Razaaq Adoti, Jared Harris, Mike Epps, Sandrine Holt, Matthew G. Taylor",Action,DVD,tt0318627,
Virus,John Bruno,1999,"Jamie Lee Curtis, William Baldwin, Donald Sutherland, Joanna Pacula, Marshall Bell, Sherman Augustus, Cliff Curtis, Julio Oscar Mechoso, Yuri Chervotkin, Keith Flippen",Action,VHS,tt0120458,
Resident Evil,Paul W.S. Anderson,2002,"Milla Jovovich, Michelle Rodriguez, Eric Mabius, James Purefoy, Martin Crewes, Colin Salmon, Ryan McCluskey, Oscar Pearce, Indra Ové, Anna Bolt",Horror,DVD,tt0120804,
Volcano,Mick Jackson,1997,"Tommy Lee Jones, Anne Heche, Gaby Hoffmann, Don Cheadle, Jacqueline Kim, Keith David, John Corbett, Michael Rispoli, John Carroll Lynch, Marcello Thedford",Action,VHS,tt0120461,
Quentin Tarantino Triple Feature: Reservoir Dogs / Pulp Fiction / Jackie Brown,Quentin Tarantino,,"Harvey Keitel, Tim Roth, Michael Madsen, Chris Penn, Steve Buscemi, Lawrence Tierney, Edward Bunker, Randy Brooks, Kirk Baltz, Roger Avary",Crime,DVD,tt0000000,no year
Waiting to Exhale,Forest Whitaker,1995,"Jeffrey D. Sams, Kenya Moore, Donald Faison, Starletta DuPois, Cordell Conway, Gregory Hines, Bob Huff, Lamont Johnson, Donyell Hinton, Dennis Haysbert",Comedy,VHS,tt0114885,
Reservoir Dogs,Quentin Tarantino,1992,"Harvey Keitel, Tim Roth, Michael Madsen, Chris Penn, Steve Buscemi, Lawrence Tierney, Randy Brooks, Kirk Baltz, Edward Bunker, Roger Avary",Crime,DVD,tt0105236,
Waterworld,Kevin Reynolds,1995,"Kevin Costner, Chaim Jeraffi, Rick Aviles, R.D. Call, Zitto Kazann, Leonardo Cimino, Zakes Mokae, Luke Ka'ili Jr., Anthony DeMasters, Willy Petrovic",Action,VHS,tt0114898,
Requiem for a Dream,Darren Aronofsky,2000,"Ellen Burstyn, Jared Leto, Jennifer Connelly, Marlon Wayans, Christopher McDonald, Louise Lasser, Marcia Jean Kurtz, Janet Sarno, Suzanne Shepherd, Joanne Gordon",Drama,DVD,tt0180093,
The Wedding Planner,Adam Shankman,2001,"Judy Greer, F. William Parker, Alex Rocco, Charles Kimbrough, Susan Mosher, Kevin Pollak, Magali Amadei, Phil Chong, Karon Bihari, Jennifer Lopez",Comedy,VHS,tt0209475,
Repo Men,Miguel Sapochnik,2010,"Jude Law, Forest Whitaker, Alice Braga, Liev Schreiber, Carice van Houten, Chandler Canterbury, Joe Pingue, Liza Lapira, Tiffany Espensen, Yvette Nicole Brown",Action,DVD,tt1053424,
The Wedding Singer,Frank Coraci,1998,"Adam Sandler, Drew Barrymore, Christine Taylor, Allen Covert, Matthew Glave, Ellen Albertini Dow, Angela Featherstone, Alexis Arquette, Christina Pickles, Jodi Thelen",Comedy,VHS,tt0120888,
Red Eye,Wes Craven,2005,"Rachel McAdams, Cillian Murphy, Brian Cox, Jayma Mays, Laura Johnson, Max Kasch, Angela Paton, Suzie Plakson, Jack Scalia, Terry Press",Mystery,DVD,tt0421239,
What Dreams May Come,Vincent Ward,1998,"Robin Williams, Scott Trimble, Carin Sprague, Cuba Gooding Jr., Annabella Sciorra, Max Von Sydow, Jessica Brooks Grant, Josh Paddock, Rosalind Chao, Lucinda Jenney",Drama,VHS,tt0120889,
Red Dragon,Brett Ratner,2002,"Anthony Hopkins, Edward Norton, Ralph Fiennes, Harvey Keitel, Emily Watson, Mary-Louise Parker, Philip Seymour Hoffman, Anthony Heald, Ken Leung, Frankie Faison",Crime,DVD,tt0289765,
Wonder Boys,Curtis Hanson,2000,"Michael Douglas, Tobey Maguire, Frances McDormand, Robert Downey Jr., Katie Holmes, Rip Torn, Richard Knox, Jane Adams, Michael Cavadias, Richard Thomas",Comedy,VHS,tt0185014,
Red Dawn,Dan Bradley,2012,"Chris Hemsworth, Josh Peck, Josh Hutcherson, Adrianne Palicki, Isabel Lucas, Connor Cruise, Edwin Hodge, Brett Cullen, Alyssa Diaz, Julian Alcaraz",Action,DVD,tt1234719,
RED 2,Dean Parisot,2013,"Bruce Willis, John Malkovich, Mary-Louise Parker, Helen Mirren, Anthony Hopkins, Byung-hun Lee, Jong Kun Lee, Catherine Zeta-Jones, Neal McDonough, David Thewlis",Action,DVD,tt1821694,
The Replacements,Howard Deutch,2000,"Keanu Reeves, Gene Hackman, Brooke Langton, Orlando Jones, Faizon Love, Michael Taliferro, Ace Yonamine, Troy Winbush, David Denman, Jon Favreau",Comedy,DVD,tt0191397,
Reign of Fire,Rob Bowman,2002,"Christian Bale, Matthew McConaughey, Izabella Scorupco, Gerard Butler, Scott Moutter, David Kennedy, Alexander Siddig, Ned Dennehy, Rory Keenan, Terence Maynard",Action,DVD,tt0253556,
Ray,Taylor Hackford,2004,"Jamie Foxx, Kerry Washington, Regina King, Clifton Powell, Harry Lennix, Bokeem Woodbine, Aunjanue Ellis, Sharon Warren, C.J. Sanders, Curtis Armstrong",Drama,DVD,tt0350258,
Raising Arizona,Joel Coen,1987,"Nicolas Cage, Holly Hunter, Trey Wilson, John Goodman, William Forsythe, Sam McMurray, Frances McDormand, Randall 'Tex' Cobb, T.J. Kuhn, Lynne Dumin Kitei",Comedy,DVD,tt0093822,
The Quick and the Dead,Sam Raimi,1995,"Sharon Stone, Gene Hackman, Russell Crowe, Leonardo DiCaprio, Tobin Bell, Roberts Blossom, Kevin Conway, Lance Henriksen, Pat Hingle, Gary Sinise",Action,DVD,tt0114214,
Push,Paul McGuigan,2009,"Colin Ford, Joel Gretsch, Djimon Hounsou, Dakota Fanning, Robert Tsonos, Brandon Rhea, Camilla Belle, Neil Jackson, Chris Evans, Kai Cheung Leung",Science-Fiction,DVD,tt0465580,
Pump Up the Volume,Allan Moyle,1990,"Christian Slater, Annie Ross, Andy Romano, Scott Paulin, Mimi Kennedy, Anthony Lucero, Billy Morrissette, Robert Schenkkan, Samantha Mathis, Cheryl Pollak",Comedy,DVD,tt0100436,
P.S. I Love You,Richard LaGravenese,2007,"Hilary Swank, Gerard Butler, Lisa Kudrow, Gina Gershon, James Marsters, Kathy Bates, Harry Connick Jr., Nellie McKay, Jeffrey Dean Morgan, Christopher Whalen",Drama,DVD,tt0431308,
Priest,Scott Charles Stewart,2011,"Paul Bettany, Karl Urban, Cam Gigandet, Maggie Q, Lily Collins, Brad Dourif, Stephen Moyer, Christopher Plummer, Alan Dale, Mädchen Amick",Action,Blu-ray,tt0822847,
Pride and Glory,Gavin O'Connor,2008,"Colin Farrell, Edward Norton, Jon Voight, Noah Emmerich, Jennifer Ehle, John Ortiz, Frank Grillo, Shea Whigham, Lake Bell, Carmen Ejogo",Crime,DVD,tt0482572,
The Prestige,Christopher Nolan,2006,"Hugh Jackman, Christian Bale, Michael Caine, Piper Perabo, Rebecca Hall, Scarlett Johansson, Samantha Mahurin, David Bowie, Andy Serkis, Daniel Davis",Drama,DVD,tt0482571,
Premonition,Mennan Yapo,2007,"Sandra Bullock, Julian McMahon, Shyann McClure, Courtney Taylor Burness, Nia Long, Irene Ziegler, Kate Nelligan, Marc Macaulay, Amber Valletta, Peter Stormare",Drama,DVD,tt0477071,
Premium Rush,David Koepp,2012,"Joseph Gordon-Levitt, Dania Ramirez, Sean Kennedy, Kym Perfetto, Anthony Chisholm, Ashley Austin Morris, Wolé Parks, Kevin Bolger, Aasif Mandvi, Lauren Ashley Carter",Action,Blu-ray,tt1547234,
Predator Triple Feature,,,,,DVD,tt0000000,no year; no director; no actors; no genre
Poseidon,Wolfgang Petersen,2006,"Josh Lucas, Kurt Russell, Jacinda Barrett, Richard Dreyfuss, Emmy Rossum, Mía Maestro, Mike Vogel, Kevin Dillon, Freddy Rodríguez, Jimmy Bennett",Action,Blu-ray,tt0409182,
Poltergeist,Gil Kenan,2015,"Sam Rockwell, Rosemarie DeWitt, Saxon Sharbino, Kyle Catlett, Kennedi Clements, Jared Harris, Jane Adams, Susan Heyward, Nicholas Braun, Karen Ivany",Horror,DVD,tt1029360,
Panic Room,David Fincher,2002,"Jodie Foster, Kristen Stewart, Forest Whitaker, Dwight Yoakam, Jared Leto, Patrick Bauchau, Ann Magnuson, Ian Buchanan, Andrew Kevin Walker, Paul Schulze",Crime,DVD,tt0258000,
Police Academy,Hugh Wilson,1984,"Steve Guttenberg, Kim Cattrall, G.W. Bailey, Bubba Smith, Donovan Scott, George Gaynes, Andrew Rubin, David Graf, Leslie Easterbrook, Michael Winslow",Comedy,DVD,tt0087928,
The X Files: Fight the Future,Rob Bowman,1998,"Gillian Anderson, Ted King, Luis Beckford, Steve Rankin, Steven M. Gagnon, Larry Joshua, Glendon Rich, Gunther Jenson, Tom Woodruff Jr., Scott Alan Smith",Mystery,VHS,tt0120902,
Point Break,Kathryn Bigelow,1991,"Patrick Swayze, Keanu Reeves, Gary Busey, Lori Petty, John C. McGinley, James LeGros, John Philbin, Bojesse Christopher, Julian Reyes, Daniel Beer",Action,DVD,tt0102685,
Aladdin,Ron Clements,1992,"Scott Weinger, Robin Williams, Linda Larkin, Jonathan Freeman, Frank Welker, Gilbert Gottfried, Douglas Seale, Charlie Adler, Jack Angel, Corey Burton",Action,VHS,tt0103639,
Dawn of the Planet of the Apes,Matt Reeves,2014,"Andy Serkis, Jason Clarke, Gary Oldman, Keri Russell, Toby Kebbell, Kodi Smit-McPhee, Kirk Acevedo, Nick Thurston, Terry Notary, Karin Konoval",Action,DVD,tt2103281,
Rise of the Planet of the Apes,Rupert Wyatt,2011,"James Franco, Freida Pinto, John Lithgow, Brian Cox, Tom Felton, David Oyelowo, Tyler Labine, Jamie Harris, David Hewlett, Ty Olsson",Action,DVD,tt1318514,
Pirate Radio (The Boat That Rocled),Richard Curtis,2009,"Philip Seymour Hoffman, Bill Nighy, Rhys Ifans, Nick Frost, Kenneth Branagh, Tom Sturridge, Chris O'Dowd, Ralph Brown, Jack Davenport, January Jones",Comedy,DVD,tt1131729,
Pirates of the Caribbean: On Stranger Tides,Rob Marshall,2011,"Johnny Depp, Penélope Cruz, Geoffrey Rush, Ian McShane, Kevin McNally, Sam Claflin, Astrid Berges-Frisbey, Stephen Graham, Keith Richards, Richard Griffiths",Action,DVD,tt1298650,
Pirates of the Caribbean 3: At World's End,Gore Verbinski,2007,"Johnny Depp, Geoffrey Rush, Orlando Bloom, Keira Knightley, Jack Davenport, Bill Nighy, Jonathan Pryce, Lee Arenberg, Mackenzie Crook, Kevin McNally",Action,Blu-ray,tt0449088,
Pirates of the Caribbean 2: Dead Man's Chest,Gore Verbinski,2006,"Johnny Depp, Orlando Bloom, Keira Knightley, Jack Davenport, Bill Nighy, Jonathan Pryce, Lee Arenberg, Mackenzie Crook, Kevin McNally, David Bailie",Action,Blu-ray,tt0383574,
Pirates of the Caribbean: The Curse of the Black Pearl,Gore Verbinski,2003,"Johnny Depp, Geoffrey Rush, Orlando Bloom, Keira Knightley, Jack Davenport, Jonathan Pryce, Lee Arenberg, Mackenzie Crook, Damian O'Hare, Giles New",Action,DVD,tt0325980,
Pink Floyd: The Wall,Alan Parker,1982,"Christine Hargreaves, James Laurenson, Eleanor David, Kevin McKeon, Bob Hoskins, David Bingham, Jenny Wright, Alex McAvoy, Ellis Dale, James Hazeldine",Music,DVD,tt0084503,
The Perfect Storm,Wolfgang Petersen,2000,"George Clooney, Mark Wahlberg, Diane Lane, John C. Reilly, William Fichtner, John Hawkes, Allen Payne, Mary Elizabeth Mastrantonio, Karen Allen, Cherry Jones",Action,DVD,tt0177971,
A Perfect Murder,Andrew Davis,1998,"Michael Douglas, Gwyneth Paltrow, Viggo Mortensen, David Suchet, Sarita Choudhury, Michael P. Moran, Novella Nelson, Constance Towers, Will Lyman, Maeve McGuire",Crime,DVD,tt0120787,
A Perfect Getaway,David Twohy,2009,"Mercedes Leggett, Mike Begovich, Evelyn Lopez, Brian Tester, Timothy Olyphant, John T. Cogan, Katie Chonacas, Carlos Alberto Lopez, Milla Jovovich, Travis Willingham",Drama,DVD,tt0971209,
Percy Jackson & The Olympians: The Lightning Thief,Chris Columbus,2010,"Logan Lerman, Brandon T. Jackson, Alexandra Daddario, Jake Abel, Sean Bean, Pierce Brosnan, Steve Coogan, Rosario Dawson, Melina Kanakaredes, Catherine Keener",Adventure,DVD,tt0814255,
Payback,Brian Helgeland,1999,"Mel Gibson, Gregg Henry, Maria Bello, David Paymer, Bill Duke, Deborah Kara Unger, John Glover, William Devane, Lucy Liu, Jack Conley",Crime,DVD,tt0120784,
Patch Adams,Tom Shadyac,1998,"Robin Williams, Daniel London, Monica Potter, Philip Seymour Hoffman, Bob Gunton, Josef Sommer, Irma P. Hall, Frances Lee McCain, Harve Presnell, Daniella Kuhn",Comedy,DVD,tt0129290,
Pacific Rim,Guillermo del Toro,2013,"Charlie Hunnam, Diego Klattenhoff, Idris Elba, Rinko Kikuchi, Charlie Day, Burn Gorman, Max Martini, Robert Kazinsky, Clifton Collins Jr., Ron Perlman",Action,DVD,tt1663662,
The Other Guys,Adam McKay,2010,"Will Ferrell, Mark Wahlberg, Samuel L. Jackson, Dwayne Johnson, Michael Keaton, Derek Jeter, Eva Mendes, Larnell Stovall, Damon Wayans Jr., Jalil Jay Lynch",Action,DVD,tt1386588,
Outbreak,Wolfgang Petersen,1995,"Dustin Hoffman, Rene Russo, Morgan Freeman, Kevin Spacey, Cuba Gooding Jr., Donald Sutherland, Patrick Dempsey, Zakes Mokae, Malick Bowens, Susan Lee Hoffman",Drama,DVD,tt0114069,
London Has Fallen,,2016,"Alon Aboutboul, Waleed Zuaiter, Adel Bencherif, Mehdi Dehbi, Shivaani Ghai, Martin Petrushev, Owen Davis, Gerard Butler, Aaron Eckhart, Michael Wildman",Action,DVD,tt3300542,no director
Olympus Has Fallen,Antoine Fuqua,2013,"Gerard Butler, Aaron Eckhart, Finley Jacobsen, Dylan McDermott, Rick Yune, Morgan Freeman, Angela Bassett, Melissa Leo, Radha Mitchell, Cole Hauser",Action,DVD,tt2302755,
Ocean's Thirteen,Steven Soderbergh,2007,"George Clooney, Brad Pitt, Matt Damon, Andy Garcia, Don Cheadle, Bernie Mac, Ellen Barkin, Al Pacino, Casey Affleck, Scott Caan",Comedy,DVD,tt0496806,
Ocean's Twelve,Steven Soderbergh,2004,"Bruce Willis, Brad Pitt, Casey Affleck, Candice Azzara, George Clooney, Eddie Jemison, Michael Delano, Bryan Holly, Matt Damon, Bernie Mac",Comedy,DVD,tt0349903,
Oblivion,Joseph Kosinski,2013,"Tom Cruise, Morgan Freeman, Olga Kurylenko, Andrea Riseborough, Nikolaj Coster-Waldau, Melissa Leo, Zoe Bell, David Madison, John L. Armijo, Fileena Bahris",Action,DVD,tt1483013,
Now You See Me,Louis Leterrier,2013,"Jesse Eisenberg, Mark Ruffalo, Woody Harrelson, Isla Fisher, Dave Franco, Mélanie Laurent, Morgan Freeman, Michael Caine, Michael Kelly (V), Common",Crime,DVD,tt1670345,
The Notebook,Nick Cassavetes,2004,"James Garner, James Marsden, Rachel McAdams, Gena Rowlands, Rebecca Koon, Deborah Hobart, Ryan Gosling, Matthew Barry, Obba Babatundé, Todd Lewis",Drama,DVD,tt0332280,
The Next Three Days,Paul Haggis,2010,"Russell Crowe, Elizabeth Banks, Michael Buie, Moran Atias, Remy Nozik, Toby Green, Tyler Green, Jason Beghe, Aisha Hinds, Ty Simpkins",Crime,Blu-ray,tt1458175,
The Net,Irwin Winkler,1995,"Sandra Bullock, Jeremy Northam, Dennis Miller, Diane Baker, Wendy Gazelle, Ken Howard, Ray McKinnon, Daniel Schorr, L. Scott Caldwell, Robert Gossett",Action,DVD,tt0113957,
The Negotiator,F. Gary Gray,1998,"Samuel L. Jackson, Kevin Spacey, David Morse, Ron Rifkin, John Spencer, J.T. Walsh, Siobhan Fallon, Paul Giamatti, Regina Taylor, Bruce Beatty",Action,DVD,tt0120768,
Need for Speed,Scott Waugh,2014,"Aaron Paul, Dominic Cooper, Imogen Poots, Scott Mescudi, Rami Malek, Ramon Rodriguez, Harrison Gilbertson, Dakota Johnson, Stevie Ray Dallimore, Michael Keaton",Action,DVD,tt2369135,
National Treasure 2: Book of Secrets,Jon Turteltaub,2007,"Nicolas Cage, Justin Bartha, Diane Kruger, Jon Voight, Helen Mirren, Ed Harris, Harvey Keitel, Bruce Greenwood, Ty Burrell, Michael Maize",Action,DVD,tt0465234,
National Treasure,Jon Turteltaub,2004,"Nicolas Cage, Diane Kruger, Justin Bartha, Sean Bean, Jon Voight, Harvey Keitel, Christopher Plummer, David Dayan Fisher, Stewart Finlay-McLennan, Oleg Taktarov",Action,DVD,tt0368891,
The Naked Gun: From The Files Of Police Squad!,David Zucker,1988,"Leslie Nielsen, Priscilla Presley, Ricardo Montalban, George Kennedy, O.J. Simpson, Raye Birk, Jeannette Charles, Ed Williams, Tiny Ron, 'Weird Al' Yankovic",Action,DVD,tt0095705,
Aladdin: The Return of Jafar,Tad Stones,1994,"Jonathan Freeman, Gilbert Gottfried, Jason Alexander, Scott Weinger, Linda Larkin, Jim Cummings, Frank Welker, Dan Castellaneta, Val Bettin, Brad Kane",Animation,VHS,tt0107952,
Edward Scissorhands,Tim Burton,1990,"Johnny Depp, Winona Ryder, Dianne Wiest, Anthony Michael Hall, Kathy Baker, Robert Oliveri, Conchata Ferrell, Caroline Aaron, Dick Anthony Williams, O-Lan Jones",Comedy,VHS,tt0099487,
Flubber,Les Mayfield,1997,"Adryenn Ashley, Scott Bowe, Chris Chapo, Teresa Couch, Ray Doherty, Erica Engelhardt, Ken Hoffman, Moya Huffman, Pat Hughes, Bernadette Humphrey",Comedy,VHS,tt0119137,
Free Willy,Simon Wincer,1993,"Jason James Richter, Lori Petty, Jayne Atkinson, August Schellenberg, Michael Madsen, Michael Ironside, Richard Riehle, Mykelti Williamson, Michael Bacall, Danielle Harris",Adventure,VHS,tt0106965,
Free Willy 2: The Adventure Home,Dwight H. Little,1995,"Jason James Richter, Francis Capra, Mary Kate Schellhardt, August Schellenberg, Michael Madsen, Jayne Atkinson, Mykelti Williamson, Elizabeth Peña, Jon Tenney, Paul Tuerpe",Adventure,VHS,tt0113114,
Hook,Steven Spielberg,1991,"Dustin Hoffman, Robin Williams, Julia Roberts, Bob Hoskins, Maggie Smith, Caroline Goodall, Charlie Korsmo, Amber Scott, Laurel Cronin, Phil Collins",Adventure,VHS,tt0102057,
Jumanji,Joe Johnston,1995,"Robin Williams, Jonathan Hyde, Kirsten Dunst, Bradley Pierce, Bonnie Hunt, Bebe Neuwirth, David Alan Grier, Patricia Clarkson, Adam Hann-Byrd, Laura Bell Bundy",Adventure,VHS,tt0113497,
"Mystery, Alaska",Jay Roach,1999,"Russell Crowe, Hank Azaria, Mary McCormack, Burt Reynolds, Colm Meaney, Lolita Davidovich, Maury Chaykin, Ron Eldard, Ryan Northcott, Michael Buie",Comedy,DVD,tt0134618,
The Jungle Book,Wolfgang Reitherman,1967,"Phil Harris, Sebastian Cabot, Bruce Reitherman, George Sanders, Sterling Holloway, Louis Prima, J. Pat O'Malley, Verna Felton, Clint Howard, Chad Stuart",Adventure,VHS,tt0061852,
My Cousin Vinny,Jonathan Lynn,1992,"Joe Pesci, Ralph Macchio, Marisa Tomei, Mitchell Whitfield, Fred Gwynne, Lane Smith, Austin Pendleton, Bruce McGill, Maury Chaykin, Paulene Myers",Comedy,DVD,tt0104952,
Master and Commander: The Far Side of the World,Peter Weir,2003,"Russell Crowe, Paul Bettany, James D'Arcy, Edward Woodall, Chris Larkin, Max Pirkis, Jack Randall, Max Benitz, Lee Ingleby, Richard Pates",Action,DVD,tt0311113,
Murder by Numbers,Barbet Schroeder,2002,"Sandra Bullock, Ben Chaplin, Ryan Gosling, Michael Pitt, Agnes Bruckner, Chris Penn, R.D. Call, Tom Verica, Janni Brenn, John Vickery",Crime,DVD,tt0264935,
Man Of the House,Stephen Herek,2005,"Tommy Lee Jones, Cedric The Entertainer, Christina Milian, Paula Garcés, Monica Keena, Vanessa Ferlito, Kelli Garner, Anne Archer, Brian Van Holt, Shea Whigham",Action,DVD,tt0331933,
Mr. & Mrs. Smith,Doug Liman,2005,"Brad Pitt, Angelina Jolie, Vince Vaughn, Adam Brody, Kerry Washington, Keith David, Chris Weitz, Rachael Huntley, Michelle Monaghan, Stephanie March",Action,DVD,tt0356910,
Mr. Brooks,Bruce A. Evans,2007,"Kevin Costner, Demi Moore, Dane Cook, William Hurt, Marg Helgenberger, Ruben Santiago-Hudson, Danielle Panabaker, Aisha Hinds, Lindsay Crouse, Jason Lewis",Drama,DVD,tt0780571,
Monty Python's Life of Brian,Terry Jones,1979,"Graham Chapman, John Cleese, Terry Gilliam, Eric Idle, Michael Palin, Terence Bayler, Carol Cleveland, Kenneth Colley, Neil Innes",Comedy,Blu-ray,tt0079470,
Monty Python and the Holy Grail,Terry Gilliam,1975,"Graham Chapman, John Cleese, Eric Idle, Terry Jones, Michael Palin, Connie Booth, Carol Cleveland, Neil Innes, Bee Duffell",Adventure,DVD,tt0071853,
The Monuments Men,George Clooney,2014,"Matt Damon, Bill Murray, Cate Blanchett, John Goodman, Jean Dujardin, Hugh Bonneville, Bob Balaban, Dimitri Leonidas, Holger Handtke, Grant Heslov",Drama,DVD,tt2177771,
Money Monster,Jodie Foster,2016,"George Clooney, Julia Roberts, Jack O'Connell, Dominic West, Caitriona Balfe, Giancarlo Esposito, Christopher Denham, Lenny Venito, Chris Bauer, Dennis Boutsikaris",Crime,DVD,tt2241351,
Mission: Impossible: Rogue Nation,Christopher McQuarrie,2015,"Tom Cruise, Jeremy Renner, Simon Pegg, Rebecca Ferguson, Ving Rhames, Sean Harris, Simon McBurney, Jingchu Zhang, Tom Hollander, Jens Hultén",Action,DVD,tt2381249,
Mission: Impossible: Ghost Protocol,Brad Bird,2011,"Tom Cruise, Paula Patton, Simon Pegg, Jeremy Renner, Michael Nyqvist, Vladimir Mashkov, Samuli Edelmann, Ivan Shvedoff, Anil Kapoor, Léa Seydoux",Action,DVD,tt1229238,
M:I:III,J.J. Abrams,2006,"Tom Cruise, Philip Seymour Hoffman, Ving Rhames, Billy Crudup, Michelle Monaghan, Jonathan Rhys Meyers, Keri Russell, Maggie Q, Simon Pegg, Eddie Marsan",Action,DVD,tt0317919,
Miracles from heaven,Patricia Riggen,2016,"Jennifer Garner, Kylie Rogers, Martin Henderson, Brighton Sharbino, Courtney Fansler, Queen Latifah, Eugenio Derbez, Kelly Collins Lintz, John Carroll Lynch, Brandon Spink",Drama,Blu-ray,tt4257926,
Mind Hunters,Renny Harlin,2004,"Jonny Lee Miller, Kathryn Morris, Christian Slater, LL Cool J, Patricia Velasquez, Cassandra Bell, Daniël Boissevain, Antonie Kamerling, Jasmine Sendar, Trevor White",Action,DVD,tt0297284,
Mickey Blue Eyes,Kelly Makin,1999,"Hugh Grant, Felicia Scarangello, Joseph R. Gannascoli, Rocco Musacchia, John Di Benedetto, Bruno Gioiello, Richard Topol, Frank Senger, Margaret Devine, Maria Ottavia",Comedy,DVD,tt0130121,
Michael Jackson's This Is It,Kenny Ortega,2009,"Michael Jackson, Alex Al, Nick Bass, Michael Bearden, Daniel Celebre, Mekia Cox, Misha Gabriel, Chris Grant, Judith Hill, Dorian Holley",Documentary,DVD,tt1477715,
Message in a Bottle,Luis Mandoki,1999,"Kevin Costner, Robin Wright, Paul Newman, John Savage, Illeana Douglas, Robbie Coltrane, Jesse James, Bethel Leslie, Tom Aldredge, Viveka Davis",Drama,DVD,tt0139462,
Men of Honor,George Tillman Jr.,2000,"Robert de Niro, Cuba Gooding Jr., Charlize Theron, Aunjanue Ellis, Hal Holbrook, Michael Rapaport, Powers Boothe, David Keith, Holt McCallany, David Conrad",Drama,DVD,tt0203019,
The Mexican,Gore Verbinski,2001,"Brad Pitt, Julia Roberts, James Gandolfini, J.K. Simmons, Bob Balaban, Sherman Augustus, Michael Cerveris, Gene Hackman, Richard Coca, David Krumholtz",Action,DVD,tt0236493,
The Men Who Stare At Goats,Grant Heslov,2009,"George Clooney, Ewan McGregor, Jeff Bridges, Kevin Spacey, Stephen Lang, Robert Patrick, Waleed Zuaiter, Stephen Root, Glenn Morshower, Nick Offerman",Comedy,DVD,tt1234548,
Men in Black 3,Barry Sonnenfeld,2012,"Will Smith, Tommy Lee Jones, Josh Brolin, Jemaine Clement, Emma Thompson, Michael Stuhlbarg, Mike Colter, Nicole Scherzinger, Michael Chernus, Alice Eve",Action,DVD,tt1409024,
Memento,Christopher Nolan,2000,"Guy Pearce, Carrie-Anne Moss, Joe Pantoliano, Mark Boone Junior, Russ Fega, Jorja Fox, Stephen Tobolowsky, Harriet Sansom Harris, Thomas Lennon, Callum Keith Rennie",Crime,DVD,tt0209144,
Meet Joe Black,Martin Brest,1998,"Brad Pitt, Anthony Hopkins, Claire Forlani, Jake Weber, Marcia Gay Harden, Jeffrey Tambor, David S. Howard, Lois Kelly-Miller, Jahnni St. John, Richard Clarke",Drama,DVD,tt0119643,
Max Payne,John Moore,2008,"Mark Wahlberg, Mila Kunis, Beau Bridges, Ludacris, Chris O'Donnell, Donal Logue, Amaury Nolasco, Kate Burton, Olga Kurylenko, Rothaford Gray",Action,DVD,tt0467197,
The Matrix Reloaded,Lana Wachowski,2003,"Ray Anthony, Christine Anu, Andy Arness, Alima Ashton-Sheibu, Helmut Bakaitis, Steve Bastoni, Don Battee, Monica Bellucci, Daniel Bernhardt, Valerie Berry",Action,DVD,tt0234215,
The Matrix,Andy Wachowski,1999,"Keanu Reeves, Laurence Fishburne, Carrie-Anne Moss, Hugo Weaving, Gloria Foster, Joe Pantoliano, Marcus Chong, Julian Arahanga, Matt Doran, Belinda McClory",Action,DVD,tt0133093,
Man of the Year,Barry Levinson,2006,"Robin Williams, Christopher Walken, Laura Linney, Lewis Black, Jeff Goldblum, David Alpay, Faith Daniels, Tina Fey, Amy Poehler, Doug Murray",Comedy,DVD,tt0483726,
Man Of Steel,Zack Snyder,2013,"Henry Cavill, Amy Adams, Michael Shannon, Diane Lane, Russell Crowe, Antje Traue, Harry Lennix, Richard Schiff, Christopher Meloni, Kevin Costner",Action,DVD,tt0770828,
The Man from U.N.C.L.E,Guy Ritchie,2015,"Henry Cavill, Alicia Vikander, Armie Hammer, Elizabeth Debicki, Hugh Grant, David Beckham, Jared Harris, Ekaterina Zalitko, Joana Metrass, Luca Calvani",Action,DVD,tt1638355,
Romantic Comedy Double Feature,,,,,DVD,tt0000000,no year; no director; no actors; no genre
The Lion King,Roger Allers,1994,"Rowan Atkinson, Matthew Broderick, Niketa Calame-Harris, Jim Cummings, Whoopi Goldberg, Robert Guillaume, Jeremy Irons, James Earl Jones, Moira Kelly, Nathan Lane",Adventure,VHS,tt0110357,
The Magnificent Seven,Antoine Fuqua,2016,"Denzel Washington, Chris Pratt, Ethan Hawke, Vincent D'Onofrio, Byung-hun Lee, Manuel Garcia-Rulfo, Martin Sensmeier, Haley Bennett, Peter Sarsgaard, Luke Grimes",Action,DVD,tt2404435,
Maid In Manhattan,Wayne Wang,2002,"Jennifer Lopez, Ralph Fiennes, Natasha Richardson, Stanley Tucci, Tyler Posey, Frances Conroy, Chris Eigeman, Amy Sedaris, Marissa Matrone, Priscilla Lopez",Comedy,DVD,tt0252076,
The Nightmare Before Christmas,Henry Selick,1993,"Danny Elfman, Chris Sarandon, Catherine O'Hara, William Hickey, Glenn Shadix, Paul Reubens, Ken Page, Edward Ivory, Susan McBride, Debi Durst",Animation,VHS,tt0107688,
Mad Max: Fury Road,George Miller,2015,"Tom Hardy, Charlize Theron, Nicholas Hoult, Hugh Keays-Byrne, Josh Helman, Nathan Jones, Zoë Kravitz, Rosie Huntington-Whiteley, Riley Keough, Abbey Lee",Action,DVD,tt1392190,
Fools Rush In,Andy Tennant,1997,"Matthew Perry, Salma Hayek, Jon Tenney, Carlos Gómez, Tomas Milian, Siobhan Fallon, John Bennett Perry, Stanley DeSantis, Suzanne Snyder, Anne Betancourt",Comedy,DVD,tt0119141,
Pete's Dragon,Don Chaffey,1977,"Helen Reddy, Jim Dale, Mickey Rooney, Red Buttons, Shelley Winters, Sean Marshall, Jane Kean, Jim Backus, Charles Tyner, Gary Morgan",Adventure,VHS,tt0076538,
Made Of Honor,Paul Weiland,2008,"Patrick Dempsey, Kevin McKidd, Kadeem Hardison, Chris Messina, Richmond Arquette, Busy Philipps, Whitney Cummings, Emily Nelson, Kathleen Quinlan, Selma Stern",Comedy,DVD,tt0866439,
Spirit: Stallion of the Cimarron,Kelly Asbury,2002,"Matt Damon, James Cromwell, Daniel Studi, Chopper Bernet, Jeff LeBeau, John Rubano, Richard McGonagle, Matt Levin, Adam Paul, Robert Cait",Adventure,VHS,tt0166813,
Lucy,Luc Besson,2014,"Scarlett Johansson, Morgan Freeman, Min-sik Choi, Amr Waked, Julian Rhind-Tutt, Pilou Asbæk, Lio Tipton, Nicolas Phongpheth, Paul Lefevre, Jan Oliver Schroeder",Action,DVD,tt2872732,
Tom and Huck,Peter Hewitt,1995,"Jonathan Taylor Thomas, Brad Renfro, Eric Schweig, Charles Rocket, Amy Wright, Michael McShane, Marian Seldes, Rachael Leigh Cook, Lanny Flaherty, Courtland Mead",Comedy,VHS,tt0112302,
Lucky Number Slevin,Paul McGuigan,2006,"Daniel Kash, Dmitry Chepovetsky, Sam Jaeger, Danny Aiello, Oliver Davis, Corey Stoll, Howard Jerome, J.D. Jackson, Jennifer Miller, Sebastien Roberts",Crime,DVD,tt0425210,
The Lucky One,Scott Hicks,2012,"Zac Efron, Taylor Schilling, Blythe Danner, Riley Thomas Stewart, Jay R. Ferguson, Adam LeFevre, Robert Hayes, Joe Chrest, Russell Durham Comegys, Sharon Morris",Drama,DVD,tt1327194,
Love and Basketball,Gina Prince-Bythewood,2000,"Glenndon Chatman, Jess Willard, Chris Warren Jr., Kyla Pratt, Alfre Woodard, Naykia Harris, Harry Lennix, Debbi Morgan, Dennis Haysbert, Sanaa Lathan",Drama,DVD,tt0199725,
The Losers,Sylvain White,2010,"Jeffrey Dean Morgan, Zoe Saldana, Chris Evans, Idris Elba, Columbus Short, Óscar Jaenada, Jason Patric, Holt McCallany, Peter Macdissi, Peter Francis James",Action,DVD,tt0480255,
Lord of War,Andrew Niccol,2005,"Nicolas Cage, Bridget Moynahan, Jared Leto, Shake Toukhmanian, Jean-Pierre Nshanian, Jared Burke, Eric Uys, David Shumbris, Stewart Morgan, Jasper Lenz",Drama,DVD,tt0399295,
The Lord of the Rings: The Two Towers,Peter Jackson,2002,"Bruce Allpress, Sean Astin, John Bach, Sala Baker, Cate Blanchett, Orlando Bloom, Billy Boyd, Jed Brophy, Sam Comery, Brad Dourif",Fantasy,DVD,tt0167261,
The Lord of the Rings: The Return of the King,Peter Jackson,2003,"Elijah Wood, Ian McKellen, Liv Tyler, Noel Appleby, Alexandra Astin, Viggo Mortensen, Sean Astin, Cate Blanchett, John Rhys-Davies, Bernard Hill",Action,DVD,tt0167260,
Looper,Rian Johnson,2012,"Joseph Gordon-Levitt, Bruce Willis, Emily Blunt, Paul Dano, Noah Segan, Piper Perabo, Jeff Daniels, Pierce Gagnon, Qing Xu, Tracie Thoms",Action,Blu-ray,tt1276104,
The Longest Ride,George Tillman Jr.,2015,"Britt Robertson, Scott Eastwood, Alan Alda, Jack Huston, Oona Chaplin, Melissa Benoist, Lolita Davidovich, Elea Oberon, Kate Forbes, Tiago Riani",Drama,DVD,tt2726560,
Lone Survivor,Peter Berg,2013,"Mark Wahlberg, Taylor Kitsch, Emile Hirsch, Ben Foster, Yousuf Azami, Ali Suliman, Rohan Chand, Eric Bana, Alexander Ludwig, Rich Ting",Action,DVD,tt1091191,
The Lincoln Lawyer,Brad Furman,2011,"Matthew McConaughey, Marisa Tomei, Ryan Phillippe, William H. Macy, Josh Lucas, John Leguizamo, Michael Peña, Bob Gunton, Frances Fisher, Bryan Cranston",Crime,DVD,tt1189340,
Life of Pi,Ang Lee,2012,"Suraj Sharma, Irrfan Khan, Ayush Tandon, Gautam Belur, Adil Hussain, Tabu, Ayan Khan, Mohd Abbas Khaleeli, Vibish Sivakumar, Rafe Spall",Adventure,DVD,tt0454876,
The Life of David Gale,Alan Parker,2003,"Kevin Spacey, Kate Winslet, Laura Linney, Gabriel Mann, Matt Craven, Jim Beaver, Rhona Mitra, Chris Warner, Cindy Michelle, Melissa McCarthy",Drama,DVD,tt0289992,
Legend,Brian Helgeland,2015,"Colin Morgan, Tom Hardy, Christopher Eccleston, Joshua Hill, Emily Browning, Paul Anderson, Tara Fitzgerald, Nicholas Farrell, Adam Fogerty, Mel Raido",Crime,DVD,tt3569230,
The League of Extraordinary Gentlemen,Stephen Norrington,2003,"Sean Connery, Naseeruddin Shah, Peta Wilson, Tony Curran, Stuart Townsend, Shane West, Jason Flemyng, Richard Roxburgh, Max Ryan, Tom Goodman-Hill",Action,DVD,tt0311429,
The Legend of Bagger Vance,Robert Redford,2000,"Will Smith, Matt Damon, Charlize Theron, Bruce McGill, Joel Gretsch, J. Michael Moncrief, Lane Smith, Peter Gerety, Michael O'Neill, Thomas Jay Ryan",Action,DVD,tt0146984,
The Lawnmower Man,Brett Leonard,1992,"Jeff Fahey, Pierce Brosnan, Jenny Wright, Mark Bringleson, Geoffrey Lewis, Jeremy Slate, Dean Norris, Colleen Coffey, Jim Landis, Troy Evans",Action,DVD,tt0104692,
The Last Stand,Kim Jee-woon,2013,"Arron Shiver, Arnold Schwarzenegger, Forest Whitaker, Titos Menchaca, Richard Dillard, Eduardo Noriega, Luis Guzmán, Doug Jackson, Jaimie Alexander, Mathew Greer",Action,DVD,tt1549920,
The Last Song,Julie Anne Robinson,2010,"Miley Cyrus, Greg Kinnear, Bobby Coleman, Liam Hemsworth, Hallock Beals, Kelly Preston, Nick Lashaway, Carly Chaikin, Kate Vernon, Nick Searcy",Drama,DVD,tt1294226,
The Last Samurai,Edward Zwick,2003,"Lee Murayama, Takeru Shimizu, Shinji Suzuki, Hisao Takeda, Ryoichiro Yonekura, Ryoichi Noguchi, Darin Fujimori, Tom Cruise, Ken Watanabe, William Atherton",Action,DVD,tt0325710,
Lara Croft: Tomb Raider: The Cradle of Life,Jan De Bont,2003,"Angelina Jolie, Gerard Butler, Ciarán Hinds, Chris Barrie, Noah Taylor, Djimon Hounsou, Til Schweiger, Simon Yam, Terence Yin, Daniel Caltagirone",Action,DVD,tt0325703,
Lara Croft: Tomb Raider,Simon West,2001,"Angelina Jolie, Jon Voight, Iain Glen, Noah Taylor, Daniel Craig, Richard Johnson, Chris Barrie, Julian Rhind-Tutt, Leslie Phillips, Robert Phillips",Action,DVD,tt0146316,
Lakeview Terrace,Neil LaBute,2008,"Samuel L. Jackson, Patrick Wilson, Kerry Washington, Ron Glass, Justin Chambers, Jay Hernandez, Regine Nehy, Jaishon Fisher, Robert Pine, Keith Loneker",Drama,DVD,tt0947802,
The Lake House,Alejandro Agresti,2006,"Keanu Reeves, Sandra Bullock, Christopher Plummer, Ebon Moss-Bachrach, Willeke van Ammelrooy, Dylan Walsh, Shohreh Aghdashloo, Lynn Collins, Mike Bacarella, Kevin Brennan",Drama,DVD,tt0410297,
The Ladykillers,Joel Coen,2004,"Tom Hanks, Irma P. Hall, Marlon Wayans, J.K. Simmons, Tzi Ma, Ryan Hurst, Diane Delano, George Wallace, John McConnell, Jason Weaver",Comedy,DVD,tt0335245,
Maze Runner: The Scorch Trials,Wes Ball,2015,"Dylan O'Brien, Ki Hong Lee, Kaya Scodelario, Thomas Brodie-Sangster, Dexter Darden, Alexander Flores, Jacob Lofland, Rosa Salazar, Giancarlo Esposito, Patricia Clarkson",Action,DVD,tt4046784,
Pitch Black,David Twohy,2000,"Vin Diesel, Radha Mitchell, Cole Hauser, Keith David, Lewis Fitz-Gerald, Claudia Black, Rhiana Griffith, John Moore, Simon Burke, Les Chantery",Action,VHS,tt0134847,
Inception,Christopher Nolan,2010,"Leonardo DiCaprio, Joseph Gordon-Levitt, Ellen Page, Tom Hardy, Ken Watanabe, Dileep Rao, Cillian Murphy, Tom Berenger, Marion Cotillard, Pete Postlethwaite",Action,DVD,tt1375666,
The Shack,Stuart Hazeldine,2017,"Sam Worthington, Octavia Spencer, Tim McGraw, Radha Mitchell, Megan Charpentier, Gage Munroe, Amélie Eve, Avraham Aviv Alush, Sumire Matsubara, Alice Braga",Drama,DVD,tt2872518,
Taken 3,Olivier Megaton,2015,"Liam Neeson, Forest Whitaker, Famke Janssen, Maggie Grace, Dougray Scott, Sam Spruell, Don Harvey, Dylan Bruno, Leland Orser, David Warshofsky",Action,Blu-ray,tt2446042,
Bad Boys / Bad Boys II: Double Feature,,,,,DVD,tt0000000,no year; no director; no actors; no genre
Sister Act / Sister Act 2: Back in the Habit,,,,,DVD,tt0000000,no year; no director; no actors; no genre
Bad Boys,Michael Bay,1995,"Will Smith, Martin Lawrence, Lisa Boyle, Michael Taliferro, Emmanuel Xuereb, Tchéky Karyo, Marc Macaulay, Ralph Gonzalez, Vic Manni, Frank John Hughes",Action,DVD,tt0112442,
Safe Haven,Lasse Hallström,2013,"Julianne Hough, Irene Ziegler, Jon Kohler, Tim Parati, David Lyons, Josh Duhamel, Giulia Pagano, Juan Piedrahita, Red West, Noah Lomax",Drama,DVD,tt1702439,
Sister Act,Emile Ardolino,1992,"Whoopi Goldberg, Maggie Smith, Kathy Najimy, Wendy Makkena, Mary Wickes, Harvey Keitel, Bill Nunn, Robert Miranda, Richard Portnow, Ellen Albertini Dow",Comedy,DVD,tt0105417,
Bad Boys II,Michael Bay,2003,"Martin Lawrence, Will Smith, Jordi Mollà, Gabrielle Union, Peter Stormare, Theresa Randle, Joe Pantoliano, Michael Shannon, Jon Seda, Yul Vazquez",Action,DVD,tt0172156,
Sister Act 2: Back in the Habit,Bill Duke,1993,"Whoopi Goldberg, Kathy Najimy, Barnard Hughes, Mary Wickes, James Coburn, Michael Jeter, Wendy Makkena, Sheryl Lee Ralph, Robert Pastorelli, Thomas Gottschalk",Comedy,DVD,tt0108147,
Taken 2,Olivier Megaton,2012,"Liam Neeson, Maggie Grace, Famke Janssen, Leland Orser, Jon Gries, D.B. Sweeney, Luke Grimes, Rade Serbedzija, Kevork Malikyan, Alain Figlarz",Action,Blu-ray,tt1397280,
The Maze Runner,Wes Ball,2014,"Dylan O'Brien, Aml Ameen, Ki Hong Lee, Blake Cooper, Thomas Brodie-Sangster, Will Poulter, Dexter Darden, Kaya Scodelario, Chris Sheffield, Joe Adler",Action,DVD,tt1790864,
The Martian,Ridley Scott,2015,"Matt Damon, Jessica Chastain, Kristen Wiig, Jeff Daniels, Michael Peña, Sean Bean, Kate Mara, Sebastian Stan, Aksel Hennie, Chiwetel Ejiofor",Adventure,DVD,tt3659388,
Thor: The Dark World,Alan Taylor,2013,"Chris Hemsworth, Natalie Portman, Tom Hiddleston, Anthony Hopkins, Christopher Eccleston, Jaimie Alexander, Zachary Levi, Ray Stevenson, Tadanobu Asano, Idris Elba",Action,DVD,tt1981115,
Thor,Kenneth Branagh,2011,"Chris Hemsworth, Natalie Portman, Tom Hiddleston, Anthony Hopkins, Stellan Skarsgård, Kat Dennings, Clark Gregg, Idris Elba, Colm Feore, Ray Stevenson",Action,DVD,tt0800369,
A Knight's Tale,Brian Helgeland,2001,"David Fisher, Rufus Sewell, Heath Ledger, Shannyn Sossamon, Paul Bettany, Laura Fraser, Mark Addy, Alan Tudyk, Bérénice Bejo, Scott Handy",Action,DVD,tt0183790,
Knight and Day,James Mangold,2010,"Tom Cruise, Cameron Diaz, Peter Sarsgaard, Jordi Mollà, Viola Davis, Paul Dano, Falk Hentschel, Marc Blucas, Lennie Loftin, Maggie Grace",Action,DVD,tt1013743,
Kingsman: The Secret Service,Matthew Vaughn,2014,"Adrian Quinton, Colin Firth, Mark Strong, Jonno Davies, Jack Davenport, Alex Nikolov, Samantha Womack, Mark Hamill, Velibor Topic, Sofia Boutella",Action,DVD,tt2802144,
Kingpin,Bobby Farrelly,1996,"Woody Harrelson, Randy Quaid, Vanessa Angel, Bill Murray, Chris Elliott, William Jordan, Richard Tyson, Lin Shaye, Zen Gesner, Prudence Wright Holmes",Comedy,DVD,tt0116778,
King Kong,Peter Jackson,2005,"Naomi Watts, Jack Black, Adrien Brody, Thomas Kretschmann, Colin Hanks, Andy Serkis, Evan Parke, Jamie Bell, Lobo Chan, John Sumner",Action,DVD,tt0360717,
Killshot,John Madden,2006,"Craig Blair, James Anthony, Mickey Rourke, Brandon McGibbon, Peter Kelly Gaudreault, Michelle Arvizu, Richard Zeppieri, Hal Holbrook, Diane Lane, Lynne Deragon",Action,DVD,tt0443559,
Kill Bill: Volume 2,Quentin Tarantino,2004,"Uma Thurman, David Carradine, Lucy Liu, Vivica A. Fox, Chia Hui Liu, Michael Madsen, Daryl Hannah, Michael Parks, Bo Svenson, Jeannie Epper",Action,DVD,tt0378194,
K-19: The Widowmaker,Kathryn Bigelow,2002,"Donald Sumpter, Natalia Vintilova, Steve Cumyn, Austin Strugnell, Arsenty Sydelnykov, JJ Feild, Peter Oldring, Joshua Close, Ingvar Eggert Sigurðsson, Gerrit Vooren",Drama,DVD,tt0267626,
Jurassic World,Colin Trevorrow,2015,"Chris Pratt, Bryce Dallas Howard, Irrfan Khan, Vincent D'Onofrio, Ty Simpkins, Nick Robinson, Jake Johnson, Omar Sy, BD Wong, Judy Greer",Action,DVD,tt0369610,
Jurassic Park: Ultimate Trilogy,,,,,Blu-ray,tt0000000,no year; no director; no actors; no genre
Jurassic Park,Steven Spielberg,1993,"Sam Neill, Laura Dern, Jeff Goldblum, Richard Attenborough, Bob Peck, Martin Ferrero, BD Wong, Joseph Mazzello, Ariana Richards, Samuel L. Jackson",Adventure,Blu-ray,tt0107290,
The Lost World: Jurassic Park,Steven Spielberg,1997,"Jeff Goldblum, Julianne Moore, Pete Postlethwaite, Arliss Howard, Richard Attenborough, Vince Vaughn, Vanessa Chester, Peter Stormare, Harvey Jason, Richard Schiff",Adventure,Blu-ray,tt0119567,
Jurassic Park lll,Joe Johnston,2001,"Sam Neill, William H. Macy, Téa Leoni, Alessandro Nivola, Trevor Morgan, Michael Jeter, John Diehl, Bruce A. Young, Laura Dern, Taylor Nichols",Adventure,Blu-ray,tt0163025,
Jumper,Doug Liman,2008,"Hayden Christensen, Samuel L. Jackson, Diane Lane, Jamie Bell, Rachel Bilson, Michael Rooker, AnnaSophia Robb, Max Thieriot, Jesse James, Tom Hulce",Action,DVD,tt0489099,
Julie & Julia,Nora Ephron,2009,"Meryl Streep, Amy Adams, Stanley Tucci, Chris Messina, Linda Emond, Helen Carey, Mary Lynn Rajskub, Jane Lynch, Joan Juliet Buck, Crystal Noelle",Comedy,DVD,tt1135503,
Judge Dredd,Danny Cannon,1995,"Sylvester Stallone, Diane Lane, Armand Assante, Rob Schneider, Jürgen Prochnow, Max Von Sydow, Joanna Miles, Joan Chen, Balthazar Getty, Maurice Roëves",Action,DVD,tt0113492,
The Judge,David Dobkin,2014,"Robert Downey Jr., Robert Duvall, Vera Farmiga, Billy Bob Thornton, Vincent D'Onofrio, Jeremy Strong, Dax Shepard, Leighton Meester, Ken Howard, Emma Tremblay",Drama,DVD,tt1872194,
The Joneses,Derrick Borte,2009,"David Duchovny, Demi Moore, Amber Heard, Ben Hollingsworth, Gary Cole, Glenne Headly, Lauren Hutton, Chris Williams, Christine Evangelista, Robert Pralgo",Comedy,DVD,tt1285309,
John Carter,Andrew Stanton,2012,"Taylor Kitsch, Lynn Collins, Samantha Morton, Willem Dafoe, Thomas Haden Church, Mark Strong, Ciarán Hinds, Dominic West, James Purefoy, Bryan Cranston",Action,DVD,tt0401729,
Jillian Michaels: No More Trouble Zones,Andrea Ambandos,2008,Jillian Michaels,Special Interest,DVD,tt0000000,
Jeff Dunham: Spark of Insanity,Michael Simon,2007,"Jeff Dunham, Paige Dunham, Tim Gaydos, Steve Marmel, Dave Harrison, Ben Anderson",Comedy,DVD,tt1143143,
Jeepers Creepers,Victor Salva,2001,"Gina Philips, Justin Long, Jonathan Breck, Patricia Belcher, Eileen Brennan, Brandon Smith, Peggy Sheffield, Jeffrey William Evans, Patrick Cherry, Jon Beshara",Adventure,DVD,tt0263488,
Jaws,Steven Spielberg,1975,"Roy Scheider, Robert Shaw, Richard Dreyfuss, Lorraine Gary, Murray Hamilton, Carl Gottlieb, Jeffrey Kramer, Susan Backlinie, Jonathan Filley, Ted Grossman",Suspense/Thriller,DVD,tt0073195,
Jarhead,Sam Mendes,2005,"Jake Gyllenhaal, Scott MacDonald, Peter Sarsgaard, Jamie Foxx, Ming Lo, Lucas Black, Kevin Foster, Brian Geraghty, Damion Poitier, Riad Galayini",Action,DVD,tt0418763,
Jack Ryan: Shadow Recruit,Kenneth Branagh,2014,"Chris Pine, Keira Knightley, Kevin Costner, Lenn Kudrjawizki, Alec Utgoff, Peter Andersson, Elena Velikanova, Nonso Anozie, Seth Ayott, Adam Cozad",Action,DVD,tt1205537,
The Hunt for Red October / Patriot Games / Clear and Present Danger,,2008,,,DVD,tt0000000,no director; no actors; no genre
Jack Reacher: Never Go Back,Edward Zwick,2016,"Tom Cruise, Cobie Smulders, Aldis Hodge, Danika Yarosh, Patrick Heusinger, Holt McCallany, Robert Knepper, Judd Lormand, Christopher Berry, Hunter Burke",Action,DVD,tt3393786,
Jack Reacher,Christopher McQuarrie,2012,"Tom Cruise, Rosamund Pike, Richard Jenkins, David Oyelowo, Werner Herzog, Jai Courtney, Vladimir Sizov, Joseph Sikora, Michael Raymond-James, Alexia Fast",Action,Blu-ray,tt0790724,
The Jackal,Michael Caton-Jones,1997,"Richard Gere, Bruce Willis, Eddie Bo Smith Jr., James Michael McCauley, J. Christoffer Slotte, Ronald Reagan, John Cunningham, Jack Black, Tess Harper, Leslie Phillips",Suspense/Thriller,DVD,tt0119395,
John Wick,Chad Stahelski,2014,"Keanu Reeves, Michael Nyqvist, Alfie Allen, Willem Dafoe, Dean Winters, Adrianne Palicki, Omer Barnea, Toby Leonard Moore, Daniel Bernhardt, Bridget Moynahan",Action,Blu-ray,tt2911666,
"Kill Bill, Volume 1",Quentin Tarantino,2003,"Uma Thurman, Lucy Liu, Vivica A. Fox, Daryl Hannah, David Carradine, Michael Madsen, Julie Dreyfus, Chiaki Kuriyama, Shin'ichi Chiba, Chia-Hui Liu",Action,DVD,tt0266697,
xXx,Rob Cohen,2002,"Marton Csokas, Jan Pavel Filipensky, Tom Everett, Samuel L. Jackson, James Babson, Michael Roof, Esteban Cueto, Vitezslav Bouchner, Vin Diesel, F. Valentino Morales",Action,DVD,tt0295701,
Matrix Revolutions,Andy Wachowski,2003,"Mary Alice, Tanveer K. Atwal, Helmut Bakaitis, Kate Beahan, Francine Bell, Monica Bellucci, Rachel Blackman, Henry Blasingame, Ian Bliss, David Bowers",Action,DVD,tt0000000,
Resident Evil: Retribution,Paul W.S. Anderson,2012,"Milla Jovovich, Sienna Guillory, Michelle Rodriguez, Aryana Engineer, Bingbing Li, Boris Kodjoe, Johann Urb, Robin Kasyanov, Kevin Durand, Ofilio Portillo",Action,Blu-ray,tt1855325,
The X-Files: Revelations,Chris Carter,2008,"David Duchovny, Gillian Anderson",Science-Fiction,DVD,tt0106179,
The Matrix Revolutions,Andy Wachowski,2003,"Keanu Reeves, Laurence Fishburne, Collin Chou, Carrie-Anne Moss, Mary Alice, Tanveer K. Atwal, Helmut Bakaitis, Kate Beahan, Francine Bell, Monica Bellucci",Action,DVD,tt0242653,
Percy Jackson: Sea of Monsters,Thor Freudenthal,2013,"Logan Lerman, Alexandra Daddario, Douglas Smith, Leven Rambin, Brandon T. Jackson, Jake Abel, Anthony Head, Stanley Tucci, Connor Dunn, Paloma Kwiatkowski",Adventure,Blu-ray,tt1854564,
Star Wars III: Revenge of the Sith,George Lucas,2005,"Ewan McGregor, Natalie Portman, Hayden Christensen, Ian McDiarmid, Samuel L. Jackson, Jimmy Smits, Frank Oz, Anthony Daniels, Christopher Lee, Keisha Castle-Hughes",Action,DVD,tt0121766,
Transformers: Age of Extinction,Michael Bay,2014,"Mark Wahlberg, Stanley Tucci, Kelsey Grammer, Nicola Peltz Beckham, Jack Reynor, Titus Welliver, Sophia Myles, Bingbing Li, T.J. Miller, James Bachman",Action,Blu-ray,tt2109248,
Star Wars II: Attack of the Clones,George Lucas,2002,"Ewan McGregor, Natalie Portman, Hayden Christensen, Christopher Lee, Samuel L. Jackson, Frank Oz, Ian McDiarmid, Pernilla August, Temuera Morrison, Jimmy Smits",Action,DVD,tt0121765,
Edward Scissorhands,Tim Burton,1990,"Johnny Depp, Kathy Fleming, Cecil Hawkins, Susan Blommaert, Jackie Carson, Donna Pieroni, Joe Sheldon, Harvey Bellman, Dianne Wiest, Rex Fox",Comedy,DVD,tt0099487,
Three Stooges,,,,,DVD,,no IMDb ID; no year; no director; no actors; no genre
Mrs. Doubtfire,Chris Columbus,1993,"Robin Williams, Sally Field, Pierce Brosnan, Harvey Fierstein, Polly Holliday, Lisa Jakub, Matthew Lawrence, Mara Wilson, Robert Prosky, Anne Haney",Comedy,DVD,tt0107614,
Limitless,Neil Burger,2011,"Bradley Cooper, Robert de Niro, Abbie Cornish, Andrew Howard, Anna Friel, Johnny Whitworth, Tomas Arana, Robert John Burke, Darren Goldstein, Ned Eisenberg",Mystery,Blu-ray,tt1219289,
A History of Violence,David Cronenberg,2005,"Viggo Mortensen, Maria Bello, Ed Harris, William Hurt, Ashton Holmes, Peter MacNeill, Stephen McHattie, Greg Bryk, Kyle Schmid, Sumela Kay",Action,DVD,tt0399146,
The Fugitive,Andrew Davis,1993,"Harrison Ford, Tommy Lee Jones, Sela Ward, Julianne Moore, Joe Pantoliano, Andreas Katsulas, Jeroen Krabbé, Daniel Roebuck, L. Scott Caldwell, Tom Wood",Action,Blu-ray,tt0106977,
22 Jump Street,Phil Lord,2014,"Jonah Hill, Channing Tatum, Peter Stormare, Wyatt Russell, Amber Stevens West, Jillian Bell, Ice Cube, Keith Lucas, Kenneth Lucas, Nick Offerman",Action,Blu-ray,tt2294449,
Cool Runnings,Jon Turteltaub,1993,"Leon, Doug E. Doug, Rawle D. Lewis, Malik Yoba, John Candy, Raymond J. Barry, Peter Outerbridge, Paul Coeur, Larry Gilman, Charles Hyatt",Adventure,DVD,tt0106611,
Unbreakable,M. Night Shyamalan,2000,"David C. Roehm Sr., Samuel L. Jackson, Cue Shepherd, Tamara Walker, David Duffield, Laura Regan, Chance Kelly, Michael Kelly (V), Firdous Bamji, Johanna Day",Drama,DVD,tt0217869,
Thor: Ragnarok,Taika Waititi,2017,"Benedict Cumberbatch, Tessa Thompson, Anthony Hopkins, Idris Elba, Chris Hemsworth, Tom Hiddleston, Cate Blanchett, Jaimie Alexander, Karl Urban, Mark Ruffalo",Action,DVD,tt3501632,
A Nightmare on Elm Street 5-8,,,,,DVD,tt0000000,no year; no director; no actors; no genre
Freddy  vs. Jason,Ronny Yu,2003,"Robert Englund, Ken Kirzinger, Monica Keena, Jason Ritter, Kelly Rowland, Chris Marquette, Brendan Fletcher, Katharine Isabelle, Lochlyn Munro, Kyle Labine",Action,DVD,tt0329101,
Rogue One: A Star Wars Story,Gareth Edwards,2016,"Felicity Jones, Diego Luna, Alan Tudyk, Donnie Yen, Wen Jiang, Ben Mendelsohn, Guy Henry, Forest Whitaker, Riz Ahmed, Mads Mikkelsen",Action,Blu-ray,tt3748528,
Freddy's Dead: The Final Nightmare,Rachel Talalay,1991,"Robert Englund, Lisa Zane, Shon Greenblatt, Lezlie Deane, Ricky Dean Logan, Breckin Meyer, Yaphet Kotto, Tom Arnold, Roseanne Barr, Elinor Donahue",Horror,DVD,tt0101917,
Star Wars: The Last Jedi,Rian Johnson,2017,"Mark Hamill, Carrie Fisher, Adam Driver, Daisy Ridley, John Boyega, Oscar Isaac, Andy Serkis, Lupita Nyong'o, Domhnall Gleeson, Anthony Daniels",Action,DVD,tt2527336,
A Nightmare on Elm Street 5: The Dream Child,Stephen Hopkins,1989,"Robert Englund, Lisa Wilcox, Kelly Jo Minter, Danny Hassel, Erika Anderson, Nicholas Mele, Joe Seely, Valorie Armstrong, Burr DeBenning, Clarence Felder",Comedy,DVD,tt0097981,
Go,Doug Liman,1999,"Katie Holmes, Sarah Polley, Suzanne Krull, Desmond Askew, Nathan Bexton, Robert Peters, Scott Wolf, Jay Mohr, Timothy Olyphant, Jodi Bianca Wise",Comedy,DVD,tt0139239,
Monty Python's The Meaning of Life,Terry Jones,1983,"Ross Davidson, Myrtle Devenish, Tim Douglas, Eric Francis, Matt Frewer, Billy John, Russell Kilmister, Peter Mantle, Len Marten, Peter Merrill",Comedy,DVD,tt0085959,
New Nightmare,Wes Craven,1994,"Jeff Davis, Heather Langenkamp, Miko Hughes, Matt Winston, Rob LaBelle, David Newsom, Marianne Maddalena, Gretchen Oehler, Tracy Middendorf",Horror,DVD,tt0111686,
Monty Python: Almost The Truth (The Lawyer's Cut),,2009,"Eric Idle, John Cleese, Michael Palin, Terry Gilliam, Terry Jones, Danny Scheinmann, Barry Cryer, David Sherlock, Steve Coogan, Phill Jupitus",Comedy,Blu-ray,tt1422182,no director
John Pinette: Still Hungry,Milton Lage,,"John Pinette, Matthew McNeil",Comedy,DVD,tt2016924,no year
John Pinette - I'm Starvin',Jonathan Hensleigh,2006,John Pinette,Comedy,DVD,tt1073499,
John Pinette - I Say Nay Nay,Robert Krakower,2005,"John Pinette, Larry Schapriro, John Pierre Dechene",Comedy,DVD,tt0000000,
Unbreakable,M. Night Shyamalan,2000,"Bruce Willis, Samuel L. Jackson, Robin Wright, Spencer Treat Clark, Charlayne Woodard, Eamonn Walker, Leslie Stefanson, Johnny Hiram Jamison, Michaelia Carroll, Bostin Christopher",Drama,DVD,tt0217869,
The Fugitive,Andrew Davis,1993,"Harrison Ford, Tommy Lee Jones, Sela Ward, Julianne Moore, Joe Pantoliano, Andreas Katsulas, Jeroen Krabbé, Daniel Roebuck, L. Scott Caldwell, Tom Wood",Action,Blu-ray,tt0106977,
Cool Runnings,Jon Turteltaub,1993,"Leon, Doug E. Doug, Rawle D. Lewis, Malik Yoba, John Candy, Raymond J. Barry, Peter Outerbridge, Paul Coeur, Larry Gilman, Charles Hyatt",Adventure,DVD,tt0106611,
A Nightmare on Elm Street 4: The Dream Master,Renny Harlin,1988,"Lisa Wilcox, Andras Jones, Danny Hassel, Rodney Eastman, Tuesday Knight, Ken Sagoes, Brooke Bundy, Nicholas Mele, Toy Newkirk, Brooke Theiss",Fantasy,DVD,tt0095742,
One Hour Photo,Mark Romanek,2002,"Robin Williams, Connie Nielsen, Michael Vartan, Dylan Smith, Erin Daniels, Paul H. Kim, Lee Garlington, Gary Cole, Marion Calvert, David Moreland",Drama,DVD,tt0265459,
Singles,Cameron Crowe,1992,"Bridget Fonda, Campbell Scott, Kyra Sedgwick, Sheila Kelley, Jim True-Frost, Matt Dillon, Bill Pullman, James LeGros, Devon Raymond, Camilo Gallardo",Comedy,DVD,tt0105415,
William Shakespeares's Romeo & Juliet,Baz Luhrmann,1996,"Leonardo DiCaprio, Claire Danes, John Leguizamo, Harold Perrineau, Pete Postlethwaite, Paul Sorvino, Brian Dennehy, Paul Rudd, Vondie Curtis-Hall, Miriam Margolyes",Crime,DVD,tt0117509,
Coyote Ugly,David McNally,2000,"Piper Perabo, Adam Garcia, John Goodman, Maria Bello, Izabella Miko, Tyra Banks, Bridget Moynahan, Melanie Lynskey, Del Pentecost, Michael Weston",Comedy,DVD,tt0200550,
Act of Valor,Mike McCoy,2012,"Rorke, Dave, Sonny, Weimy, Ray, Ajay, Mikey, Van D., Katelyn, Callaghan",Action,DVD,tt1591479,
I Know What You Did Last Summer: The Trilogy,,,,Horror,DVD,tt0000000,no year; no director; no actors
Our Brand Is Crisis,David Gordon Green,2015,"Sandra Bullock, Billy Bob Thornton, Anthony Mackie, Joaquim de Almeida, Ann Dowd, Scoot McNairy, Zoe Kazan, Dominic Flores, Reynaldo Pacheco, Louis Arcella",Comedy,DVD,tt1018765,
The Chronicles of Riddick: Pitch Black,David Twohy,1999,"Vin Diesel, Radha Mitchell, Cole Hauser, Keith David, Lewis Fitz-Gerald, Claudia Black, Rhiana Griffith, John Moore, Simon Burke, Les Chantery",Action,DVD,tt0134847,
History Of The World Part I,Mel Brooks,1981,"Cloris Leachman, John Hillerman, Harvey Korman, Madeline Kahn, Dom DeLuise, Ira Miller, Orson Welles, Rudy De Luca, Charlie Callas, Woody Omens",Comedy,DVD,tt0082517,
Super Mario Bros.,Roland Joffé,1993,"Bob Hoskins, John Leguizamo, Dennis Hopper, Samantha Mathis, Fisher Stevens, Richard Edson, Fiona Shaw, Dana Kaminski, Mojo Nixon, Gianni Russo",Adventure,DVD,tt0108255,
Real Steel,Shawn Levy,2011,"Hugh Jackman, Dakota Goyo, Evangeline Lilly, Anthony Mackie, Kevin Durand, Hope Davis, James Rebhorn, Marco Ruggeri, Karl Yune, Olga Fonda",Action,DVD,tt0433035,
The Legend of Billie Jean,Matthew Robbins,1985,"Helen Slater, Keith Gordon, Christian Slater, Richard Bradford, Peter Coyote, Martha Gehman, Yeardley Smith, Dean Stockwell, Barry Tubb, Mona Lee Fultz",Action,DVD,tt0089470,
The Case For Christ,Jon Gunn,2017,"L. Scott Caldwell, Erika Christensen, Faye Dunaway, Frankie Faison, Robert Forster, Brett Rice, Mike Vogel, Meredith Andrews, Rus Blackwell, Tracey Bonner",Drama,DVD,tt6113488,
The Graduate,Mike Nichols,1967,"Anne Bancroft, Dustin Hoffman, Katharine Ross, William Daniels, Murray Hamilton, Elizabeth Wilson, Buck Henry, Brian Avery, Walter Brooke, Norman Fell",Comedy,VHS,tt0061722,
Top Gun,Tony Scott,1986,"Tom Cruise, Kelly McGillis, Val Kilmer, Anthony Edwards, Tom Skerritt, Michael Ironside, John Stockwell, Barry Tubb, Rick Rossovich, Tim Robbins",Action,VHS,tt0092099,
Steel Magnolias,Herbert Ross,1989,"Sally Field, Dolly Parton, Shirley Maclaine, Daryl Hannah, Olympia Dukakis, Julia Roberts, Tom Skerritt, Sam Shepard, Dylan McDermott, Kevin J. O'Connor",Comedy,VHS,tt0098384,
Eye For An Eye,John Schlesinger,1996,"Sally Field, Ed Harris, Olivia Burnette, Alexandra Kyle, Kiefer Sutherland, Joe Mantegna, Beverly D'Angelo, Darrell Larson, Charlayne Woodard, Philip Baker Hall",Crime,VHS,tt0116260,
Beaches,Garry Marshall,1988,"Bette Midler, Barbara Hershey, John Heard, Spalding Gray, Lainie Kazan, James Read, Grace Johnston, Mayim Bialik, Marcie Leeds, Carol Williard",Comedy,VHS,tt0094715,
This Boy’s Life,,,,,DVD,,no IMDb ID; no year; no director; no actors; no genre
A Bronx Tale,Robert de Niro,1993,"Chazz Palminteri, Lillo Brancato, Francis Capra, Taral Hicks, Kathrine Narducci, Clem Caserta, Alfred Sauchelli Jr., Frank Pietrangolare, Joe Pesci",Crime,VHS,tt0106489,
At Play In The Fields Of The Lord,Hector Babenco,1991,"Tom Berenger, John Lithgow, Daryl Hannah, Aidan Quinn, Tom Waits, Kathy Bates, Stênio Garcia, Nelson Xavier, José Dumont, Niilo Kivirinta",Drama,VHS,tt0101373,
La Bamba,Luis Valdez,1987,"Lou Diamond Phillips, Esai Morales, Rosanna DeSoto, Elizabeth Peña, Danielle von Zerneck, Joe Pantoliano, Rick Dees, Marshall Crenshaw, Howard Huntsberry, Brian Setzer",Drama,VHS,tt0093378,
Falling Down,Joel Schumacher,1993,"Michael Douglas, Robert Duvall, Barbara Hershey, Rachel Ticotin, Tuesday Weld, Frederic Forrest, Lois Smith, Joey Singer, Ebbe Roe Smith, Michael Paul Chan",Crime,VHS,tt0106856,
A Time to Kill,Joel Schumacher,1996,"Matthew McConaughey, Sandra Bullock, Samuel L. Jackson, Kevin Spacey, Oliver Platt, Charles S. Dutton, Brenda Fricker, Donald Sutherland, Kiefer Sutherland, Patrick McGoohan",Crime,VHS,tt0117913,
Pirates Of The Caribbean: Dead Men Tell No Tales,Joachim Rønning,2017,"Johnny Depp, Javier Bardem, Geoffrey Rush, Brenton Thwaites, Kaya Scodelario, Kevin McNally, Golshifteh Farahani, David Wenham, Stephen Graham, Angus Barnett",Action,DVD,tt1790809,
Split,M. Night Shyamalan,2016,"James McAvoy, Anya Taylor-Joy, Betty Buckley, Haley Lu Richardson, Jessica Sula, Izzie Coffey, Brad William Henke, Sebastian Arcelus, Neal Huff, Ukee Washington",Horror,Blu-ray,tt4972582,
Exposed,Declan Dale,2016,"Ana de Armas, Mira Sorvino, Big Daddy Kane, Christopher McDonald, Laura Gómez, Melissa Linton, Keanu Reeves, Clara Wong, Michael Rispoli, Denia Brache",Crime,DVD,tt4019560,
Fantastic 4,Josh Trank,2015,"Kate Mara, Miles Teller, Toby Kebbell, Michael B. Jordan, Jamie Bell, Jodi Lyn Brockton, Tim Blake Nelson, Chet Hanks, Reg E. Cathey, Aaron V. Williamson",Action,Blu-ray,tt1502712,
The Great Gatsby,Baz Luhrmann,2013,"Amitabh Bachchan, Steve Bisley, Richard Carter, Jason Clarke, Adelaide Clemens, Vince Colosimo, Max Cullen, Mal Day, Elizabeth Debicki, Lisa Adam",Drama,DVD,tt1343092,
The Family,Luc Besson,2013,"Robert de Niro, Michelle Pfeiffer, Dianna Agron, John D'Leo, Tommy Lee Jones, Jimmy Palumbo, Domenick Lombardozzi, Stan Carp, Vincent Pastore, Jon Freda",Comedy,DVD,tt2404311,
Paranoia,Robert Luketic,2013,"Liam Hemsworth, Gary Oldman, Amber Heard, Harrison Ford, Lucas Till, Embeth Davidtz, Julian McMahon, Josh Holloway, Richard Dreyfuss, Angela Sarafyan",Drama,DVD,tt1413495,
3 Days to Kill,McG,2014,"Kevin Costner, Amber Heard, Hailee Steinfeld, Connie Nielsen, Tómas Lemarquis, Richard Sammel, Marc Andréoni, Bruno Ricci, Jonas Bloquet, Eriq Ebouaney",Action,DVD,tt2172934,
Baby Driver,Edgar Wright,2017,"Ansel Elgort, Jon Bernthal, Jon Hamm, Eiza González, Micah Howard, Lily James, Morgan Brown, Kevin Spacey, Morse Diggs, CJ Jones",Action,DVD,tt3890160,
Jumanji / Jumanji: Welcome to the Jungle,,,,Action,DVD,tt0000000,no year; no director; no actors
Alien: Covenant,Ridley Scott,2017,"Michael Fassbender, Katherine Waterston, Billy Crudup, Danny McBride, Demián Bichir, Carmen Ejogo, Jussie Smollett, Callie Hernandez, Amy Seimetz, Nathaniel Dean",Horror,DVD,tt2316204,
The Great Wall,Yimou Zhang,2016,"Matt Damon, Tian Jing, Willem Dafoe, Andy Lau, Pedro Pascal, Hanyu Zhang, Lu Han, Kenny Lin, Eddie Peng, Xuan Huang",Action,DVD,tt2034800,
Assassin's Creed,Justin Kurzel,2016,"Michael Fassbender, Marion Cotillard, Jeremy Irons, Essie Davis, Ariane Labed, Brendan Gleeson, Michael Kenneth Williams, Octavia Selena Alexandru, Denis Ménochet, Brian Gleeson",Action,Blu-ray,tt2094766,
Hacksaw Ridge,Mel Gibson,2016,"Andrew Garfield, Richard Pyros, Jacob Warner, Milo Gibson, Darcy Bryce, Roman Guerriero, James Lugton, Kasia Stelmach, Hugo Weaving, Rachel Griffiths",Drama,DVD,tt2119532,
Maze Runner: The Death Cure,Wes Ball,2017,"Dylan O'Brien, Ki Hong Lee, Kaya Scodelario, Thomas Brodie-Sangster, Dexter Darden, Will Poulter, Jacob Lofland, Rosa Salazar, Giancarlo Esposito, Patricia Clarkson",Science-Fiction,DVD,tt4500922,
Murder on the Orient Express,Kenneth Branagh,2017,"Paapa Essiedu, Yassine Zeroual, Asan N'Jie, Michael Rouse, Elliot Levey, David Annen, Joseph Long, Andy Apollo, Hadley Fraser, Michael Green",Crime,DVD,tt3402236,
The X-Files: The Complete Season 11,Kim Manners,2018,"Gillian Anderson, David Duchovny, Mitch Pileggi, William B. Davis, Robert Patrick, Tom Braidwood, Bruce Harwood, Dean Haglund, Annabeth Gish, Nicholas Lea",Crime,DVD,tt0106179,
Goosebumps,Rob Letterman,2015,"Jack Black, Dylan Minnette, Odeya Rush, Ryan Lee, Amy Ryan, Jillian Bell, Halston Sage, Steven Krueger, Keith Arthur Bolden, Amanda Lund",Adventure,DVD,tt1051904,
Ready Player One,Steven Spielberg,2018,"Hannah John-Kamen, Ben Mendelsohn, Mark Rylance, Olivia Cooke, Letitia Wright, Simon Pegg, Tye Sheridan, T.J. Miller, Lena Waithe, Ralph Ineson",Action,DVD,tt1677720,
Pain & Gain,Michael Bay,2013,"Mark Wahlberg, Dwayne Johnson, Anthony Mackie, Tony Shalhoub, Ed Harris, Rob Corddry, Bar Paly, Rebel Wilson, Ken Jeong, Michael Rispoli",Action,DVD,tt1980209,
Escape Plan 2: Hades,Steven C. Miller,2018,"Sylvester Stallone, Dave Bautista, Xiaoming Huang, Jesse Metcalfe, 50 Cent, Wes Chatham, Chen Tang, Tyron Woodley, Tyler Jon Olson, Titus Welliver",Action,DVD,tt6513656,
John Wick: Chapter 2,Chad Stahelski,2017,"Ruby Rose (III), Keanu Reeves, Bridget Moynahan, Ian McShane, Laurence Fishburne, John Leguizamo, Thomas Sadoski, David Patrick Kelly, Lance Reddick, Aly Mang",Action,DVD,tt4425200,
The Hitman's Bodyguard,Patrick Hughes,2017,"Elodie Yung, Ryan Reynolds, Tsuwayuki Saotome, Roy Hill, Richard E. Grant, Gary Oldman, Rod Hallett, Yuri Kolokolnikov, Nadia Konakchieva, Valentin Stojanov",Action,DVD,tt1959563,
Den Of Thieves,Christian Gudegast,2018,"Gerard Butler, Pablo Schreiber, O'Shea Jackson Jr., 50 Cent, Meadow Williams, Maurice Compte, Brian Van Holt, Evan Jones, Mo McRae, Kaiwi Lyman",Action,DVD,tt1259528,
Kingsman: The Golden Circle,Matthew Vaughn,2017,"Taron Egerton, Edward Holcroft, Gordon Alexander (III), Mark Strong (II), Hanna Alström, Calvin Demba, Thomas Turgoose, Tobi Bakare, Julianne Moore, Keith Allen",Action,DVD,tt4649466,
American Made,Doug Liman,2017,"Tom Cruise, Domhnall Gleeson, Sarah Wright, Jesse Plemons, Caleb Landry Jones, Lola Kirke, Jayma Mays, Alejandro Edda, Benito Martinez, E. Roger Mitchell",Action,DVD,tt3532216,
Kong: Skull Island,Jordan Vogt-Roberts,2017,"Tom Hiddleston, Samuel L. Jackson, Brie Larson, John C. Reilly, John Goodman, Corey Hawkins, John Ortiz, Tian Jing, Toby Kebbell, Jason Mitchell",Action,DVD,tt3731562,
King Arthur: Legend of the Sword,Guy Ritchie,2017,"Charlie Hunnam, Astrid Bergès-Frisbey, Jude Law, Djimon Hounsou, Eric Bana, Aidan Gillen, Freddie Fox, Craig McGinlay, Tom Wu, Kingsley Ben-Adir",Action,Blu-ray,tt1972591,
Life Of The Party,Ben Falcone,2018,"Melissa McCarthy, Matt Walsh, Molly Gordon, Jacki Weaver, Stephen Root, Maya Rudolph, Steve Falcone, Michael D. McCarthy, Chris Cavalier",Comedy,DVD,tt5619332,
God's Not Dead 3: A Light In Darkness,Michael Mason,2018,"Jennifer Taylor, John Corbett, Shane Harper, David A.R. White, Anne Leighton, David Maldonado, Buddy Campbell, Mark Sivertsen, Jude S. Walko, Tina Jones",Drama,DVD,tt6652708,
A Quiet Place,John Krasinski,2018,"Emily Blunt, Millicent Simmonds, Noah Jupe, Cade Woodward, Leon Russom, Rhoda Pell, Bryan Woods, Scott Beck",Drama,DVD,tt6644200,
Hidden Figures,Theodore Melfi,2016,"Taraji Henson, Octavia Spencer, Janelle Monáe, Kevin Costner, Kirsten Dunst, Jim Parsons, Mahershala Ali, Aldis Hodge, Glen Powell, Kimberly Quinn",Drama,Blu-ray,tt4846340,
Tag,Jeff Tomsic,2018,"Ed Helms, Lil Rel Howery, Jon Hamm, Annabelle Wallis, Jake Johnson, Isla Fisher, Hannibal Buress, Nora Dunn, Steve Berg, Jeremy Renner",Comedy,DVD,tt2854926,
Deadpool 2,David Leitch,2018,"Ryan Reynolds, Josh Brolin, Morena Baccarin, Julian Dennison, Zazie Beetz, T.J. Miller, Leslie Uggams, Karan Soni, Brianna Hildebrand, Jack Kesy",Action,DVD,tt5463162,
Rampage,Brad Peyton,2018,"Dwayne Johnson, Joe Manganiello, Breanne Hill, Michael David Yuhl, Destiny Lopez, Jason Liles, Alan Boell, Joey Thurmond, DJames Jones, Pete Burris",Action,DVD,tt2231461,
Ocean's 8,Gary Ross,2018,"Sandra Bullock, Griffin Dunne, Deidre Goodwin, Daniella Rabbani, Brian J. Carter, Gemma Forbes, Katherine Hozier-Adams, Freddy J. Davila, Francesca Calo, Cate Blanchett",Action,DVD,tt5164214,
Justice League,Zack Snyder,2017,"Amy Adams, Jason Momoa, Gal Gadot, Ben Affleck, Amber Heard, Henry Cavill, Ezra Miller, Diane Lane, Connie Nielsen, J.K. Simmons",Action,Blu-ray,tt0974015,
Blade Runner 2049,Denis Villeneuve,2017,"Ryan Gosling, Harrison Ford, Dave Bautista, Robin Wright, Mark Arnold, Vilma Szécsi, Ana de Armas, Wood Harris, David Dastmalchian, Tómas Lemarquis",Drama,DVD,tt1856101,
Fantastic Beasts and Where to Find Them,David Yates,2016,"Eddie Redmayne, Sam Redford, Scott Goldman, Tim Bentinck, Tom Clarke Hill, Tristan Tait, Colin Farrell, Matthew Sim, Katherine Waterston, Samantha Morton",Adventure,DVD,tt3183660,
Stephen King's It,Tommy Lee Wallace,1990,"Jonathan Brandis, Brandon Crane, Adam Faraizl, Tim Curry, Emily Perkins, Marlon Taylor, Seth Green, Ben Heller, Harry Anderson, Dennis Christopher",Drama,Blu-ray,tt0099864,
Central Intelligence,Rawson Marshall Thurber,2016,"Dwayne Johnson, Kevin Hart, Amy Ryan, Danielle Nicolet, Jason Bateman, Aaron Paul, Ryan Hansen, Tim Griffin, Timothy John Smith, Sione Kelepi",Action,DVD,tt1489889,
Going in Style,Zach Braff,2017,"Michael Caine, Richie Moriarty, Josh Pais, John Ortiz, Jorge Chapa, Matt Dillon, Joey King, Maria Dizzia, Morgan Freeman, Alan Arkin",Comedy,DVD,tt2568862,
Geostorm,Dean Devlin,2017,"Jeremy Ray Taylor, Gerard Butler, Abbie Cornish, Talitha Eliana Bateman, Ed Harris, Daniel Wu, Jim Sturgess, Andy Garcia, Robert Sheehan, Mare Winningham",Action,DVD,tt1981128,
Creed,Ryan Coogler,2015,"Michael B. Jordan, Sylvester Stallone, Graham McTavish, Tessa Thompson, Phylicia Rashad, Maria Breyman, Stephanie Damiano, Mark Rhino Smith, Soso DaSilva, Shawn Contois",Drama,DVD,tt3076658,
Annabelle: Creation,David F. Sandberg,2017,"Anthony LaPaglia, Samara Lee, Miranda Otto, Brad Greenquist, Lulu Wilson, Talitha Eliana Bateman, Stephanie Sigman, Mark Bramhall, Grace Caroline Currey, Philippa Coulthard",Horror,DVD,tt5140878,
The Fate of the Furious,F. Gary Gray,2017,"Vin Diesel, Jason Statham, Dwayne Johnson, Michelle Rodriguez, Tyrese Gibson, Ludacris, Charlize Theron, Kurt Russell, Nathalie Emmanuel, Luke Evans",Action,DVD,tt4630562,
Get Out,Jordan Peele,2017,"Daniel Kaluuya, Allison Williams, Catherine Keener, Bradley Whitford, Caleb Landry Jones, Marcus Henderson, Betty Gabriel, LaKeith Stanfield, Stephen Root, LilRel Howery",Horror,DVD,tt5052448,
12 Strong,Nicolai Fuglsig,2018,"Chris Hemsworth, Michael Shannon, Michael Peña, Navid Negahban, Trevante Rhodes, Geoff Stults, Thad Luckinbill, Austin Hébert, Austin Stowell, Ben O'Toole",Action,Blu-ray,tt1413492,
Pitch Perfect,Jason Moore,2012,"Anna Kendrick, Skylar Astin, Ben Platt, Brittany Snow, Anna Camp, Rebel Wilson, Alexis Knapp, Ester Dean, Hana Mae Lee, Kelley Jakle",Comedy,DVD,tt1981677,
Pitch Perfect 02,Elizabeth Banks,2015,"Anna Kendrick, Rebel Wilson, Hailee Steinfeld, Brittany Snow, Skylar Astin, Adam DeVine, Katey Sagal, Anna Camp, Ben Platt, Alexis Knapp",Comedy,DVD,tt2848292,
Pitch Perfect 3,Trish Sie,2017,"Anna Kendrick, Rebel Wilson, Brittany Snow, Anna Camp, Hailee Steinfeld, Ester Dean, Hana Mae Lee, Kelley Jakle, Shelley Regner, Chrissie Fit",Comedy,Blu-ray,tt4765284,
Pacific Rim: Uprising,Steven S. DeKnight,2018,"John Boyega, Scott Eastwood, Cailee Spaeny, Burn Gorman, Charlie Day, Tian Jing, Jin Zhang, Adria Arjona, Rinko Kikuchi, Karan Brar",Action,DVD,tt2557478,
The Mummy,Alex Kurtzman,2017,"Tom Cruise, Russell Crowe, Annabelle Wallis, Sofia Boutella, Jake Johnson, Courtney B. Vance, Marwan Kenzari, Simon Atherton, Stephen Thompson, James Arama",Action,DVD,tt2345759,
Death Wish,Eli Roth,2018,"Bruce Willis, Vincent D'Onofrio, Elisabeth Shue, Camila Morrone, Dean Norris, Beau Knapp, Kimberly Elise, Len Cariou, Jack Kesy, Ronnie Gene Blevins",Action,DVD,tt1137450,
Dracula Untold,Gary Shore,2014,"Luke Evans, Sarah Gadon, Dominic Cooper, Art Parkinson, Charles Dance, Diarmaid Murtagh, Paul Kaye, William Houston, Noah Huntley, Ronan Vibert",Action,DVD,tt0829150,
"The Russians Are Coming, The Russians Are Coming",Norman Jewison,1966,"Carl Reiner, Eva Marie Saint, Alan Arkin, Brian Keith, Jonathan Winters, Paul Ford, Theodore Bikel, Tessie O'Shea, John Phillip Law, Ben Blue",Comedy,DVD,tt0060921,
Legion,Scott Stewart,2010,"Paul Bettany, Lucas Black, Adrianne Palicki, Charles S. Dutton, Kevin Durand, Jon Tenney, Willa Holland, Kate Walsh, Dennis Quaid, Jeanette Miller",Action,DVD,tt1038686,
"Nun, The",Corin Hardy,2018,"Demián Bichir, Taissa Farmiga, Jonas Bloquet, Bonnie Aarons, Ingrid Bisu, Patrick Wilson, Vera Farmiga, Lili Taylor, Charlotte Hope, Sandra Teles",Horror,DVD,tt5814060,
Avatar,James Cameron,2009,"Sam Worthington, Zoe Saldana, Sigourney Weaver, Stephen Lang, Michelle Rodriguez, Giovanni Ribisi, Joel Moore, CCH Pounder, Wes Studi, Laz Alonso",Action,Blu-ray,tt0499549,
Miami Vice,Michael Mann,2006,"Colin Farrell, Jamie Foxx, Gong Li, Naomie Harris, Ciarán Hinds, Justin Theroux, Barry Shabaka Henley, Luis Tosar, John Ortiz, Elizabeth Rodriguez",Action,Blu-ray,tt0430357,
The Recruit,Roger Donaldson,2003,"Al Pacino, Colin Farrell, Bridget Moynahan, Gabriel Macht, Kenneth Mitchell, Mike Realba, Ron Lea, Karl Pruner, Jeanie Calleja, Jenny Cooper",Action,DVD,tt0292506,
Signs,M. Night Shyamalan,2002,"Mel Gibson, Joaquin Phoenix, Rory Culkin, Abigail Breslin, Cherry Jones, Patricia Kalember, Ted Sutton, Merritt Wever, Lanny Flaherty",Horror,Blu-ray,tt0286106,
Be Cool,F. Gary Gray,2005,"John Travolta, Uma Thurman, Harvey Keitel, Vince Vaughn, Cedric The Entertainer, André Benjamin, Steven Tyler, Robert Pastorelli, Christina Milian, Paul Adelstein",Comedy,DVD,tt0377471,
The Abyss,James Cameron,1989,"Ed Harris, Mary Elizabeth Mastrantonio, Michael Biehn, Leo Burmester, Todd Graff, John Bedford Lloyd, J.C. Quinn, Kimberly Scott, Captain Kidd Brewer Jr., George Robert Klek",Action,DVD,tt0096754,
Any Given Sunday,Oliver Stone,1999,"Al Pacino, Cameron Diaz, Dennis Quaid, James Woods, Jamie Foxx, LL Cool J, Matthew Modine, Jim Brown, Lawrence Taylor, Bill Bellamy",Drama,DVD,tt0146838,
The Mummy Retuns,Stephen Sommers,2001,"Brendan Fraser, Rachel Weisz, John Hannah, Arnold Vosloo, Oded Fehr, Patricia Velasquez, Freddie Boath, Alun Armstrong, Dwayne Johnson, Adewale Akinnuoye-Agbaje",Action,DVD,tt0209163,
"Friday the 13th, 8-Movie Collection",,2017,,Horror,DVD,tt0000000,no director; no actors
The Mummy: Tomb of the Dragon Emperor,Rob Cohen,2008,"Brendan Fraser, Jet Li, Maria Bello, John Hannah, Michelle Yeoh, Luke Ford, Isabella Leong, Anthony Chau-Sang Wong, Russell Wong, Liam Cunningham",Action,DVD,tt0859163,
Mission: Impossible Fallout,Christopher McQuarrie,2018,"Tom Cruise, Henry Cavill, Ving Rhames, Simon Pegg, Rebecca Ferguson, Sean Harris, Angela Bassett, Vanessa Kirby, Michelle Monaghan, Wes Bentley",Action,Blu-ray,tt4912910,
Jurassic World: Fallen Kingdom,J.A. Bayona,2018,"Chris Pratt, Bryce Dallas Howard, Rafe Spall, Justice Smith, Daniella Pineda, James Cromwell, Toby Jones, Ted Levine, Jeff Goldblum, BD Wong",Action,Blu-ray,tt4881806,
Lions For Lambs,Robert Redford,2007,"Rick Margaritov, Michael Peoples, Meryl Streep, Tom Cruise, Michael Peña, Andrew Garfield, Peter Berg, Kevin Dunn, Derek Luke",Drama,DVD,tt0891527,
White Fang: The Series,Tonino Ricci,1974,"Maurizio Merli, Henry Silva, Renzo Palmer, Gisela Hahn, Benito Stefanelli, Donald O'Brien, Luciano Rossi, Sergio Smacchi, Riccardo Pizzuti, Matteo Zoffoli",Action,DVD,tt0072436,
Mystery Movie Pack,,,,,DVD,tt0000000,no year; no director; no actors; no genre
Brokedown Palace,Jonathan Kaplan,1999,"Claire Danes, Kate Beckinsale, Bill Pullman, Jacqueline Kim, Lou Diamond Phillips, Daniel Lapaine, Tom Amandes, Aimee Graham, John Doe, Kay Tong Lim",Drama,DVD,tt0120620,
Rumor Has It...,Rob Reiner,2005,"Jennifer Aniston, Kevin Costner, Shirley Maclaine, Richard Jenkins, Christopher McDonald, Steve Sandvoss, Mena Suvari, Mike Vogel, Rob Lanza, Lisa Vachon",Comedy,DVD,tt0398375,
"6-Film Miramax, Vol. 5",,,,Action,DVD,tt0000000,no year; no director; no actors
Open Water,Chris Kentis,2004,"Blanchard Ryan, Daniel Travis, Saul Stein, Estelle Lau, Michael E. Williamson, Cristina Zenarro, John Charles, Steve Lemme",Drama,DVD,tt0374102,
Valerian and the City of a Thousand Planets,Luc Besson,2017,"Dane DeHaan, Cara Delevingne, Clive Owen, Rihanna, Ethan Hawke, Herbie Hancock, Kris Wu, Sam Spruell, Alain Chabat, Rutger Hauer",Action,Blu-ray,tt2239822,
Beyond the Sea,Kevin Spacey,2004,"Kate Bosworth, John Goodman, Bob Hoskins, Brenda Blethyn, Greta Scacchi, Caroline Aaron, Peter Cincotti, William Ullrich, Michael Byrne, Lewis Colick",Drama,DVD,tt0363473,
My Blue Heaven,Herbert Ross,1990,"Steve Martin, Rick Moranis, Joan Cusack, Melanie Mayron, Bill Irwin, Carol Kane, William Hickey, Deborah Rush, Daniel Stern, John Rogers",Comedy,DVD,tt0100212,
Friends with Benefits,Will Gluck,2011,"Justin Timberlake, Mila Kunis, Patricia Clarkson, Jenna Elfman, Bryan Greenberg, Richard Jenkins, Woody Harrelson, Nolan Gould, Andy Samberg, Shaun White",Comedy,DVD,tt1632708,
Hanging Up,Diane Keaton,2000,"Meg Ryan, Lisa Kudrow, Walter Matthau, Adam Arkin, Shaun Duke, Ann Bortolotti, Cloris Leachman, Maree Cheatham, Myndy Crist, Delia Ephron",Comedy,DVD,tt0162983,
Conviction,Tony Goldwyn,2010,"Hilary Swank, Sam Rockwell, Thomas D. Mahard, Owen Campbell, Conor Donovan, Laurie Brown, John Pyper-Ferguson, Minnie Driver, Ele Bardha, Melissa Leo",Drama,DVD,tt1244754,
Love Story,Arthur Hiller,1970,"Ali MacGraw, Ryan O'Neal, John Marley, Ray Milland, Russell Nype, Katharine Balfour, Sydney Walker, Robert Modica, Walker Daniels, Tommy Lee Jones",Drama,DVD,tt0066011,
Cosmopolis,David Cronenberg,2012,"Robert Pattinson, Sarah Gadon, Paul Giamatti, Kevin Durand, Abdul Ayoola, Juliette Binoche, Emily Hampshire, Bob Bainborough, Samantha Morton, Zeljko Kecojevic",Crime,DVD,tt1480656,
Out of the Furnace,Scott Cooper,2013,"Woody Harrelson, Dendrie Taylor, Carl Ciarfalio, Nancy Mosser, Christian Bale, Casey Affleck, Zoe Saldana, Sam Shepard, Bingo O'Malley, Tom Bower",Crime,DVD,tt1206543,
Out To Sea,Martha Coolidge,1997,"Jack Lemmon, Walter Matthau, Dyan Cannon, Gloria DeHaven, Brent Spiner, Elaine Stritch, Hal Linden, Donald O'Connor, Edward Mulhare, Rue McClanahan",Comedy,DVD,tt0119848,
"Kid, The",Jon Turteltaub,2000,"Bruce Willis, Spencer Breslin, Emily Mortimer, Lily Tomlin, Jean Smart, Chi McBride, Daniel von Bargen, Dana Ivey, Susan Dalian, Stanley Anderson",Comedy,DVD,tt0219854,
Monster-in-Law,Robert Luketic,2005,"Jennifer Lopez, Jane Fonda, Michael Vartan, Wanda Sykes, Adam Scott, Monet Mazur, Annie Parisse, Will Arnett, Elaine Stritch, Stephen Dunham",Comedy,DVD,tt0369735,
As Good As It Gets,James L. Brooks,1997,"Jack Nicholson, Helen Hunt, Greg Kinnear, Skeet Ulrich, Shirley Knight, Yeardley Smith, Lupe Ontiveros, Jill the Dog, Timer the Dog, Billy the Dog",Comedy,DVD,tt0119822,
Chisum,Andrew V. McLaglen,1970,"John Wayne, Forrest Tucker, Christopher George, Ben Johnson, Glenn Corbett, Andrew Prine, Bruce Cabot, Patric Knowles, Richard Jaeckel, Lynda Day George",Western,DVD,tt0065547,
Mona Lisa Smile,Mike Newell,2003,"Topher Grace, John Slattery, Julia Stiles, Marcia Gay Harden, Julia Roberts, Leslie Lyles, Dominic West, Kirsten Dunst, Maggie Gyllenhaal, Ginnifer Goodwin",Comedy,DVD,tt0304415,
Music and Lyrics,Marc Lawrence,2007,"Reed Kelly, Hugh Grant, Drew Barrymore, Scott Porter, Nick Bacon, Andrew W. Blakemore, Dan McMillan, Tom Foligno, Zak Orth, Brooke Tansley",Comedy,DVD,tt0758766,
Exit Wounds,Andrzej Bartkowiak,2001,"Steven Seagal, DMX, Isaiah Washington, Anthony Anderson, Michael Jai White, Bill Duke, Jill Hennessy, Tom Arnold, Bruce McGill, David Vadim",Action,Blu-ray,tt0242445,
Out of Reach,Po-Chih Leong,2004,"Steven Seagal, Ida Nowakowska, Agnieszka Wagner, Matt Schulze, Krzysztof Pieczynski, Robbie Gee, Murat Yilmaz, Nick Brimble, Jan Plazalski, Shawn Lawrence",Drama,DVD,tt0377100,
Star Wars: Episode VI - Return Of The Jedi,Richard Marquand,1983,"Pip Miller, Anthony Daniels, Kenny Baker, Frank Oz, Ian McDiarmid, Warwick Davis, David Alan Barclay, Carrie Fisher, James Earl Jones, Peter Mayhew",Action,DVD,tt0086190,
License to Wed,Ken Kwapis,2007,"Robin Williams, Mandy Moore, John Krasinski, Eric Christian Olsen, Christine Taylor, Josh Flitter, DeRay Davis, Peter Strauss, Grace Zabriskie, Roxanne Hart",Comedy,DVD,tt0762114,
Zero Dark Thirty,Kathryn Bigelow,2012,"Jason Clarke, Reda Kateb, Jessica Chastain, Kyle Chandler, Jennifer Ehle, Harold Perrineau, Jeremy Strong, J.J. Kandel, Wahab Sheikh, Alexander Karim",Drama,DVD,tt1790885,
Minority Report,Steven Spielberg,2002,"Tom Cruise, Max Von Sydow, Steve Harris, Neal McDonough, Patrick Kilpatrick, Jessica Capshaw, Richard Coca, Keith Campbell, Kirk B.R. Woller, Klea Scott",Action,DVD,tt0181689,
Man on Fire,Tony Scott,2004,"Denzel Washington, Dakota Fanning, Marc Anthony, Radha Mitchell, Christopher Walken, Giancarlo Giannini, Rachel Ticotin, Jesús Ochoa, Mickey Rourke, Angelina Peláez",Action,DVD,tt0328107,
The Yards,James Gray,2000,"Mark Wahlberg, Joaquin Phoenix, Charlize Theron, James Caan, Ellen Burstyn, Faye Dunaway, Steve Lawrence, Andy Davoli, Tony Musante, Victor Argo",Action,DVD,tt0138946,
Warm Bodies,Jonathan Levine,2013,"Nicholas Hoult, Teresa Palmer, Lio Tipton, Rob Corddry, Dave Franco, John Malkovich, Cory Hardrict, Daniel Rindress-Kay, Vincent Leclerc, Clifford LeDuc-Vaillancourt",Comedy,DVD,tt1588173,
Tenacious D in The Pick of Destiny,Liam Lynch,2006,"Jack Black, Kyle Gass, Jason Reed, Ronnie James Dio, Paul F. Tompkins, Troy Gentile, Ned Bellamy, Fred Armisen, Kirk Ward, Amy Poehler",Comedy,DVD,tt0365830,
Tenacious D - The Complete Master Works,Tom Gianas,2003,"Jack Black, Kyle Gass, Scott Adsit, Dave Allen, Stephanie Courtney, David Cross, Ken Daly, Ernest M. Garcia, David Grohl, Jay Johnston",Comedy,DVD,tt0388462,
Storm of the Century,,2014,,Drama,DVD,tt0000000,no director; no actors
Snitch,Ric Roman Waugh,2013,"Dwayne Johnson, Barry Pepper, Jon Bernthal, Susan Sarandon, Michael Kenneth Williams, Rafi Gavron, Melina Kanakaredes, Nadine Velazquez, Benjamin Bratt, JD Pardo",Action,DVD,tt0882977,
The NeverEnding Story,Wolfgang Petersen,1984,"Barret Oliver, Gerald McRaney, Drum Garrett, Darryl Cooksey, Nicholas Gilbert, Thomas Hill, Deep Roy, Tilo Prückner, Moses Gunn, Noah Hathaway",Adventure,DVD,tt0088323,
Narc,Joe Carnahan,2003,"Ray Liotta, Dan Leis, Jason Patric, Lloyd Adams, Meagan Issa, Lina Giornofelice, Alan C. Peterson, Karen Robinson, Chi McBride, Booth Savage",Crime,DVD,tt0272207,
Men in Black II,Barry Sonnenfeld,2002,"Tommy Lee Jones, Will Smith, Rip Torn, Lara Flynn Boyle, Johnny Knoxville, Rosario Dawson, Tony Shalhoub, Patrick Warburton, Jack Kehler, David Cross",Action,DVD,tt0120912,
Mad Max Beyond Thunderdome,George Miller,1985,"Mel Gibson, Bruce Spence, Adam Cockburn, Tina Turner, Frank Thring, Angelo Rossitto, Paul Larsson, Angry Anderson, Robert Grubb, George Spartels",Action,DVD,tt0089530,
Mad Max,George Miller,1979,"Mel Gibson, Joanne Samuel, Hugh Keays-Byrne, Steve Bisley, Tim Burns, Roger Ward, Lisa Aldenhoven, David Bracks, Bertrand Cadart, David Cameron",Action,DVD,tt0079501,
"Lock, Stock and Two Smoking Barrels",Guy Ritchie,1998,"Jason Flemyng, Dexter Fletcher, Nick Moran, Jason Statham, Steven Mackintosh, Nicholas Rowe, Nick Marcq, Charles Forbes, Vinnie Jones, Lenny McLean",Comedy,DVD,tt0120735,
Labyrinth,Jim Henson,1986,"David Bowie, Jennifer Connelly, Toby Froud, Shelley Thompson, Christopher Malcolm, Natalie Finland, Shari Weiser, Brian Henson, Ron Mueck, Rob Mills",Adventure,DVD,tt0091369,
The Guardian,Andrew Davis,2006,"Joshua Mitcheltree, Ashton Kutcher, John Heard, Henry Kingi Jr., Tony Snegoff, Michael Rady, Jacob Stevens, Nevada Smith, Dodie Brown, Melissa Sagemiller",Action,DVD,tt0406816,
The Good Shepherd,Robert de Niro,2006,"Matt Damon, Angelina Jolie, Alec Baldwin, Tammy Blanchard, Billy Crudup, Keir Dullea, Michael Gambon, Martina Gedeck, William Hurt, Eric Roth",Action,DVD,tt0343737,
Exorcist: The Beginning,Renny Harlin,2004,"Antonie Kamerling, Eddie Osei, Israel Aduramo, Patrick O'Kane, James Bellamy, Cecilia Amati, Matti Ristinen, Lidia Darly, James Paparella, Silvio Jimenez Hernandez",Action,DVD,tt0204313,
Escape From New York,John Carpenter,1981,"Kurt Russell, Lee Van Cleef, Ernest Borgnine, Isaac Hayes, Donald Pleasence, David R. Patrick, Bob Minor, Wally Taylor, James O'Hagen, James Emery",Action,DVD,tt0082340,
Escape from L.A.,John Carpenter,1996,"Kurt Russell, Steve Buscemi, Peter Fonda, Cliff Robertson, Valeria Golino, Stacy Keach, Pam Grier, Bruce Campbell, Georges Corraface, Michelle Forbes",Action,DVD,tt0116225,
Easy Rider,Dennis Hopper,1969,"Jack Nicholson, Peter Fonda, Antonio Mendoza, Phil Spector, Mac Mashourian, Warren Finnerty, Tita Colorado, Luke Askew, Luana Anders",Adventure,DVD,tt0064276,
The Day After Tomorrow,Roland Emmerich,2004,"Dennis Quaid, Jake Gyllenhaal, Emmy Rossum, Dash Mihok, Jay O. Sanders, Sela Ward, Austin Nichols, Arjay Smith, Tamlyn Tomita, Sasha Roiz",Action,DVD,tt0319262,
Dances with Wolves,Kevin Costner,1990,"Mary McDonnell, Graham Greene, Rodney A. Grant, Floyd 'Red Crow' Westerman, Tantoo Cardinal, Robert Pastorelli, Charles Rocket, Maury Chaykin, Jimmy Herman, Michael Blake",Adventure,DVD,tt0099348,
Cadillac Man / Running Scared / Couch Trip,Roger Donaldson,1986,"Robin Williams, Tim Robbins, Pamela Reed, Fran Drescher, Zack Norman, Lori Petty, Annabella Sciorra, Paul Guilfoyle, Bill Nelson, Eddie Jones",Action,DVD,tt0099204,
Birdcage,Mike Nichols,1996,"Robin Williams, Gene Hackman, Nathan Lane, Dianne Wiest, Dan Futterman, Calista Flockhart, Hank Azaria, Christine Baranski, Tom McGowan, Grant Heslov",Comedy,DVD,tt0115685,
Big Trouble in Little China,John Carpenter,1986,"Kurt Russell, Kim Cattrall, Dennis Dun, James Hong, Victor Wong, Kate Burton, Donald Li, Carter Wong, Peter Kwong, James Pax",Comedy,DVD,tt0090728,
Analyze This,Harold Ramis,1999,"Robert de Niro, Billy Crystal, Lisa Kudrow, Chazz Palminteri, Kresimir Novakovic, Bart Tangredi, Michael Straka, Joseph Rigano, Joe Viterelli, Richard C. Castellano",Comedy,DVD,tt0122933,
Twisted,Philip Kaufman,2004,"Ashley Judd, Samuel L. Jackson, Andy Garcia, David Strathairn, Russell Wong, Camryn Manheim, Mark Pellegrino, Titus Welliver, D.W. Moffett, Richard T. Jones",Crime,DVD,tt0315297,
Flatliners,Niels Arden Oplev,2017,"Ellen Page, Diego Luna, Nina Dobrev, James Norton, Kiersey Clemons, Kiefer Sutherland, Madison Brydges, Jacob Soley, Anna Arden, Miguel Anthony",Drama,DVD,tt2039338,
Last Action Hero,John McTiernan,1993,"Arnold Schwarzenegger, F. Murray Abraham, Austin O'Brien, Art Carney, Charles Dance, Frank McRae, Tom Noonan, Robert Prosky, Anthony Quinn, Mercedes Ruehl",Action,DVD,tt0107362,
Three Kings,David O. Russell,1999,"George Clooney, Mark Wahlberg, Ice Cube, Spike Jonze, Cliff Curtis, Nora Dunn, Jamie Kennedy, Saïd Taghmaoui, Mykelti Williamson, Holt McCallany",Action,DVD,tt0120188,
The Clearing,Pieter Jan Brugge,2003,"Robert Redford, Helen Mirren, Willem Dafoe, Alessandro Nivola, Matt Craven, Melissa Sagemiller, Wendy Crewson, Larry Pine, Diana Scarwid, Elizabeth Ruscio",Action,DVD,tt0323531,
The Hurricane,Norman Jewison,1999,"Denzel Washington, Vicellous Reon Shannon, Deborah Kara Unger, Liev Schreiber, John Hannah, Dan Hedaya, Debbi Morgan, Clancy Brown, David Paymer, Harris Yulin",Drama,DVD,tt0174856,
Paranoid,John Duigan,2000,"Jessica Alba, Iain Glen, Jeanne Tripplehorn, Ewen Bremner, Mischa Barton, Kevin Whately, Oliver Milburn, Gary Love, Amy Phillips, David Fahm",Suspense/Thriller,DVD,tt0197750,
Hollywoodland,Allen Coulter,2006,"Adrien Brody, Diane Lane, Ben Affleck, Bob Hoskins, Robin Tunney, Kathleen Robertson, Lois Smith, Phillip MacKenzie, Larry Cedar, Eric Kaldor",Crime,DVD,tt0427969,
Glory Road,James Gartner,2006,"Josh Lucas, Derek Luke, Austin Nichols, Jon Voight, Evan Jones, Schin A.S. Kerr, Alphonso McAuley, Mehcad Brooks, Sam Jones III, Damaine Radcliff",Drama,DVD,tt0385726,
Dave,Ivan Reitman,1993,"Kevin Kline, Sigourney Weaver, Frank Langella, Kevin Dunn, Ving Rhames, Ben Kingsley, Charles Grodin, Faith Prince, Laura Linney, Bonnie Hunt",Comedy,DVD,tt0106673,
Paranormal Activity,Oren Peli,2007,"Katie Featherston, Micah Sloat, Mark Fredrichs, Amber Armstrong, Ashley Palmer, Crystal Cartwright, Randy McDowell, James Piper",Horror,DVD,tt1179904,
Quarantine,John Erick Dowdle,2008,"Jennifer Carpenter, Steve Harris, Jay Hernandez, Johnathon Schaech, Columbus Short, Andrew Fiscella, Rade Serbedzija, Greg Germann, Bernard White, Dania Ramirez",Drama,DVD,tt1082868,
Paranormal Activity 3,Henry Joost,2011,"Christopher Nicholas Smith, Lauren Bittner, Chloe Csengery, Jessica Tyler Brown, Dustin Ingram, Maria Olsen, Brian Boland, Johanna Braddy, Bailey Michelle Brown, Tucker Brown",Horror,DVD,tt1778304,
Paranormal Activity 4,Henry Joost,2012,"Kathryn Newton, Katie Featherston, Matt Shively, Alexondra Lee, Stephen Dunham, Brady Allen, Sara Mornell, Aiden Lovekamp, Alisha Boe, Brendon Eggertsen",Horror,DVD,tt2109184,
License to Kill,Jud Taylor,1984,"James Farentino, Penny Fuller, Don Murray, Millie Perkins, Ari Meyers, Donald Moffat, Jacqueline Brookes, Kristen Vigard, Denzel Washington, George Martin",Action,DVD,tt0087617,
Brooklyn Rules,Michael Corrente,2007,"Alec Baldwin, Freddie Prinze Jr., Scott Caan, Mena Suvari, Jerry Ferrara, Monica Keena, Robert Turano, Ursula Abbott, Paulo Araujo, P.J. Brown",Crime,DVD,tt0283503,
24: Redemption,Jon Cassar,2008,"Kiefer Sutherland, Eric Lively, Jon Voight, Cherry Jones, Colm Feore, Robert Carlyle, Carly Pope, Peter MacNicol, Gil Bellows, Powers Boothe",Action,DVD,tt0813980,
Out Cold,Brendan Malloy,2001,"Flex Alexander, A.J. Cook, David Denman, Caroline Dhavernas, Derek Hamilton, Zach Galifianakis, Willie Garson, David Koechner, Thomas Lennon, Jason London",Comedy,DVD,tt0253798,
The Spiderwick Chronicles,Mark Waters,2008,"Freddie Highmore, Mary-Louise Parker, Nick Nolte, Sarah Bolger, Andrew McCarthy, Joan Plowright, David Strathairn, Seth Rogen, Martin Short, Jordy Benattar",Adventure,DVD,tt0416236,
Airheads,Michael Lehmann,1994,"Brendan Fraser, Steve Buscemi, Adam Sandler, Chris Farley, Michael McKean, Judd Nelson, Ernie Hudson, Amy Locane, Nina Siemaszko, Marshall Bell",Comedy,DVD,tt0109068,
Phenomenon,Jon Turteltaub,1996,"John Travolta, Kyra Sedgwick, Forest Whitaker, Robert Duvall, Jeffrey DeMunn, Richard Kiley, David Gallagher, Ashley Buccille, Tony Genaro, Sean O'Bryan",Drama,DVD,tt0117333,
The Ringer,Barry W. Blaustein,2005,"Johnny Knoxville, Brian Cox, Katherine Heigl, Jed Rees, Bill Chott, Edward Barbanell, Leonard Earl Howze, Geoffrey Arend, John Taylor, Luis Avalos",Comedy,DVD,tt0267891,
Jeepers Creepers Double Feature,,,,,DVD,tt0000000,no year; no director; no actors; no genre
Jeepers Creepers 2,Victor Salva,2003,"Ray Wise, Jonathan Breck, Garikayi Mutambirwa, Eric Nenninger, Nicki Aycox, Travis Schiffner, Lena Cardwell, Billy Aaron Brown, Marieh Delfino, Diane Delano",Comedy,DVD,tt0301470,
Jeepers Creepers,Victor Salva,2001,"Gina Philips, Justin Long, Jonathan Breck, Patricia Belcher, Brandon Smith, Eileen Brennan, Peggy Sheffield, Jeffrey William Evans, Patrick Cherry, Jon Beshara",Horror,DVD,tt0263488,
Silver Wolf,Peter Svatek,1999,"Michael Biehn, Roy Scheider, Shane Meier, Kimberley Warnat, Lynda Boyd, Trevor Roberts, Ron Sauvé, T.J. Shanks, Reg Tupper, John Hawkes",Adventure,DVD,tt0158221,
"Legally Blonde / Legally Blonde 2: Red, White and Blonde",,,,Comedy,DVD,tt0000000,no year; no director; no actors
Surf's Up,Ash Brannon,2007,"Danny Mann, Mickie McGowan, Alec Medlock, Laraine Newman, Jan Rabson, Meagan Moore, Marisa Theodore, Crawford Wilson, Jacob Zachar, Shia LaBeouf",Animation,Blu-ray,tt0423294,
Boogeyman,Stephen Kay,2005,"Barry Watson, Emily Deschanel, Skye McCole Bartusiak, Tory Mussett, Andrew Glover, Lucy Lawless, Charles Mesure, Philip Gordon, Aaron Murphy, Jennifer Rucker",Drama,DVD,tt0357507,
The Number 23,Joel Schumacher,2007,"Jim Carrey, Virginia Madsen, Logan Lerman, Danny Huston, Lynn Collins, Rhona Mitra, Michelle Arthur, Mark Pellegrino, Paul Butcher, David Stifel",Drama,DVD,tt0481369,
Urban Legends: Bloody Mary,Mary Lambert,2005,"Kate Mara, Robert Vito, Tina Lifford, Ed Marinaro, Michael Coe, Lillith Fields, Nancy Everhard, Audra Lea Keener, Don Shanks, Jeff Olson",Horror,DVD,tt0451957,
Alexander,Oliver Stone,2004,"Colin Farrell, Angelina Jolie, Val Kilmer, Anthony Hopkins, Jared Leto, Rosario Dawson, Jonathan Rhys Meyers, Rory McCann, Gary Stretch, Ian Beattie",Action,DVD,tt0346491,
Herbie: Fully Loaded,Angela Robinson,2005,"Lindsay Lohan, Michael Keaton, Matt Dillon, Breckin Meyer, Justin Long, Cheryl Hines, Jimmi Simpson, Jill Ritchie, Thomas Lennon, Jeremy Roberts",Adventure,DVD,tt0400497,
White Noise,Geoffrey Sax,2005,"Michael Keaton, Chandra West, Deborah Kara Unger, Ian McNeice, Sarah Strange, Nicholas Elia, Mike Dopud, Marsha Regis, Brad Sihvon, Mitchell Kosterman",Drama,DVD,tt0375210,
Lords of Dogtown,Catherine Hardwicke,2005,"John Robinson, Emile Hirsch, Rebecca De Mornay, William Mapother, Julio Oscar Mechoso, Victor Rasuk, Nikki Reed, Heath Ledger, Vincent Laresca, Brian Zarate",Action,DVD,tt0355702,
Sicko,Michael Moore,2007,"Tucker Albrizzi, Tony Benn, George W. Bush, Reggie Cervantes, Bill Clinton, Hillary Rodham Clinton, Billy Crystal, John Graham, Aleida Guevara",Documentary,DVD,tt0386032,
Ghost Rider,Mark Steven Johnson,2007,"Matt Long, Raquel Alessi, Brett Cullen, Peter Fonda, Nicolas Cage, Donal Logue, Tony Ghosthawk, Hugh Sexton, Marcus Jones, Matt Norman",Action,DVD,tt0259324,
Anchorman: The Legend of Ron Burgundy,Adam McKay,2004,"Will Ferrell, Christina Applegate, Paul Rudd, Steve Carell, David Koechner, Fred Willard, Chris Parnell, Kathryn Hahn, Fred Armisen, Seth Rogen",Comedy,DVD,tt0357413,
Son of the Mask,Lawrence Guterman,2005,"Jamie Kennedy, Alan Cumming, Liam Falconer, Ryan Falconer, Traylor Howard, Steven Wright, Kal Penn, Ben Stein, Brett Pickup, Peter Callan",Adventure,DVD,tt0362165,
Alone in the Dark,Uwe Boll,2005,"Christian Slater, Tara Reid, Stephen Dorff, Frank C. Turner, Matthew Walker, Will Sanderson, Mark Acheson, Darren Shahlavi, Karin Konoval, Craig Bruhnanski",Action,DVD,tt0369226,
Deep Winter,Mikey Hilb,2007,"Eric Lively, Kellan Lutz, Michael Madsen, Luke Goss, Shane Anderson, Robert Carradine, K. Danor Gerald, Jeff Johnson, Peyton List, Josh McLerran",Action,DVD,tt0780500,
Million Dollar Baby,Clint Eastwood,2004,"Hilary Swank, Morgan Freeman, Jay Baruchel, Mike Colter, Lucia Rijker, Brian F. O'Byrne, Anthony Mackie, Margo Martindale, Riki Lindhome",Drama,DVD,tt0405159,
Speak,Jessica Sharzer,2004,"Tim Cruz, Annie Young Frisbie, Kristen Stewart, Michael Angarano, Eric Lively, Leslie Lyles, Elizabeth Perkins, Allison Siko, D.B. Sweeney, Steve Zahn",Drama,DVD,tt0378793,
Kinsey,Bill Condon,2004,"Liam Neeson, Laura Linney, Chris O'Donnell, Peter Sarsgaard, Timothy Hutton, John Lithgow, Oliver Platt, Dylan Baker, Julianne Nicholson, William Sadler",Drama,DVD,tt0362269,
Taxi,Tim Story,2004,"Queen Latifah, Jimmy Fallon, Henry Simmons, Jennifer Esposito, Gisele Bündchen, Ana Cristina De Oliveira, Ingrid Vandebosch, Magali Amadei, Ann-Margret, Christian Kane",Action,DVD,tt0316732,
The Ring Two,Hideo Nakata,2005,"Kirk B.R. Woller, Gary Cole, Elizabeth Perkins, Naomi Watts, Simon Baker, David Dorfman, Sissy Spacek, Ryan Merriman, Emily VanCamp, Kelly Overton",Drama,DVD,tt0377109,
Meet Dave,Brian Robbins,2008,"Eddie Murphy, Elizabeth Banks, Gabrielle Union, Scott Caan, Ed Helms, Kevin Hart, Mike O'Malley, Pat Kilbane, Judah Friedlander, Marc Blucas",Comedy,Blu-ray,tt0765476,
Get Smart,Peter Segal,2008,"Steve Carell, Anne Hathaway, Dwayne Johnson, Alan Arkin, Terence Stamp, Terry Crews, David Koechner, James Caan, Bill Murray, Patrick Warburton",Action,Blu-ray,tt0425061,
"War, Inc.",Joshua Seftel,2007,"John Cusack, Velizar Peev, Shirly Brener, Katerina Grableva, Sergio Buenrostro, Alex Brown, Attia Hosni Attia, Ivo Kehayov, Teodor Tsolov, Hilary Duff",Action,Blu-ray,tt0884224,
Kingdom of Heaven,Ridley Scott,2005,"Martin Hancock, Michael Sheen, Nathalie Cox, Eriq Ebouaney, Jouko Ahola, David Thewlis, Liam Neeson, Philip Glenister, Orlando Bloom, Bronson Webb",Action,DVD,tt0320661,
Jeepers Creepers,Victor Salva,2001,"Gina Philips, Justin Long, Jonathan Breck, Patricia Belcher, Eileen Brennan, Brandon Smith, Peggy Sheffield, Jeffrey William Evans, Patrick Cherry, Jon Beshara",Adventure,DVD,tt0263488,
The Boogeyman,Ulli Lommel,1980,"Suzanna Love, Ron James, John Carradine, Nicholas Love, Raymond Boyden, Felicite Morgan, Bill Rayburn, Llewelyn Thomas, Jay Wright, Natasha Schiano",Horror,DVD,tt0080464,
The Pacifier,Adam Shankman,2005,"Vin Diesel, Lauren Graham, Faith Ford, Brittany Snow, Max Thieriot, Chris Potter, Carol Kane, Brad Garrett, Morgan York, Kegan Hoover",Comedy,DVD,tt0395699,
Ladder 49,Jay Russell,2004,"Joaquin Phoenix, John Travolta, Jacinda Barrett, Robert Patrick, Morris Chestnut, Billy Burke, Balthazar Getty, Tim Guinee, Kevin Chapman, Jay Hernandez",Action,DVD,tt0349710,
28 Weeks Later,Juan Carlos Fresnadillo,2007,"Robert Carlyle, Rose Byrne, Jeremy Renner, Harold Perrineau, Catherine McCormack, Idris Elba, Imogen Poots, Mackintosh Muggleton, Amanda Walker, Shahid Ahmed",Action,DVD,tt0463854,
Flyboys,Tony Bill,2006,"James Franco, Scott Hazell, Mac McDonald, Philip Winchester, Todd Boyce, Karen Ford, Ruth Bradley, Abdul Salis, Jean-Philippe Écoffey, Tim Pigott-Smith",Action,DVD,tt0454824,
I Heart Huckabees,David O. Russell,2004,"Jason Schwartzman, Isabelle Huppert, Dustin Hoffman, Lily Tomlin, Jude Law, Mark Wahlberg, Naomi Watts, Angela Grillo, Ger Duany, Darlene Hunt",Comedy,DVD,tt0356721,
Cinderella Man,Ron Howard,2005,"Russell Crowe, Renée Zellweger, Paul Giamatti, Craig Bierko, Paddy Considine, Bruce McGill, David Huband, Connor Price, Ariel Waller, Patrick Louis",Drama,Blu-ray,tt0352248,
Category 6: Day of Destruction,Dick Lowry,2004,"Thomas Gibson, Nancy McKeon, Chandra West, Brian Markinson, Nancy Anne Sakovich, Randy Quaid, Dianne Wiest, Brian Dennehy, Ari Cohen, Christopher Shyer",Action,DVD,tt0428144,
Deck the Halls,John Whitesell,2006,"Danny DeVito, Matthew Broderick, Kristin Davis, Kristin Chenoweth, Alia Shawkat, Dylan Blue, Sabrina Aldridge, Kelly Aldridge, Jorge Garcia, Fred Armisen",Comedy,DVD,tt0790604,
The Manchurian Candidate,Jonathan Demme,2004,"Jeffrey Wright, Pablo Schreiber, Anthony Mackie, Dorian Missick, Jose Pablo Cantillo, Teddy Dunn, Joaquin Perez-Campbell, Tim Artz, Denzel Washington, Robyn Hitchcock",Drama,DVD,tt0368008,
Submerged,Anthony Hickox,2005,"Steven Seagal, Christine Adams, William Hope, Nick Brimble, Vinnie Jones, Alison King, P.H. Moriarty, Gary Daniels, Ross McCall, Stephen Taylor",Action,DVD,tt0416243,
88 Minutes,Jon Avnet,2007,"Al Pacino, Alicia Witt, Leelee Sobieski, Amy Brenneman, William Forsythe, Deborah Kara Unger, Ben McKenzie, Neal McDonough, Leah Cairns, Stephen Moyer",Crime,Blu-ray,tt0411061,
Alpha Dog,Nick Cassavetes,2006,"Ben Foster, Shawn Hatosy, Emile Hirsch, Chris Marquette, Sharon Stone, Justin Timberlake, Anton Yelchin, Bruce Willis, Matthew Barry, Fernando Vargas",Action,DVD,tt0426883,
Alfie,Charles Shyer,2004,"Jude Law, Renée Taylor, Jane Krakowski, Jeff Harding, Marisa Tomei, Kevin Rahm, Max Morris, Omar Epps, Nia Long, Gedde Watanabe",Comedy,DVD,tt0375173,
24: Redemption,Jon Cassar,2008,"Kiefer Sutherland, Cherry Jones, Bob Gunton, Colm Feore, Powers Boothe, Robert Carlyle, Jon Voight, Peter MacNicol, Gil Bellows, Hakeem Kae-Kazim",Action,DVD,tt0813980,
Phenomenon,Jon Turteltaub,1996,"John Travolta, Kyra Sedgwick, Forest Whitaker, Robert Duvall, Jeffrey DeMunn, Richard Kiley, David Gallagher, Ashley Buccille, Tony Genaro, Sean O'Bryan",Drama,Blu-ray,tt0117333,
Before Sunset,Richard Linklater,2004,"Ethan Hawke, Julie Delpy, Vernon Dobtcheff, Louise Lemoine Torres, Rodolphe Pauly, Mariane Plasteig, Diabolo, Denis Evrard, Albert Delpy, Marie Pillet",Comedy,DVD,tt0381681,
Spanglish,James L. Brooks,2004,"Adam Sandler, Téa Leoni, Paz Vega, Cloris Leachman, Shelbie Bruce, Sarah Steele, Ian Hyland, Victoria Luna, Cecilia Suárez, Ricardo Molina",Comedy,DVD,tt0371246,
Carlito's Way: Rise to Power,Michael Scott Bregman,2005,"Jay Hernandez, Mario Van Peebles, Luis Guzmán, Sean 'P. Diddy' Combs, Michael Kelly (V), Giancarlo Esposito, Jaclyn DeSantis, Burt Young, Mtume Gant, Domenick Lombardozzi",Action,DVD,tt0427038,
The Duchess,Saul Dibb,2008,"Keira Knightley, Ralph Fiennes, Charlotte Rampling, Dominic Cooper, Hayley Atwell, Simon McBurney, Aidan McArdle, John Shrapnel, Alistair Petrie, Patrick Godfrey",Drama,DVD,tt0864761,
Sweeney Todd: The Demon Barber of Fleet Street,Tim Burton,2007,"Johnny Depp, Helena Bonham Carter, Alan Rickman, Timothy Spall, Sacha Baron Cohen, Jamie Campbell Bower, Laura Michelle Kelly, Jayne Wisener, Ed Sanders, Gracie May",Crime,Blu-ray,tt0408236,
Babylon,Mathieu Kassovitz,2008,"Vin Diesel, Michelle Yeoh, Mélanie Thierry, Charlotte Rampling, Gérard Depardieu, Kristyna Kingsley, Mark Strong, Joel Kirby, Filip Matejka, David Gasman",Action,Blu-ray,tt0364970,
Outlander,Howard McCain,2008,"Jim Caviezel, Sophia Myles, Jack Huston, John Hurt, Cliff Saunders, Patrick Stevenson, Aidan Devine, Ron Perlman, Bailey Maughan, John Nelles",Action,DVD,tt0462465,
George A. Romero's Land of the Dead,George A. Romero,2005,"Robert Joy, Gregory Nicotero, Christopher Allen Nelson, Gwilym Roddick, Shawn Roberts (II), Jasmin Geljo, David Sparrow, Heidi von Palleske, Simon Pegg, Eric Vespe",Action,DVD,tt0418819,
Hostage,Florent Emilio Siri,2005,"Bruce Willis, Kevin Pollak, Jimmy Bennett, Michelle Horn, Ben Foster, Jonathan Tucker, Marshall Allman, Serena Scott Thomas, Rumer Willis, Kim Coates",Crime,Blu-ray,tt0340163,
The Reaping,Stephen Hopkins,2007,"Hilary Swank, David Morrissey, Idris Elba, AnnaSophia Robb, Stephen Rea, William Ragsdale, John McConnell, David Jensen, Yvonne Landry, Samuel Garland",Horror,DVD,tt0444682,
"Air I Breathe, The",Jieho Lee,2007,"Kevin Bacon, Julie Delpy, Brendan Fraser, Andy Garcia, Sarah Michelle Gellar, Clark Gregg, Emile Hirsch, Forest Whitaker, Kelly Hu, Evan Parke",Action,DVD,tt0485851,
The Painted Veil,John Curran,2006,"Naomi Watts, Edward Norton, Liev Schreiber, Diana Rigg, Catherine An, Bin Li, Bin Wu, Alan David, Marie-Laure Descoureaux, Sally Hawkins",Drama,DVD,tt0446755,
The Brave One,Neil Jordan,2007,"Jodie Foster, Terrence Howard, Nicky Katt, Naveen Andrews, Mary Steenburgen, Ene Oloja, Luis Da Silva Jr., Blaze Foster, Rafael Sardina, Jane Adams",Action,Blu-ray,tt0476964,
Cellular,David R. Ellis,2004,"Caroline Aaron, Kim Basinger, Brenda Ballard, Will Beinbrink, Jessica Biel, Chase Ellis Bloch, Chelsea Ellis Bloch, Chantille Boudousque, Robin Brenner, Richard Burgi",Crime,Blu-ray,tt0337921,
War of the Worlds,Steven Spielberg,2005,"Tom Cruise, Dakota Fanning, Miranda Otto, Justin Chatwin, Tim Robbins, Rick Gonzalez, Yul Vazquez, Lenny Venito, Lisa Ann Walter, Ann Robinson",Action,Blu-ray,tt0407304,
What Happens In Vegas,Tom Vaughan,2008,"Cameron Diaz, Ashton Kutcher, Rob Corddry, Lake Bell, Jason Sudeikis, Treat Williams, Deirdre O'Connell, Michelle Krusiec, Dennis Farina, Zach Galifianakis",Comedy,DVD,tt1033643,
Shutter,Masayuki Ochiai,2008,"Rachael Taylor, Megumi Okina, David Denman, John Hensley, Maya Hazen, James Kyson Lee, Yoshiko Miyazaki, Kei Yamamoto, Daisy Betts, Adrienne Pickering",Horror,DVD,tt0482599,
Perfect Stranger,James Foley,2007,"Halle Berry, Bruce Willis, Giovanni Ribisi, Gary Dourdan, Gerry Becker, Heidi Klum, Jason Antoon, Richard Portnow, Florencia Lozano, Nicki Aycox",Crime,Blu-ray,tt0457433,
Annihilation,Alex Garland,2018,"Natalie Portman, Benedict Wong, Sonoya Mizuno, David Gyasi, Oscar Isaac, John Schwab, Jennifer Jason Leigh, Gina Rodriguez, Tuva Novotny, Tessa Thompson",Adventure,DVD,tt2798920,
Tomb Raider,Roar Uthaug,2018,"Alicia Vikander, Dominic West, Walton Goggins, Daniel Wu, Kristin Scott Thomas, Derek Jacobi, Alexandre Willaume, Tamer Burjaq, Adrian Collins, Keenan Arrison",Action,DVD,tt1365519,
The Edge,Lee Tamahori,1997,"Anthony Hopkins, Alec Baldwin, Elle MacPherson, Harold Perrineau, Bart the Bear, L.Q. Jones, Kathleen Wilhoite, David Lindstedt, Mark Kiely, Eli Gabay",Adventure,DVD,tt0119051,
Courage Under Fire,Edward Zwick,1996,"Denzel Washington, Meg Ryan, Lou Diamond Phillips, Michael Moriarty, Matt Damon, Bronson Pinchot, Seth Gilliam, Regina Taylor, Zeljko Ivanek, Scott Glenn",Action,DVD,tt0115956,
The Brave One,Neil Jordan,2007,"Jodie Foster, Terrence Howard, Nicky Katt, Naveen Andrews, Mary Steenburgen, Ene Oloja, Luis Da Silva Jr., Blaze Foster, Rafael Sardina, Jane Adams",Crime,DVD,tt0476964,
Saw II,Darren Lynn Bousman,2005,"Tobin Bell, Shawnee Smith, Donnie Wahlberg, Erik Knudsen, Franky G, Glenn Plummer, Emmanuelle Vaugier, Beverley Mitchell, Tim Burd, Dina Meyer",Horror,DVD,tt0432348,
Pilgrimage,Brendan Muldowney,2017,"Nikos Karathanos, Akilas Karazisis, Tom Holland, Jon Bernthal, John Lynch, Rúaidhrí Conroy, Hugh O'Conor, Donncha Crowley, Stanley Weber, Peter Cosgrove",Adventure,DVD,tt3531202,
Half Past Dead,Don Michael Paul,2002,"Morris Chestnut, Steven Seagal, Ja Rule, Nia Peeples, Tony Plana, Kurupt, Michael Taliferro, Claudia Christian, Linda Thorson, Bruce Weitz",Action,DVD,tt0297162,
Aquaman,James Wan,2018,"Jason Momoa, Amber Heard, Willem Dafoe, Patrick Wilson, Nicole Kidman, Dolph Lundgren, Yahya Abdul-Mateen II, Temuera Morrison, Ludi Lin, Michael Beach",Action,DVD,tt1477834,
The House with a Clock in Its Walls,Eli Roth,2018,"Joshua Phillips, Cate Blanchett, Owen Vaccaro, Kyle MacLachlan, Renée Elise Goldsberry, Christian Calloway, Colleen Camp, Iyasu Dusé, Lorenza Izzo, Vanessa Anne Williams",Comedy,DVD,tt2119543,
The Meg,Jon Turteltaub,2018,"Jason Statham, Bingbing Li, Rainn Wilson, Cliff Curtis, Winston Chao, Shuya Sophia Cai, Ruby Rose (III), Page Kennedy, Robert Taylor, Ólafur Darri Ólafsson",Action,DVD,tt4779682,
Glass,M. Night Shyamalan,2019,"James McAvoy, Bruce Willis, Samuel L. Jackson, Anya Taylor-Joy, Sarah Paulson, Spencer Treat Clark, Charlayne Woodard, Luke Kirby, Adam David Thompson",Action,DVD,tt6823368,
Widows,Steve McQueen,2018,"Viola Davis, Liam Neeson, Jon Bernthal, Manuel Garcia-Rulfo, Coburn Goss, Michelle Rodriguez, Alejandro Verdin, Bailey Rhyse Walters, Elizabeth Debicki, Carrie Coon",Crime,DVD,tt4218572,
Passengers,Morten Tyldum,2016,"Jennifer Lawrence, Chris Pratt, Michael Sheen, Laurence Fishburne, Andy Garcia, Vince Foster, Kara Flowers, Conor Brophy, Julee Cerda, Aurora Perrineau",Adventure,DVD,tt1355644,
The Predator,Shane Black,2018,"Boyd Holbrook, Trevante Rhodes, Jacob Tremblay, Keegan-Michael Key, Olivia Munn, Sterling K. Brown, Thomas Jane, Alfie Allen, Augusto Aguilera, Jake Busey",Action,DVD,tt3829266,
Fantastic Beasts: The Crimes of Grindelwald,David Yates,2018,"Ezra Miller, Christopher Birks, Jamie Campbell Bower, Maja Bloom, Simon Meacock, David Sakurai, Claudius Peters, Victoria Yeates, Bart Soroczynski, Ólafur Darri Ólafsson",Adventure,DVD,tt4123430,
Thelma & Louise,Ridley Scott,1991,"Susan Sarandon, Geena Davis, Harvey Keitel, Michael Madsen, Christopher McDonald, Stephen Tobolowsky, Brad Pitt, Timothy Carhart, Lucinda Jenney, Jason Beghe",Adventure,Blu-ray,tt0103074,
Drive,Nicolas Winding Refn,2011,"Ryan Gosling, Carey Mulligan, Bryan Cranston, Albert Brooks, Oscar Isaac, Christina Hendricks, Ron Perlman, Kaden Leos, Jeff Wolfe, James Biberi",Crime,Blu-ray,tt0780504,
Executive Decision,Stuart Baird,1996,"Kurt Russell, Steven Seagal, Halle Berry, John Leguizamo, Oliver Platt, Joe Morton, David Suchet, BD Wong, Len Cariou, Whip Hubley",Action,Blu-ray,tt0116253,
The Rocketeer,Joe Johnston,1991,"Richard T. Brickert, Chuck Wentworth, Bill Turner, Bret Culpepper, Wilhelm Frick, Adolf Hitler, Bill Campbell, Jennifer Connelly, Alan Arkin, Timothy Dalton",Action,DVD,tt0102803,
Whiskey Tango Foxtrot,Glenn Ficarra,2016,"Tina Fey, Margot Robbie, Martin Freeman, Alfred Molina, Christopher Abbott, Billy Bob Thornton, Nicholas Braun, Stephen Peacocke, Sheila Vand, Evan Jonigkeit",Comedy,Blu-ray,tt3553442,
Speed,Jan De Bont,1994,"Keanu Reeves, Dennis Hopper, Sandra Bullock, Joe Morton, Jeff Daniels, Alan Ruck, Glenn Plummer, Richard Lineback, Beth Grant, Hawthorne James",Action,Blu-ray,tt0111257,
Full Metal Jacket,Stanley Kubrick,1987,"Matthew Modine, Adam Baldwin, Vincent D'Onofrio, R. Lee Ermey, Dorian Harewood, Kevyn Major Howard, Arliss Howard, Ed O'Ross, John Terry, Kieron Jecchinis",Action,DVD,tt0093058,
Say Anything,Cameron Crowe,1989,"John Cusack, Ione Skye, John Mahoney, Lili Taylor, Amy Brooks, Pamela Adlon, Jason Gould, Loren Dean, Glenn Walker Harris Jr., Charles Walker",Comedy,Blu-ray,tt0098258,
Arachnophobia,Frank Marshall,1990,"Jeff Daniels, Harley Jane Kozak, John Goodman, Julian Sands, Stuart Pankin, Brian McNamara, Mark L. Taylor, Henry Jones, Peter Jason, James Handy",Comedy,DVD,tt0099052,
Fighting,Dito Montiel,2009,"Channing Tatum, Terrence Howard, Zulay Henao, Michael Rivera, Flaco Navaja, Peter Anthony Tambakis, Luis Guzmán, Anthony DeSando, Roger Guenveur Smith, Brian J. White",Action,Blu-ray,tt1082601,
Harry Potter Complete 8-Film Collection,,,,,Blu-ray,tt0000000,no year; no director; no actors; no genre
The Hobbit: The Desolation of Smaug,Peter Jackson,2013,"Ian McKellen, Martin Freeman, Richard Armitage, Ken Stott, Graham McTavish, William Kircher, James Nesbitt, Stephen Hunter, Dean O'Gorman, Aidan Turner",Action,Blu-ray,tt1170358,
The Hobbit: The Battle of the Five Armies,Peter Jackson,2014,"Ian McKellen, Martin Freeman, Richard Armitage, Ken Stott, Graham McTavish, William Kircher, James Nesbitt, Stephen Hunter, Dean O'Gorman, Aidan Turner",Adventure,Blu-ray,tt2310332,
The Hobbit: An Unexpected Journey,Peter Jackson,2012,"Ian McKellen, Martin Freeman, Richard Armitage, Ken Stott, Graham McTavish, William Kircher, James Nesbitt, Stephen Hunter, Dean O'Gorman, Aidan Turner",Action,Blu-ray,tt0903624,
The Lord of the Rings: The Fellowship of the Ring,Peter Jackson,2001,"Alan Howard, Elijah Wood, Noel Appleby, Sean Astin, Sala Baker, Sean Bean, Cate Blanchett, Orlando Bloom, Billy Boyd, Marton Csokas",Action,DVD,tt0120737,
The Lord of the Rings: The Two Towers,Peter Jackson,2002,"Bruce Allpress, Sean Astin, John Bach, Sala Baker, Cate Blanchett, Orlando Bloom, Billy Boyd, Jed Brophy, Sam Comery, Brad Dourif",Action,DVD,tt0167261,
The Lord of the Rings: The Return of the King,Peter Jackson,2003,"Noel Appleby, Alexandra Astin, Sean Astin, David Aston, John Bach, Sean Bean, Cate Blanchett, Orlando Bloom, Billy Boyd, Sadwyn Brophy",Action,DVD,tt0167260,
Avengers: Infinity War,Anthony Russo,2018,"Robert Downey Jr., Chris Hemsworth, Mark Ruffalo, Chris Evans, Scarlett Johansson, Don Cheadle, Benedict Cumberbatch, Tom Holland, Chadwick Boseman, Zoe Saldana",Action,DVD,tt4154756,
Avengers: Endgame,Anthony Russo,2019,"Robert Downey Jr., Chris Evans, Mark Ruffalo, Chris Hemsworth, Scarlett Johansson, Jeremy Renner, Don Cheadle, Paul Rudd, Benedict Cumberbatch, Chadwick Boseman",Action,DVD,tt4154796,
Peppermint,Pierre Morel,2018,"Jennifer Garner, John Gallagher Jr., John Ortiz, Juan Pablo Raba, Annie Ilonzeh, Jeff Hephner, Cailey Fleming, Eddie Shin, Method Man, Tyson Ritter",Action,DVD,tt6850820,
Deepwater Horizon,Peter Berg,2016,"Mark Wahlberg, Kurt Russell, Douglas M. Griffin, James DuMont, Joe Chrest, Gina Rodriguez, Brad Leland, John Malkovich, David Maldonado, J.D. Evermore",Drama,DVD,tt1860357,
The Accidental Husband,Griffin Dunne,2008,"Uma Thurman, Jeffrey Dean Morgan, Colin Firth, Sam Shepard, Lindsay Sloane, Justina Machado, Ajay Naidu, Jeffrey Tedmori, Nick Sandow, Michael Mosley",Comedy,DVD,tt0809504,
Midnight Movie Madness,,,,Drama,DVD,tt0000000,no year; no director; no actors
Twilight Forever: The Complete Saga,,,,,DVD,tt0000000,no year; no director; no actors; no genre
March of the Penguins,Luc Jacquet,2005,"Charles Berling, Romane Bohringer, Jules Sitruk, Gösta Ekman, Fiorello, Morgan Freeman, Sofie Gråbøl, Hikari Ishida, Ryunosuke Kamiki, Takao Osawa",Documentary,DVD,tt0428803,
The Jungle Book,Wolfgang Reitherman,1967,"Phil Harris, Sebastian Cabot, Louis Prima, George Sanders, Sterling Holloway, J. Pat O'Malley, Bruce Reitherman, Verna Felton, Clint Howard, Chad Stuart",Adventure,DVD,tt0061852,
Charlotte's Web,Gary Winick,2006,"John Cleese, Fred Tatasciore, Cedric The Entertainer, Julia Roberts, Steve Buscemi, Oprah Winfrey, Kathy Bates, Reba McEntire, Robert Redford, Thomas Haden Church",Family,DVD,tt0413895,
Cloudy with a Chance of Meatballs,Phil Lord,2009,"Bill Hader, Anna Faris, James Caan, Andy Samberg, Bruce Campbell, Mr. T, Bobb'e J. Thompson, Benjamin Bratt, Neil Patrick Harris, Al Roker",Animation,DVD,tt0844471,
Harry and the Hendersons,William Dear,1987,"John Lithgow, Melinda Dillon, Margaret Langrick, Joshua Rudoy, Kevin Peter Hall, Lainie Kazan, Don Ameche, M. Emmet Walsh, Bill Ontiverous, David Richardt",Comedy,DVD,tt0093148,
Frozen,Chris Buck,2013,"Kristen Bell, Idina Menzel, Jonathan Groff, Josh Gad, Santino Fontana, Alan Tudyk, Ciarán Hinds, Chris Williams, Stephen J. Anderson, Maia Wilson",Adventure,DVD,tt2294629,
Alice in Wonderland,Tim Burton,2010,"Mia Wasikowska, Johnny Depp, Helena Bonham Carter, Anne Hathaway, Crispin Glover, Matt Lucas, Stephen Fry, Michael Sheen, Alan Rickman, Barbara Windsor",Family,Blu-ray,tt1014759,
The Lion King 1½,Bradley Raymond,2004,"Nathan Lane, Ernie Sabella, Julie Kavner, Jerry Stiller, Matthew Broderick, Robert Guillaume, Moira Kelly, Whoopi Goldberg, Cheech Marin, Jim Cummings",Adventure,DVD,tt0318403,
Cinderella,Clyde Geronimi,1950,"Ilene Woods, Eleanor Audley, Verna Felton, Claire Du Brey, Rhoda Williams, James MacDonald, Helene Stanley, Luis Van Rooten, Don Barclay, Lucille Bliss",Animation,DVD,tt0042332,
Enchanted,Kevin Lima,2007,"Amy Adams, Patrick Dempsey, James Marsden, Timothy Spall, Idina Menzel, Rachel Covey, Susan Sarandon, Julie Andrews, Jeff Bennett, Bill Kelly",Adventure,DVD,tt0461770,
The Walking Dead: The Complete Second Season,Ernest Dickerson,2011,"Andrew Lincoln, Sarah Wayne Callies, Laurie Holden, Steven Yeun, Chandler Riggs, Jon Bernthal, Jeffrey DeMunn, Norman Reedus, IronE Singleton, Melissa Suzanne McBride",Horror,DVD,tt1520211,
The Walking Dead: The Complete Third Season,Ernest R. Dickerson,2012,"Andrew Lincoln, Steven Yeun, Chandler Riggs, Norman Reedus, Melissa McBride, Lauren Cohan, Sarah Wayne Callies, Laurie Holden, Scott Wilson, Emily Kinney",Drama,DVD,tt1520211,
Toy Story 3,Lee Unkrich,2010,"Tom Hanks, Tim Allen, Joan Cusack, Ned Beatty, Don Rickles, Michael Keaton, Wallace Shawn, John Ratzenberger, Estelle Harris, John Morris",Adventure,DVD,tt0435761,
The Jungle Book 2,Steve Trenbirth,2003,"John Goodman, Haley Joel Osment, Mae Whitman, Connor Funk, Bob Joles, Tony Jay, Jim Cummings, Phil Collins, Jeff Bennett, Veena Bidasha",Adventure,DVD,tt0283426,
The Fault In Our Stars,Josh Boone,2014,"Kaitlyn Sandercock, Hunter Goligoski, James Quinn, Pj Rossotto, Viviana Cardenas, Bradley Walkowiak, Maurice Nathan Weert, Chris Jameson, Shailene Woodley, Ansel Elgort",Drama,DVD,tt2582846,
Air,Christian Cantamessa,2015,"Norman Reedus, Sandrine Holt, Djimon Hounsou, Michael Hogan, Peter Benson, David Nykl, Paula Lindberg, Ryan Beil, Darren Dolynski, Meredith Hama-Brown",Science-Fiction,DVD,tt2091478,
The Lion King,Roger Allers,1994,"Jonathan Taylor Thomas, Matthew Broderick, James Earl Jones, Jeremy Irons, Moira Kelly, Niketa Calame, Ernie Sabella, Nathan Lane, Robert Guillaume, Rowan Atkinson",Adventure,DVD,tt0110357,
Law Abiding Citizen,F. Gary Gray,2009,"Jamie Foxx, Gerard Butler, Colm Meaney, Bruce McGill, Leslie Bibb, Michael Irby, Gregory Itzin, Regina Hall, Emerald-Angel Young, Christian Stolte",Crime,DVD,tt1197624,
Above the Law / Hard to Kill,,,,,DVD,tt0000000,no year; no director; no actors; no genre
The Equalizer 2,Antoine Fuqua,2018,"Denzel Washington, Pedro Pascal, Ashton Sanders, Orson Bean, Bill Pullman, Melissa Leo, Jonathan Scarfe, Sakina Jaffrey, Kazy Tauginas, Garrett Golden",Action,DVD,tt3766354,
Spectre,Sam Mendes,2015,"Daniel Craig, Christoph Waltz, Léa Seydoux, Ralph Fiennes, Monica Bellucci, Ben Whishaw, Naomie Harris, Dave Bautista, Andrew Scott, Rory Kinnear",Action,DVD,tt2379713,
John Wick 3: Parabellum,Chad Stahelski,2019,"Keanu Reeves, Halle Berry, Ian McShane, Laurence Fishburne, Mark Dacascos, Asia Kate Dillon, Lance Reddick, Tobias Segal, Anjelica Huston, Saïd Taghmaoui",Action,Blu-ray,tt6146586,
The Age of Adaline,Lee Toland Krieger,2015,"Blake Lively, Michiel Huisman, Harrison Ford, Ellen Burstyn, Kathy Baker, Amanda Crew, Lynda Boyd, Hugh Ross, Richard Harmon, Fulvio Cecere",Drama,Blu-ray,tt1655441,
The Rainmaker,Francis Ford Coppola,1997,"Bill Lunn, Deborah Frazier, John Gray, Johnetta Shearer, Red West, Melissa Hurst, Alex Harvey, Katherine Morrow, Jon Voight, Mickey Rourke",Drama,DVD,tt0119978,
4 Film Favorites: Romance Collection,,,,,DVD,tt0000000,no year; no director; no actors; no genre
Lucky You,Curtis Hanson,2007,"Phyllis Somerville, Eric Bana, Horatio Sanz, Drew Barrymore, Joey Kern, Debra Messing, Delaine Yates, Mykel Shannon Jenkins, Robert Duvall, Charles Martin Smith",Drama,DVD,tt0338216,
13 Hours: The Secret Soldiers Of Benghazi,Michael Bay,2016,"John Krasinski, James Badge Dale, Pablo Schreiber, David Denman, Dominic Fumusa, Max Martini, Alexia Barlier, David Costabile, Peyman Moaadi, Matt Letscher",Action,DVD,tt4172430,
Music and Lyrics,Marc Lawrence,2007,"Hugh Grant, Scott Porter, Nick Bacon, Andrew Wyatt, Dan McMillan, Tom Foligno, Zak Orth, Brooke Tansley, Daniel Stewart Sherman, Brad Garrett",Comedy,DVD,tt0758766,
Blade Runner: 2 Film Collection,,,,,DVD,tt0000000,no year; no director; no actors; no genre
2 Guns,Baltasar Kormákur,2013,"Denzel Washington, Mark Wahlberg, Paula Patton, Bill Paxton, Fred Ward, James Marsden, Edward James Olmos, Robert John Burke, Greg Sproles, Patrick Fischler",Action,DVD,tt1272878,
Rumor has it,Rob Reiner,2005,"Jennifer Aniston, Kevin Costner, Shirley Maclaine, Mark Ruffalo, Richard Jenkins, Christopher McDonald, Steve Sandvoss, Mena Suvari, Mike Vogel, Rob Lanza",Comedy,DVD,tt0398375,
Sweet November,Pat O'Connor,2001,"Keanu Reeves, Charlize Theron, Jason Isaacs, Greg Germann, Liam Aiken, Robert Joy, Lauren Graham, Michael Rosenbaum, Frank Langella, Jason Kravits",Drama,DVD,tt0230838,
Daylight,Rob Cohen,1996,"Sylvester Stallone, Amy Brenneman, Viggo Mortensen, Dan Hedaya, Jay O. Sanders, Karen Young, Claire Bloom, Vanessa Bell Calloway, Renoly Santiago, Colin Fox",Action,DVD,tt0116040,
Return to Me,Bonnie Hunt,2000,"David Duchovny, Minnie Driver, Carroll O'Connor, Robert Loggia, David Alan Grier, Joely Richardson, Eddie Jones, James Belushi, Marianne Muellerleile, Don Lake",Comedy,DVD,tt0122459,
The Upside of Anger,Mike Binder,2005,"Joan Allen, Kevin Costner, Erika Christensen, Keri Russell, Alicia Witt, Evan Rachel Wood, Tom Harper, Dane Christensen, Danny Webb",Comedy,DVD,tt0365885,
Fever Pitch,Bobby Farrelly,2005,"Drew Barrymore, Jimmy Fallon, Jason Spevack, Jack Kehler, Scott Severance, Jessamy Finet, Maureen Keiller, Lenny Clarke, Ione Skye, Kadee Strickland",Comedy,DVD,tt0332047,
"Six Days, Seven Nights",Ivan Reitman,1998,"Harrison Ford, Anne Heche, David Schwimmer, Jacqueline Obradors, Temuera Morrison, Allison Janney, Douglas Weston, Cliff Curtis, Danny Trejo, Ben Bode",Action,DVD,tt0120828,
Paparazzi,Paul Abascal,2004,"Cole Hauser, Robin Tunney, Dennis Farina, Daniel Baldwin, Tom Hollander, Kevin Gage, Blake Michael Bryan, Tom Sizemore, Jordan Baker, Joe Basile",Action,DVD,tt0338325,
Truth or Consequences N.M.,Kiefer Sutherland,1997,"Vincent Gallo, Mykelti Williamson, Kevin Pollak, Kim Dickens, Grace Phillips, James McDaniel, Rick Rossovich, John C. McGinley, Max Perlich",Suspense/Thriller,DVD,tt0120383,
Eternal Sunshine of the Spotless Mind,Michel Gondry,2004,"Jim Carrey, Kate Winslet, Gerry Robert Byrne, Elijah Wood, Thomas Jay Ryan, Mark Ruffalo, Jane Adams, David Cross, Kirsten Dunst, Tom Wilkinson",Drama,DVD,tt0338013,
Failure to Launch,Tom Dey,2006,"Matthew McConaughey, Sarah Jessica Parker, Zooey Deschanel, Justin Bartha, Bradley Cooper, Terry Bradshaw, Kathy Bates, Tyrel Jackson Williams, Katheryn Winnick, Rob Corddry",Comedy,DVD,tt0427229,
The River Wild,Curtis Hanson,1994,"Meryl Streep, Stephanie Sawyer, Joseph Mazzello, David Strathairn, Elizabeth Hoffman, Victor Galloway, Kevin Bacon, John C. Reilly, William Lucking, Diane Delano",Action,DVD,tt0110997,
Born on the Fourth of July,Oliver Stone,1989,"Tom Cruise, Raymond J. Barry, Caroline Kava, Tom Berenger, Frank Whaley, Josh Evans, Jamie Talisman, Kyra Sedgwick, Anne Bobby, Samantha Larkin",Drama,DVD,tt0096969,
Dazed and Confused,Richard Linklater,1993,"Jason London, Joey Lauren Adams, Milla Jovovich, Shawn Andrews, Rory Cochrane, Adam Goldberg, Anthony Rapp, Sasha Jenson, Marissa Ribisi, Deena Martin",Comedy,DVD,tt0106677,
Stander,Bronwen Hughes,2003,"Thomas Jane, Dexter Fletcher, David O'Hara, Deborah Kara Unger, Ashley Taylor, Marius Weyers, At Botha, Lionel Newton, Melanie Merle, Sean Else",Action,DVD,tt0326208,
Strange Wilderness,Fred Wolf,2008,"Steve Zahn, Allen Covert, Jonah Hill, Kevin Heffernan, Ashley Scott, Peter Dante, Harry Hamlin, Robert Patrick, Joe Don Baker, Blake Clark",Comedy,DVD,tt0489282,
Cake,Nisha Ganatra,2005,"Heather Graham, David Sutcliffe, Taye Diggs, Sandra Oh, Keram Malicki-Sánchez, Cheryl Hines, Bruce Gray, Sarah Chalke, Sabrina Grdevich, Michael McMurtry",Comedy,DVD,tt0413879,
The Benchwarmers,Dennis Dugan,2006,"Rob Schneider, David Spade, Craig Kilborn, Tim Meadows, Nick Swardson, Amaury Nolasco, John Farley, Jackie Sandler, Dan Patrick, John Kirk",Comedy,DVD,tt0437863,
Delta Farce,C.B. Harding,2007,"Michael Rose, Glenn Morshower, Larry The Cable Guy, Christina Moore, Lorna Scott, Bill Engvall, Parker Goris, Michael Papajohn, Lisa Lampanelli, DJ Qualls",Action,DVD,tt0800003,
Millions,Danny Boyle,2005,"Alex Etel, Lewis McGibbon, James Nesbitt, Daisy Donovan, Christopher Fulford, Pearce Quigley, Jane Hogarth, Alun Armstrong, Enzo Cilenti, Nasser Memarzia",Comedy,DVD,tt0366777,
Countdown: The Sky's on Fire,Dan Lerner,1998,"John Corbett, Josie Bissett, Bradley Whitford, Ben Browder, Jo Anderson, Tom Irwin, Donzaleigh Abernathy, John Billingsley, John Lafayette, Richard Penn",Science-Fiction,DVD,tt0171746,
The Net 2.0,Charles Winkler,2006,"Toufig Tulsiram, Soner Helvacioglu, Emir Tekeli, Sergey Zotkin, Hande Uyguc, Emrah Bilgic, Serdar Bilis, Didem Ugurlu, Gokhan Seyhan, Yetkin Dikinciler",Suspense/Thriller,DVD,tt0449077,
Tyler Perry's Madea Goes To Jail,Tyler Perry,2009,"Derek Luke, Keshia Knight Pulliam, David Mann, Tamela J. Mann, RonReaco Lee, Ion Overman, Vanessa Ferlito, Viola Davis, Sofía Vergara",Comedy,DVD,tt1142800,
Riding In Cars With Boys,Penny Marshall,2001,"Drew Barrymore, Steve Zahn, Adam Garcia, Brittany Murphy, James Woods, Lorraine Bracco, Rosie Perez, Sara Gilbert, Peter Facinelli, Mika Boorem",Comedy,DVD,tt0200027,
Dumb And Dumberer: When Harry Met Lloyd,Troy Miller,2003,"Timothy Stack, Mimi Rogers, Wayne Federman, Lucas Gregory, Derek Richardson, Eric Christian Olsen, Luis Guzmán, Rachel Nichols, Elden Henson, Eugene Levy",Comedy,DVD,tt0329028,
Bringing Down the House,Adam Shankman,2003,"Steve Martin, Queen Latifah, Eugene Levy, Joan Plowright, Jean Smart, Kimberly J. Brown, Angus T. Jones, Missi Pyle, Michael Rosenbaum, Betty White",Comedy,DVD,tt0305669,
Devil Wears Prada,,,,,DVD,,no IMDb ID; no year; no director; no actors; no genre
Hocus Pocus,Kenny Ortega,1993,"Bette Midler, Sarah Jessica Parker, Kathy Najimy, Omri Katz, Thora Birch, Vinessa Shaw, Jodie Rivera, Larry Bagby, Tobias Jelinek, Stephanie Faracy",Comedy,Blu-ray,tt0107120,
No Strings Attached,Ivan Reitman,2011,"Natalie Portman, Ashton Kutcher, Kevin Kline, Cary Elwes, Greta Gerwig, Lake Bell, Olivia Thirlby, Ludacris, Jake Johnson, Mindy Kaling",Comedy,DVD,tt1411238,
The Adventures Of Young Indiana Jones:  Volume Two - The War Years,Carl Schultz,1992,"Sean Patrick Flanery, George Hall, Ronny Coutteure, Margaret Tyzack, Lloyd Owen, Corey Carrier, Ruth de Sosa, Julian Firth, J. Leon Pridgen II, Jay Underwood",Television,DVD,tt0103586,
Halloween (2018),David Gordon Green,2018,"Jamie Lee Curtis, Judy Greer, Andi Matichak, James Jude Courtney, Nick Castle, Haluk Bilginer, Will Patton, Rhian Rees, Jefferson Hall, Toby Huss",Horror,Blu-ray,tt1502407,
47 Meters Down,Johannes Roberts,2016,"Mandy Moore, Claire Holt, Chris Johnson, Yani Gellman, Santiago Segura, Matthew Modine, Mayra Juarez, Axel Mansilla, Ernest Riera",Adventure,DVD,tt2932536,
10 Things I Hate About You,Gil Junger,1999,"Joseph Gordon-Levitt, Heath Ledger, Julia Stiles, Larisa Oleynik, David Krumholtz, Andrew Keegan, Susan May Pratt, Gabrielle Union, Larry Miller, Daryl Mitchell",Comedy,DVD,tt0147800,
Father of the Bride,Charles Shyer,1991,"Steve Martin, Diane Keaton, Kimberly Williams-Paisley, Kieran Culkin, George Newbern, Martin Short, BD Wong, Peter Michael Goetz, Kate McGregor-Stewart, Carmen Hayward",Comedy,DVD,tt0101862,
Passenger 57,Kevin Hooks,1992,"Wesley Snipes, Bruce Payne, Tom Sizemore, Alex Datcher, Bruce Greenwood, Robert Hooks, Elizabeth Hurley, Michael Horse, Marc Macaulay, Ernie Lively",Action,DVD,tt0105104,
Angels & Demons,Ron Howard,2009,"Tom Hanks, Ewan McGregor, Ayelet Zurer, Stellan Skarsgård, Pierfrancesco Favino, Nikolaj Lie Kaas, Armin Mueller-Stahl, Thure Lindhardt, David Pasquesi, Cosimo Fusco",Drama,DVD,tt0808151,
Shallow Hal,Bobby Farrelly,2001,"Gwyneth Paltrow, Jack Black, Jason Alexander, Joe Viterelli, Rene Kirby, Bruce McGill, Anthony Robbins, Susan Ward, Zen Gesner, Brooke Burns",Comedy,DVD,tt0256380,
Hide and Seek,John Polson,2005,"Robert de Niro, Dakota Fanning, Famke Janssen, Elisabeth Shue, Amy Irving, Dylan Baker, Melissa Leo, Robert John Burke, Molly Grant Kallins, David Chandler",Drama,DVD,tt0382077,
The Soloist,Joe Wright,2009,"Jamie Foxx, Robert Downey Jr., Meggan Anderson, Halbert Bernal, Matt Besser, Troy Blendell, Jayce Bradley, Pete Brown, Michael Bunin, Joshua Cabrera",Drama,DVD,tt0821642,
Savages,Oliver Stone,2012,"Blake Lively, Taylor Kitsch, Aaron Taylor-Johnson, Jana Banker, Candra Docherty, Patrick Fourmy, Gary Stretch, Benicio Del Toro, Diego Cataño, Shea Whigham",Crime,DVD,tt1615065,
Prelude to a Kiss,Norman René,1992,"Alec Baldwin, Meg Ryan, Kathy Bates, Ned Beatty, Patty Duke, Richard Riehle, Stanley Tucci, Sydney Walker, Rocky Carroll, Debra Monk",Comedy,DVD,tt0105165,
Unthinkable,Gregor Jordan,2010,"Samuel L. Jackson, Carrie-Anne Moss, Michael Sheen, Stephen Root, Lora Kojovic, Martin Donovan, Gil Bellows, Vincent Laresca, Brandon Routh, Joshua Harto",Drama,DVD,tt0914863,
The Happening,M. Night Shyamalan,2008,"Mark Wahlberg, Zooey Deschanel, John Leguizamo, Ashlyn Sanchez, Betty Buckley, Spencer Breslin, Robert Bailey Jr., Frank Collison, Jeremy Strong, Alan Ruck",Drama,DVD,tt0949731,
Frequency,Gregory Hoblit,2000,"Dennis Quaid, Jim Caviezel, Shawn Doyle, Elizabeth Mitchell, Andre Braugher, Noah Emmerich, Melissa Errico, Daniel Henson, Jordan Bridges, Stephen Joffe",Drama,DVD,tt0186151,
16 Blocks,Richard Donner,2006,"Bruce Willis, Mos Def, David Morse, Jenna Stern, Casey Sander, Cylk Cozart, David Zayas, Robert Racki, Patrick Garrow, Sasha Roiz",Action,DVD,tt0450232,
Road to Perdition,Sam Mendes,2002,"Tyler Hoechlin, Rob Maxey, Liam Aiken, Jennifer Jason Leigh, Tom Hanks, Paul Newman, Daniel Craig, Ciarán Hinds, Craig Spidle, Ian Barford",Crime,DVD,tt0257044,
Lockout,James Mather,2012,"Guy Pearce, Maggie Grace, Vincent Regan, Joseph Gilgun, Lennie James, Peter Stormare, Jacky Ido, Tim Plester, Mark Tankersley, Anne-Solenne Hatte",Action,DVD,tt1592525,
Alex Cross,Rob Cohen,2012,"Tyler Perry, Edward Burns, Matthew Fox, Jean Reno, Carmen Ejogo, Cicely Tyson, Rachel Nichols, John C. McGinley, Werner Daehn, Yara Shahidi",Action,DVD,tt1712170,
Mean Girls,Mark Waters,2004,"Lindsay Lohan, Rachel McAdams, Lacey Chabert, Amanda Seyfried, Lizzy Caplan, Ana Gasteyer, Tina Fey, Amy Poehler, Daniel Franzese, Neil Flynn",Comedy,DVD,tt0377092,
Captivity,Roland Joffé,2007,"Elisha Cuthbert, Daniel Gillies, Pruitt Taylor Vince, Michael Harney, Laz Alonso, Maggie Damon, Carl Paoli, Trent Broin, Anelia Dyoulgerova, Olivia Negron",Crime,DVD,tt0374563,
Moscow Zero,María Lidón,2006,"Vincent Gallo, Oksana Akinshina, Val Kilmer, Sage Stallone, Joaquim de Almeida, Rade Serbedzija, Joss Ackland, Alex O'Dogherty, Julio Perillán, Roman Shamko",Action,DVD,tt0488164,
Hell Or High Water,David Mackenzie,2016,"Dale Dickey, Ben Foster, Chris Pine, William Sterchi, Buck Taylor, Kristin Berg, Jeff Bridges, Gil Birmingham, Keith Meriweather, Jackamoe Buzzell",Crime,DVD,tt2582782,
Shaft 5,Tim Story,2019,"Samuel L. Jackson, Luna Lauren Velez, Method Man, Matt Lauria, Jessie T. Usher, Richard Roundtree, Sylvia Jefferies, Isaach De Bankolé, Gabriel ; G-Rod;  Rodriguez, Jennifer 'Ms Fer' Russell",Action,DVD,tt4463894,
Escape Plan 3: The Extractors,John Herzfeld,2019,"Sylvester Stallone, Dave Bautista, 50 Cent, Jaime King, Devon Sawa, Harry Shum Jr., Russell Wong, Lydia Hull, Melise, Jeff Chase",Action,DVD,tt6772804,
I Kill Giants,Anders Walter,2017,"Madison Wolfe, Zoe Saldana, Imogen Poots, Sydney Wade, Rory Jackson, Allanah O'Connor, Maya Peters, Art Parkinson, Jennifer Ehle, Don Wycherley",Drama,DVD,tt4547194,
Robin Hood,Otto Bathurst,2018,"Taron Egerton, Jamie Foxx, Ben Mendelsohn, Eve Hewson, Jamie Dornan, Tim Minchin, Paul Anderson, F. Murray Abraham, Ian Peck, Cornelius Booth",Action,DVD,tt4532826,
World War Z,Marc Forster,2013,"Brad Pitt, Mireille Enos, Daniella Kertesz, James Badge Dale, Ludi Boeken, Matthew Fox, Fana Mokoena, David Morse, Elyes Gabel, Peter Capaldi",Action,DVD,tt0816711,
The Mist,Frank Darabont,2007,"Thomas Jane, Marcia Gay Harden, Laurie Holden, Andre Braugher, Toby Jones, William Sadler, Jeffrey DeMunn, Frances Sternhagen, Nathan Gamble, Alexa Davalos",Drama,DVD,tt0884328,
Hickok,Timothy Woodward Jr.,2017,"Luke Hemsworth, Trace Adkins, Kris Kristofferson, Bruce Dern, Cameron Richardson, Kaiwi Lyman-Mersereau, Hunter Fischer, Robert Catrini, Britain Simons, Kimberly Alexander",Western,DVD,tt6334884,
The Legend Of Ben Hall,Matthew Holmes,2016,"Jack Martin, Jamie Coffa, William Lee, Joanne Dobbin, Adam Willson, Erica Field, Callan McAuliffe, Arthur Angel, Jordan Fraser-Trumble, Gregory Quinn",Action,DVD,tt3844876,
Doctor Strange,Scott Derrickson,2016,"Benedict Cumberbatch, Chiwetel Ejiofor, Rachel McAdams, Benedict Wong, Mads Mikkelsen, Tilda Swinton, Michael Stuhlbarg, Benjamin Bratt, Scott Adkins (II), Zara Phythian",Action,DVD,tt1211837,
Spider-Man: Far From Home,Jon Watts,2019,"Tom Holland, Samuel L. Jackson, Jake Gyllenhaal, Marisa Tomei, Jon Favreau, Zendaya, Jacob Batalon, Tony Revolori, Angourie Rice, Remy Hii",Action,DVD,tt6320628,
Guardians of the Galaxy Vol. 2,James Gunn,2017,"Chris Pratt, Zoe Saldana, Dave Bautista, Vin Diesel, Bradley Cooper, Michael Rooker, Karen Gillan, Pom Klementieff, Sylvester Stallone, Kurt Russell",Action,Blu-ray,tt3896198,
Black Panther,Ryan Coogler,2018,"Chadwick Boseman, Michael B. Jordan, Lupita Nyong'o, Danai Gurira, Martin Freeman, Daniel Kaluuya, Letitia Wright, Winston Duke, Sterling K. Brown, Angela Bassett",Action,DVD,tt1825683,
Captain Marvel,Anna Boden,2019,"Brie Larson, Samuel L. Jackson, Ben Mendelsohn, Jude Law, Annette Bening, Djimon Hounsou, Lee Pace, Lashana Lynch, Gemma Chan, Clark Gregg",Action,DVD,tt4154664,
Jumanji: The Next Level,Jake Kasdan,2019,"Dwayne Johnson, Kevin Hart, Jack Black, Karen Gillan, Awkwafina, Nick Jonas, Alex Wolff, Morgan Turner, Madison Iseman, Ser'Darius Blain",Action,DVD,tt7975244,
The Curse of La Llorona,Michael Chaves,2019,"Linda Cardellini, Roman Christou, Jaynee-Lynne Kinchen, Raymond Cruz, Marisol Ramirez, Patricia Velasquez, Sean Patrick Thomas, Tony Amendola, Irene Keng, Oliver Alexander",Horror,DVD,tt4913966,
The Upside,Neil Burger,2017,"Kevin Hart, Bryan Cranston, Nicole Kidman, Aja Naomi King, Jahi Di'Allo Winston, Genevieve Angelson, Golshifteh Farahani, Tate Donovan, Julianna Margulies, Suzanne Savoy",Comedy,DVD,tt1987680,
The Hunt,Craig Zobel,2019,"Betty Gilpin, Hilary Swank, Ike Barinholtz, Wayne Duvall, Ethan Suplee, Emma Roberts, Christopher Berry, Sturgill Simpson, Kate Nowlin, Amy Madigan",Action,DVD,tt8244784,
Fast & Furious Presents: Hobbs & Shaw,David Leitch,2019,"Dwayne Johnson, Jason Statham, Idris Elba, Vanessa Kirby, Helen Mirren, Eiza González, Eddie Marsan, Eliana Sua, Cliff Curtis, Lori Pelenise Tuisano",Action,Blu-ray,tt6806448,
Halloween,David Gordon Green,2018,"Jamie Lee Curtis, Judy Greer, Andi Matichak, James Jude Courtney, Nick Castle, Haluk Bilginer, Will Patton, Rhian Rees, Jefferson Hall, Toby Huss",Crime,DVD,tt1502407,
I.Q.,Fred Schepisi,1994,"Tim Robbins, Meg Ryan, Walter Matthau, Lou Jacobi, Gene Saks, Joseph Maher, Stephen Fry, Tony Shalhoub, Frank Whaley, Charles Durning",Comedy,DVD,tt0110099,
Ava,Tate Taylor,2020,"Jessica Chastain, John Malkovich, Common, Geena Davis, Jess Weixler, Joan Chen, Aramis Merlin, Michael Guarnera, Bruce-Robert Serafin, Jeff Bellin",Action,DVD,tt8784956,
Dolittle,Stephen Gaghan,2020,"Robert Downey Jr., Antonio Banderas, Michael Sheen, Jim Broadbent, Jessie Buckley, Harry Collett, Emma Thompson, Rami Malek, John Cena, Kumail Nanjiani",Adventure,DVD,tt6673612,
Jurassic World: Fallen Kingdom,J.A. Bayona,2018,"Chris Pratt, Bryce Dallas Howard, Rafe Spall, Justice Smith, Daniella Pineda, James Cromwell, Toby Jones, Ted Levine, Jeff Goldblum, BD Wong",Action,DVD,tt4881806,
Men in Black: International,F. Gary Gray,2019,"Chris Hemsworth, Tessa Thompson, Kumail Nanjiani, Rebecca Ferguson, Rafe Spall, Emma Thompson, Liam Neeson, Laurent Bourgeois, Larry Bourgeois, Kayvan Novak",Action,DVD,tt2283336,
Angel Has Fallen,Ric Roman Waugh,2019,"Gerard Butler, Frederick Schmidt, Danny Huston, Rocci Williams, Piper Perabo, Harry Ditson, Linda John-Pierre, Ori Pfeffer, Morgan Freeman, Jasmine Hyde",Action,DVD,tt6189022,
Godzilla: King of the Monsters,Michael Dougherty,2019,"Kyle Chandler, Vera Farmiga, Millie Bobby Brown, Ken Watanabe, Ziyi Zhang, Bradley Whitford, Sally Hawkins, Charles Dance, Thomas Middleditch, Aisha Hinds",Action,DVD,tt3741700,
Molly's Game,Aaron Sorkin,2017,"Amy Stewart, George Tchortov, Rae Anne Stroeder, Jessica Chastain, Idris Elba, Kevin Costner, Frank Falcone, Timothy Mooney, Rachel Skarsten, Linette Doherty",Crime,DVD,tt4209788,
Terminator: Dark Fate,Tim Miller,2019,"Linda Hamilton, Arnold Schwarzenegger, Mackenzie Davis, Natalia Reyes, Gabriel Luna, Diego Boneta, Ferran Fernández, Tristán Ulloa, Tomás Álvarez, Tom Hopper",Action,DVD,tt6450804,
Skyscraper,Rawson Marshall Thurber,2018,"Dwayne Johnson, Neve Campbell, Chin Han, Roland Møller, Noah Taylor, Byron Mann, Pablo Schreiber, McKenna Roberts, Noah Cottrell, Hannah Quinlivan",Action,DVD,tt5758778,
Cold Pursuit,Hans Petter Moland,2019,"Liam Neeson, Laura Dern, Micheál Richardson, Michael Eklund, Bradley Stryker, Wesley MacInnes, Tom Bateman, Domenick Lombardozzi, Nicholas Holmes, Jim Shield",Action,DVD,tt5719748,
Ford v Ferrari,James Mangold,2019,"Matt Damon, Christian Bale, Jon Bernthal, Caitriona Balfe, Josh Lucas, Noah Jupe, Tracy Letts, Remo Girone, Ray McKinnon, JJ Feild",Action,DVD,tt1950186,
The Gentlemen,Guy Ritchie,2019,"Matthew McConaughey, Charlie Hunnam, Michelle Dockery, Jeremy Strong, Lyne Renée, Colin Farrell, Henry Golding, Tom Wu, Chidi Ajufo, Hugh Grant",Action,DVD,tt8367814,
Home Alone,Chris Columbus,1990,"Macaulay Culkin, Joe Pesci, Daniel Stern, John Heard, Roberts Blossom, Catherine O'Hara, Angela Goethals, Devin Ratray, Gerry Bamman, Hillary Wolf",Comedy,DVD,tt0099785,
Harriet,Kasi Lemmons,2019,"Antonio Perez Kemp, John Thomas, Kalonji Changa, Seth Lee Moore, Noah Lee Moore, Casey Nickens, Vincent Nickens Jr., Eli Harris, Charles Young, Helen Goldsby",Action,DVD,tt4648786,
Phantoms / The Faculty,,1998,,Horror,DVD,tt0000000,no director; no actors
Solarbabies,Alan Johnson,1986,"Richard Jordan, Jami Gertz, Jason Patric, Lukas Haas, James LeGros, Claude Brooks, Peter Deluise, Peter Kowanko, Adrian Pasdar, Sarah Douglas",Action,DVD,tt0091981,
X-Men: Dark Phoenix,Simon Kinberg,2019,"Jennifer Lawrence, Jessica Chastain, Olivia Munn, Michael Fassbender, James McAvoy, Sophie Turner, Ato Essandoh, Nicholas Hoult, Evan Peters, Tye Sheridan",Action,DVD,tt6565702,
Angels in the Outfield,William Dear,1994,"Danny Glover, Brenda Fricker, Tony Danza, Christopher Lloyd, Ben Johnson, Jay O. Sanders, Joseph Gordon-Levitt, Milton Davis Jr., Taylor Negron, Tony Longo",Comedy,DVD,tt0109127,
Pretty Woman,Garry Marshall,1990,"Richard Gere, Julia Roberts, Ralph Bellamy, Jason Alexander, Laura San Giacomo, Alex Hyde-White, Amy Yasbeck, Elinor Donahue, Hector Elizondo, Judith Baldwin",Comedy,DVD,tt0100405,
4 Film Favorites Lethal Weapon,,,,,DVD,tt0000000,no year; no director; no actors; no genre
Lethal Weapon 2,Richard Donner,1989,"Mel Gibson, Danny Glover, Joe Pesci, Joss Ackland, Derrick O'Connor, Patsy Kensit, Darlene Love, Traci Wolfe, Steve Kahan, Mark Rolston",Action,DVD,tt0097733,
Lethal Weapon,Richard Donner,1987,"Mel Gibson, Danny Glover, Gary Busey, Mitchell Ryan, Tom Atkins, Darlene Love, Traci Wolfe, Jackie Swanson, Damon Hines, Ebonie Smith",Action,DVD,tt0093409,
Lethal Weapon 3,Richard Donner,1992,"Mel Gibson, Danny Glover, Joe Pesci, Rene Russo, Stuart Wilson, Steve Kahan, Darlene Love, Traci Wolfe, Damon Hines, Ebonie Smith",Action,DVD,tt0104714,
Lethal Weapon 4,Richard Donner,1998,"Mel Gibson, Danny Glover, Joe Pesci, Rene Russo, Chris Rock, Jet Li, Steve Kahan, Kim Chan, Darlene Love, Traci Wolfe",Action,DVD,tt0122151,
Scream / Scream 2 / Scream 3,,,,,DVD,tt0000000,no year; no director; no actors; no genre
Halloween,John Carpenter,1978,"Donald Pleasence, Jamie Lee Curtis, Nancy Kyes, P.J. Soles, Charles Cyphers, Kyle Richards, Brian Andrews, John Michael Graham, Nancy Stephens, Arthur Malet",Horror,DVD,tt0077651,
Idiocracy,Mike Judge,2006,"Luke Wilson, Maya Rudolph, Dax Shepard, Terry Crews, Anthony 'Citric' Campos, David Herman, Sonny Castillo, Kevin McAfee, Robert Musgrave, Michael McCafferty",Adventure,DVD,tt0387808,
Police Academy: 1-4 Collection,,,,,DVD,tt0000000,no year; no director; no actors; no genre
Police Academy 2: Their First Assignment,Jerry Paris,1985,"Steve Guttenberg, Bubba Smith, David Graf, Michael Winslow, Bruce Mahler, Marion Ramsey, Colleen Camp, Howard Hesseman, Art Metrano, George Gaynes",Comedy,DVD,tt0089822,
Police Academy,Hugh Wilson,1984,"Steve Guttenberg, Kim Cattrall, G.W. Bailey, Bubba Smith, Donovan Scott, George Gaynes, Andrew Rubin, David Graf, Leslie Easterbrook, Michael Winslow",Comedy,DVD,tt0087928,
Police Academy 3: Back in Training,Jerry Paris,1986,"Steve Guttenberg, Bubba Smith, David Graf, Michael Winslow, Marion Ramsey, Leslie Easterbrook, Art Metrano, Tim Kazurinsky, Bobcat Goldthwait, George Gaynes",Comedy,DVD,tt0091777,
Police Academy 4: Citizens on Patrol,Jim Drake,1987,"Steve Guttenberg, Bubba Smith, Michael Winslow, David Graf, Tim Kazurinsky, Sharon Stone, Leslie Easterbrook, Marion Ramsey, Lance Kinsey, G.W. Bailey",Comedy,DVD,tt0093756,
Teenage Mutant Ninja Turtles II: The Secret of the Ooze,Michael Pressman,1991,"Paige Turco, David Warner, Mark Caso, Michelan Sisti, Leif Tilden, Kenn Scott, Kevin Clash, Ernie Reyes Jr., François Chau, Toshirô Obata",Action,DVD,tt0103060,
The Game,David Fincher,1997,"Michael Douglas, Sean Penn, Deborah Kara Unger, James Rebhorn, Peter Donat, Carroll Baker, Anna Katarina, Armin Mueller-Stahl, Charles Martinet, Scott Hunter McGuire",Action,DVD,tt0119174,
Gleaming the Cube,,1989,"Christian Slater, Steven Bauer, Richard Herd, Le Tuan, Min Luong, Art Chudabala, Ed Lauter, Micole Mercurio, Peter Kwong, Charles Cyphers",Action,DVD,tt0097438,no director
Halloween 4: The Return Of Michael Myers / Halloween 5: The Revenge Of Michael Myers,,,,,DVD,tt0000000,no year; no director; no actors; no genre
Halloween 4: The Return of Michael Myers,Dwight H. Little,1988,"Donald Pleasence, Ellie Cornell, Danielle Harris, George P. Wilbur, Michael Pataki, Beau Starr, Kathleen Kinmont, Sasha Jenson, Gene Ross, Carmen Filpi",Horror,DVD,tt0095271,
Halloween 5: The Revenge Of Michael Myers,Dominique Othenin-Girard,1989,"Karen Alston, David Ursin, Stanton Davis, Jack North, Russ McGinn, Jon Richard Platten, Jay Bernard, Angela Montoya, Patrick White, Steven Anderson",Horror,DVD,tt0097474,
One Fine Day,Michael Hoffman,1996,"Michelle Pfeiffer, George Clooney, Mae Whitman, Alex D. Linz, Charles Durning, Jon Robin Baitz, Ellen Greene, Joe Grifasi, Pete Hamill, Anna Maria Horsford",Comedy,DVD,tt0117247,
Art School Confidential,Terry Zwigoff,2006,"Max Minghella, Sophia Myles, John Malkovich, Matt Keeslar, Ethan Suplee, Joel Moore, Nick Swardson, Anjelica Huston, Adam Scott, Jack Ong",Comedy,DVD,tt0364955,
Arlington Road,Mark Pellington,1999,"Jeff Bridges, Tim Robbins, Joan Cusack, Hope Davis, Robert Gossett, Mason Gamble, Spencer Treat Clark, Stanley Anderson, Viviane Vives, Lee Stringer",Drama,DVD,tt0137363,
Sphere,Barry Levinson,1998,"Dustin Hoffman, Sharon Stone, Samuel L. Jackson, Peter Coyote, Liev Schreiber, Queen Latifah, Marga Gómez, Huey Lewis, Bernard Hocke, James Pickens Jr.",Horror,DVD,tt0120184,
Labyrinth,Jim Henson,1986,"David Bowie, Jennifer Connelly, Toby Froud, Shelley Thompson, Christopher Malcolm, Natalie Finland, Shari Weiser, Brian Henson, Ron Mueck, Rob Mills",Adventure,DVD,tt0091369,
Mad Max: Beyond Thunderdome,George Miller,1985,"Mel Gibson, Tina Turner, Bruce Spence, Adam Cockburn, Frank Thring, Angelo Rossitto, Paul Larsson, Angry Anderson, Robert Grubb, George Spartels",Action,DVD,tt0089530,
Blood & Chocolate,Katja von Garnier,2007,"Cristi Dimitriu, Samela A. Beasom, Susan Judy, Christen Herman, Daniel J. Plaster, Agnes Bruckner, Hugh Dancy, Olivier Martinez, Katja Riemann, Bryan Dick",Drama,DVD,tt0397044,
Yes Man,Peyton Reed,2008,"Jim Carrey, Zooey Deschanel, Bradley Cooper, John Michael Higgins, Rhys Darby, Danny Masterson, Fionnula Flanagan, Terence Stamp, Sasha Alexander, Molly Sims",Comedy,DVD,tt1068680,
Now You See Me 2 [Insaisissable 2],Jon M. Chu,2016,"Jesse Eisenberg, Mark Ruffalo, Woody Harrelson, Dave Franco, Daniel Radcliffe, Lizzy Caplan, Jay Chou, Sanaa Lathan, Michael Caine, Morgan Freeman",Action,DVD,tt3110958,
Hellboy,Neil Marshall,2019,"Mark Stanley, Brian Gleeson, Nadya Keranova, Maria Tepavicharova, Ana Tabakova, Milla Jovovich, Penelope Mitchell, Terry Randal, Ian McShane, David Harbour",Action,Blu-ray,tt2274648,
Cold Pursuit,Hans Petter Moland,2019,"Liam Neeson, Laura Dern, Micheál Richardson, Michael Eklund, Bradley Stryker, Wesley MacInnes, Tom Bateman, Domenick Lombardozzi, Nicholas Holmes, Jim Shield",Action,Blu-ray,tt5719748,
Long Way Round,David Alexanian,2004,"Ewan McGregor, Charley Boorman, Russ Malkin, Jimmy Simak, Claudio von Planta, Martijn Berndsen, Daisy Boorman, Doone Boorman, John Boorman",Adventure,DVD,tt0403778,
Long Way Down,Pascal Chaumeil,2007,"Pierce Brosnan, Toni Collette, Imogen Poots, Aaron Paul, Zara White, Joe Cole, Evelyn Duah, Therese Bradley, Sam Neill, Priyanga Burford",Documentary,DVD,tt0959858,
Double Feature: End of Watch / Homefront,,,,,Blu-ray,tt0000000,no year; no director; no actors; no genre
The Ugly Truth / The Back-up Plan / The Bounty Hunter / How Do You Know,,2010,,Comedy,DVD,tt0000000,no director; no actors
A Star Is Born,Bradley Cooper,2018,"Lady Gaga, Sam Elliott, Andrew Dice Clay, Rafi Gavron, Anthony Ramos, Dave Chappelle, Alec Baldwin, Marlon Williams, Brandi Carlile, Eric Roth",Drama,DVD,tt1517451,
Creed II,Justin Kurzel,2019,"George MacKay, Amanda McKay, Markella Kavenagh, Claudia Karvan, Jacob Collins-Levy, Amy Christian, Josephine Blazier, Sarah Bedak, James Ao, Russell Crowe",,DVD,tt4844140,no genre
Pet Sematary,Kevin Kölsch,2019,"Jason Clarke, Amy Seimetz, John Lithgow, Jeté Laurence, Hugo Lavoie, Lucas Lavoie, Obssa Ahmed, Alyssa Brooke Levine, Maria Herrera, Frank Schorpion",Horror,DVD,tt0837563,
It,Andy Muschietti,2017,"Jaeden Martell, Jeremy Ray Taylor, Sophia Lillis, Finn Wolfhard, Chosen Jacobs, Jack Dylan Grazer, Wyatt Oleff, Bill Skarsgård, Nicholas Hamilton, Jake Sim",Drama,DVD,tt1396484,
An Officer and a Gentleman,Taylor Hackford,1982,"Richard Gere, Debra Winger, David Keith, Robert Loggia, Lisa Blount, Lisa Eilbacher, Louis Gossett Jr., Tony Plana, Harold Sylvester, David Caruso",Drama,DVD,tt0084434,
Crawl,Alexandre Aja,2019,"Kaya Scodelario, Barry Pepper, Ross Anderson, Anson Boon, George Somner, Ami Metcalf, Jose Palma, Morfydd Clark, Tina Pribicevic, Annamaria Serda",Action,DVD,tt8364368,
Shazam!,David F. Sandberg,2019,"Zachary Levi, Mark Strong, Jack Dylan Grazer, Ron Cephas Jones, Grace Caroline Currey, Asher Angel, Cooper Andrews, Faithe Herman, Marta Milans, Ian Chen",Action,DVD,tt0448115,
Flashpoint: The Second Season,David Frazee,2009,"Hugh Dillon, Amy Jo Johnson, David Paetkau, Enrico Colantoni, Sergio Di Zio, Michael Cram, Mark Taylor, Ruth Marshall, Tattiawna Jones, Pascale Hutton",Action,DVD,tt1059475,
Flashpoint: The Third Season,David Frazee,2010,"Hugh Dillon, Amy Jo Johnson, David Paetkau, Enrico Colantoni, Sergio Di Zio, Michael Cram, Mark Taylor, Tattiawna Jones, Ruth Marshall, Jessica Steen",Action,DVD,tt0992911,
Black Adder Remastered,Martin Shardlow,2014,"Rowan Atkinson, Elspet Gray, Tim McInnerny, Patrick Allen, Brian Blessed, Tony Robinson, Robert East, Bert Parnaby, Roy Evans, David Nunn",Comedy,DVD,tt0000000,
Ron White: They Call Me ; Tater Salad;,Michael Drumm,2004,Ron White,Comedy,DVD,tt0431370,
The Sentinel,Clark Johnson,2006,"Michael Douglas, Kiefer Sutherland, Eva Longoria, Martin Donovan, Ritchie Coster, Kim Basinger, Blair Brown, David Rasche, Kristin Lehman, Raynor Scheine",Action,DVD,tt0443632,
Match Point,Woody Allen,2005,"Jonathan Rhys Meyers, Scarlett Johansson, Emily Mortimer, Alexander Armstrong, Paul Kaye, Matthew Goode, Brian Cox, Penelope Wilton, Janis Kelly, Alan Oke",Crime,DVD,tt0416320,
The Haunting,Jan De Bont,1999,"Lili Taylor, Liam Neeson, Catherine Zeta-Jones, Owen Wilson, Bruce Dern, Marian Seldes, Alix Koromzay, Todd Field, Virginia Madsen, Michael Cavanaugh",Horror,DVD,tt0171363,
Green Book,Peter Farrelly,2018,"Viggo Mortensen, Mahershala Ali, Linda Cardellini, Sebastian Maniscalco, Dimiter D. Marinov, Mike Hatton, P.J. Byrne, Joe Cortese, Maggie Nixon, Von Lewis",Comedy,DVD,tt6966692,
Battleship,Peter Berg,2012,"Taylor Kitsch, Alexander Skarsgård, Rihanna, Brooklyn Decker, Tadanobu Asano, Hamish Linklater, Liam Neeson, Peter MacNicol, John Tui, Jesse Plemons",Action,DVD,tt1440129,
The Breakfast Club,John Hughes,1985,"Emilio Estevez, Paul Gleason, Anthony Michael Hall, John Kapelos, Judd Nelson, Molly Ringwald, Ally Sheedy, Perry Crawford, Mary Christian, Ron Dean",Comedy,DVD,tt0088847,
Interview with the Vampire: The Vampire Chronicles,Neil Jordan,1994,"Brad Pitt, Christian Slater, Virginia McCollam, John McConnell, Tom Cruise, Mike Seelig, Bellina Logan, Thandiwe Newton, Lyla Hay Owen, Lee E. Scharfstein",Drama,DVD,tt0110148,
The Falcon and the Snowman,John Schlesinger,1985,"Timothy Hutton, Sean Penn, Pat Hingle, Joyce Van Patten, Rob Reed, Rob Newell, Karen West, Art Camacho, Annie Kozuch, Richard Dysart",Drama,DVD,tt0087231,
Big,Penny Marshall,1988,"Tom Hanks, Elizabeth Perkins, Robert Loggia, John Heard, Jared Rushton, David Moscow, Jon Lovitz, Mercedes Ruehl, Josh Clark, Kimberlee M. Davis",Comedy,DVD,tt0094737,
Greenland,Ric Roman Waugh,2020,"Gerard Butler, Marc Demeter, Terrance P. Carson, Cremel Nakia Burney, Danielle Williams, Otis Winston, Susan Williams, Jaime Andrews, Adam Cronan, Holt McCallany",Action,,tt7737786,no medium
Frankenstein Unbound,Roger Corman,1990,"John Hurt, Raul Julia, Nick Brimble, Bridget Fonda, Catherine Rabett, Jason Patric, Michael Hutchence, Catherine Corman, William Geiger, Mickey Knox",Drama,DVD,tt0099612,
Cold Mountain,Anthony Minghella,2003,"Jude Law, Nicole Kidman, Renée Zellweger, Eileen Atkins, Brendan Gleeson, Philip Seymour Hoffman, Natalie Portman, Giovanni Ribisi, Donald Sutherland, Ray Winstone",Drama,DVD,tt0159365,
13,Géla Babluani,2010,"Jason Statham, Alexander Skarsgård, Emmanuelle Chriqui, Mickey Rourke, Michael Shannon, Ray Winstone, Gaby Hoffmann, 50 Cent, Sam Riley, David Zayas",Drama,DVD,tt0798817,
Daybreakers,Michael Spierig,2009,"Harriet Minto-Day, Jay Laga'aia, Damien Garvey, Sahaj Dumpleton, Allan Todd, Gabriella Di Labio, Ben Siemer, Peter Welman, Callum McLean, Jarrad Pon",Action,DVD,tt0433362,
Werewolf: The Beast Among Us,Louis Morneau,2012,"Steven Bauer, Nia Peeples, Ed Quinn, Stephen Rea, Rachel DiPillo, Ana Ularu, Guy Wilson, Adam Croasdell, Emil Hostina, Zoltan Butuc",Horror,DVD,tt1987028,
The Thing,Matthijs van Heijningen Jr.,2011,"Mary Elizabeth Winstead, Joel Edgerton, Ulrich Thomsen, Eric Christian Olsen, Adewale Akinnuoye-Agbaje, Paul Braunstein, Trond Espen Seim, Kim Bubbs, Jørgen Langhelle, Jan Gunnar Røise",Horror,DVD,tt0905372,
"10,000 BC",Roland Emmerich,2008,"Steven Strait, Camilla Belle, Cliff Curtis, Joel Virgel, Affif Ben Badra, Mo Zinal, Nathanael Baring, Mona Hammond, Marco Khan, Reece Ritchie",,DVD,tt0443649,no genre
National Geographic: Egypt Eternal: The Quest for Lost Tombs,Aram Boyajian,2002,"Alexander Scourby, Leslie Nielsen, Joseph Campanella, Orson Welles, Richard Basehart, Richard Kiley, E.G. Marshall, Burgess Meredith, Alexander Grasshoff, James Lipscomb",Documentary,DVD,tt0057775,
Season of the Witch,Dominic Sena,2011,"Nicolas Cage, Ron Perlman, Stephen Campbell Moore, Stephen Graham, Ulrich Thomsen, Claire Foy, Robert Sheehan, Christopher Lee, Rebekah Kennedy, Andrew Hefler",Action,DVD,tt0479997,
Edge of Darkness,Martin Campbell,2010,"Mel Gibson, Ray Winstone, Danny Huston, Bojana Novakovic, Shawn Roberts (II), David Aaron Baker, Jay O. Sanders, Denis O'Hare, Damian Young, Caterina Scorsone",Drama,DVD,tt1226273,
The Last of the Mohicans,Michael Mann,1992,"Daniel Day-Lewis, Madeleine Stowe, Russell Means, Eric Schweig, Jodhi May, Steven Waddington, Wes Studi, Maurice Roëves, Patrice Chéreau, Edward Blatchford",War,DVD,tt0104691,
Skyline,Colin Strause,2010,"Eric Balfour, Scottie Thompson, Brittany Daniel, Crystal Reed, Neil Hopkins, David Zayas, Donald Faison, Robin Gammell, Tanya Newbould, J. Paul Boehmer",Action,DVD,tt1564585,
Jumper,Doug Liman,2008,"Hayden Christensen, Jamie Bell, Rachel Bilson, Diane Lane, Samuel L. Jackson, Michael Rooker, AnnaSophia Robb, Max Thieriot, Jesse James, Tom Hulce",Action,Blu-ray,tt0489099,
Thor: The Dark World,Alan Taylor,2013,"Chris Hemsworth, Natalie Portman, Tom Hiddleston, Anthony Hopkins, Christopher Eccleston, Jaimie Alexander, Zachary Levi, Ray Stevenson, Tadanobu Asano, Idris Elba",Action,Blu-ray,tt1981115,
The Dark Knight,Christopher Nolan,2008,"Christian Bale, Heath Ledger, Aaron Eckhart, Michael Caine, Maggie Gyllenhaal, Gary Oldman, Morgan Freeman, Monique Gabriela Curnen, Ron Dean, Cillian Murphy",Action,Blu-ray,tt0468569,
Paul,Greg Mottola,2011,"Mia Stallard, Simon Pegg, Nick Frost, Jeremy Owen, Jeffrey Tambor, David House, Jennifer Granger, Nelson Ascencio, Jane Lynch, David Koechner",Adventure,Blu-ray,tt1092026,
American Gangster,Ridley Scott,2007,"Denzel Washington, Russell Crowe, Chiwetel Ejiofor, Josh Brolin, Lymari Nadal, Ted Levine, Roger Guenveur Smith, John Hawkes, RZA, Yul Vazquez",Crime,Blu-ray,tt0765429,
"I, Frankenstein",Stuart Beattie,2014,"Aaron Eckhart, Yvonne Strahovski, Miranda Otto, Bill Nighy, Jai Courtney, Socratis Otto, Aden Young, Caitlin Stasey, Mahesh Jadu, Steve Mouzakis",Action,DVD,tt1418377,
Willow,Ron Howard,1988,"Val Kilmer, Joanne Whalley, Warwick Davis, Jean Marsh, Patricia Hayes, Billy Barty, Pat Roach, Gavan O'Herlihy, David Steinberg, Phil Fondacaro",Action,DVD,tt0096446,
Inglourious Basterds,Quentin Tarantino,2009,"Brad Pitt, Mélanie Laurent, Christoph Waltz, Eli Roth, Michael Fassbender, Diane Kruger, Daniel Brühl, Til Schweiger, Gedeon Burkhard, Jacky Ido",Adventure,Blu-ray,tt0361748,
The Doors,Oliver Stone,1991,"Val Kilmer, Meg Ryan, Kyle MacLachlan, Frank Whaley, Kevin Dillon, Michael Wincott, Michael Madsen, Josh Evans, Dennis Burkley, Billy Idol",Drama,DVD,tt0101761,
Catch .44,Aaron Harvey,2011,"Malin Akerman, Reila Aphrodite, Kevin Beard, Amanda Bosley, Edrick Browne, Ivory Dortch, Brad Dourif, Jimmy Lee Jr., P.J. Marshall, Nikki Reed",Action,DVD,tt1886493,
Evan Almighty,Tom Shadyac,2007,"Steve Carell, Morgan Freeman, Lauren Graham, Johnny Simmons, Graham Phillips, Jimmy Bennett, John Goodman, Wanda Sykes, John Michael Higgins, Jonah Hill",Comedy,DVD,tt0413099,
Casper,Brad Silberling,1995,"Chauncey Leopardi, Spencer Vrooman, Malachi Pearson, Cathy Moriarty, Eric Idle, Ben Stein, Don Novello, Fred Rogers, Terry Murphy, Bill Pullman",Comedy,DVD,tt0112642,
Yogi Bear,Eric Brevig,2010,"Dan Aykroyd, Justin Timberlake, Anna Faris, Tom Cavanagh, T.J. Miller, Nathan Corddry, Andrew Daly, Josh Robert Thompson, David Stott, Greg Johnson",Adventure,DVD,tt1302067,
Land of the Lost,Brad Silberling,2009,"Will Ferrell, Anna Friel, Danny R. McBride, Jorma Taccone, John Boylan, Matt Lauer, Bobb'e J. Thompson, Sierra McCormick, Shannon Lemke, Stevie Wash Jr.",Adventure,DVD,tt0457400,
Oz the Great and Powerful,Sam Raimi,2013,"James Franco, Mila Kunis, Rachel Weisz, Michelle Williams, Zach Braff, Bill Cobbs, Joey King, Tony Cox, Stephen R. Hart, Abigail Spencer",Adventure,DVD,tt1623205,
The Mummy: Trilogy,,,,,DVD,tt0000000,no year; no director; no actors; no genre
The Mummy Returns,Stephen Sommers,2001,"Brendan Fraser, Rachel Weisz, John Hannah, Arnold Vosloo, Oded Fehr, Patricia Velasquez, Freddie Boath, Alun Armstrong, Dwayne Johnson, Adewale Akinnuoye-Agbaje",Action,DVD,tt0209163,
The Mummy,Stephen Sommers,1999,"Brendan Fraser, Rachel Weisz, John Hannah, Arnold Vosloo, Kevin J. O'Connor, Oded Fehr, Jonathan Hyde, Erick Avari, Bernard Fox, Stephen Dunham",Action,DVD,tt0120616,
The Mummy: Tomb of the Dragon Emperor,Rob Cohen,2008,"Brendan Fraser, Jet Li, Maria Bello, John Hannah, Michelle Yeoh, Luke Ford, Isabella Leong, Anthony Wong Chau-Sang, Russell Wong, Liam Cunningham",Action,DVD,tt0859163,
The Last Legion,Doug Lefler,2007,"Colin Firth, Ben Kingsley, Aishwarya Rai, Peter Mullan, Kevin McKidd, John Hannah, Iain Glen, Rupert Friend, Nonso Anozie, Owen Teale",Action,DVD,tt0462396,
Ghost Stories: 4 Movie Set,,,,,DVD,tt0000000,no year; no director; no actors; no genre
Secondhand Lions,Tim McCanlies,2003,"Michael Caine, Robert Duvall, Haley Joel Osment, Kyra Sedgwick, Nicky Katt, Josh Lucas, Michael O'Neill, Deirdre O'Connell, Eric Balfour, Christian Kane",Adventure,DVD,tt0327137,
August: Osage County,John Wells,2013,"Meryl Streep, Julia Roberts, Chris Cooper, Ewan McGregor, Margo Martindale, Sam Shepard, Dermot Mulroney, Misty Upham, Julianne Nicholson, Abigail Breslin",Drama,DVD,tt1322269,
Bad Lieutenant: Port of Call New Orleans,Werner Herzog,2009,"Nicolas Cage, Val Kilmer, Eva Mendes, Jennifer Coolidge, Fairuza Balk, Michael Shannon, Shawn Hatosy, Denzel Whitaker, Shea Whigham, Xzibit",Crime,DVD,tt1095217,
The Patriot,Roland Emmerich,2000,"Mel Gibson, Heath Ledger, Joely Richardson, Jason Isaacs, Tchéky Karyo, Rene Auberjonois, Lisa Brenner, Tom Wilkinson, Donal Logue, Leon Rippy",Action,DVD,tt0187393,
8 Movies: Western,,,,,DVD,tt0000000,no year; no director; no actors; no genre
"If You Meet Sartana, Pray for Your Death",Gianfranco Parolini,1968,"Gianni Garko, Klaus Kinski, Fernando Sancho, William Berger, Sydney Chaplin, Gianni Rizzo, Andrea Scotti, Carlo Tamberlani, Franco Pesce, Heidi Fischer",Western,DVD,tt0063568,
Revenge of Trinity,Mario Camus,1970,"Terence Hill, Mario Pardo, Carlo Alberto Cortina, Máximo Valverde, Ángel Lombarte, William Layton, Fernando Rey, Maria Grazia Buccella, Manuel Alexandre, Manuel de Blas",Drama,DVD,tt0066928,
Requiescant,Carlo Lizzani,1967,"Lou Castel, Mark Damon, Pier Paolo Pasolini, Barbara Frey, Rossana Martini, Mirella Maravidi, Franco Citti, Luisa Baratto, Ninetto Davoli, Carlo Palmucci",Western,DVD,tt0063500,
Grand Duel,Giancarlo Santi,1972,"Lee Van Cleef, Alberto Dentice, Jess Hahn, Horst Frank, Klaus Grünberg, Antonio Casale, Marc Mazza, Dominique Darel, Alessandra Cardini, Gastone Pescucci",Western,DVD,tt0068657,
The Gatling Gun,Robert Gordon,1971,"Guy Stockwell, Robert Fuller, Barbara Luna, Woody Strode, Patrick Wayne, Pat Buttram, Carlos Rivas, Tommy Cook, Steve Conte, David Cargo",Action,DVD,tt0070091,
Death Rides a Horse,Giulio Petroni,1967,"Lee Van Cleef, John Phillip Law, Mario Brega, Luigi Pistilli, Anthony Dawson, José Torres, Franco Balducci, Bruno Corazzari, Felicita Fanny, Ignazio Leone",Western,DVD,tt0064208,
Wanted,Giorgio Ferroni,1967,"Giuliano Gemma, Germán Cobos, Teresa Gimpera, Serge Marquand, Daniele Vargas, Gia Sandri, Nello Pazzafini, Benito Stefanelli, Carlo Hinterman, Furio Meniconi",Action,DVD,tt0062047,
Fort Yuma Gold,Giorgio Ferroni,1966,"Giuliano Gemma, Dan Vadis, Sophie Daumier, Jacques Sernas, Nello Pazzafini, José Calvo, Ángel del Pozo, Jacques Herlin, Andrea Bosic, Antonio Molino Rojo",War,DVD,tt0061773,
Riverworld,Kari Skogland,2003,"Brad Johnson, Karen Holness, Emily Lloyd, Jeremy Birchall, Kevin Smith, Nikita Kearsley, Brian Moore, Cameron Daddo, Jonathan Cake, Paolo Rotondo",Adventure,DVD,tt0310952,
Riverworld,Stuart Gillard,2010,"Tahmoh Penikett, Laura Vandervoort, Mark Deklin, Peter Wingfield, Jeananne Goossen, Matthew MacCaull, Matty Finochio, Romina D'Ugo, Kwesi Ameyaw, Meg Roe",Science-Fiction,DVD,tt1419950,
Machete,Ethan Maniquis,2010,"Danny Trejo, Robert de Niro, Jessica Alba, Steven Seagal, Michelle Rodriguez, Jeff Fahey, Cheech Marin, Don Johnson, Shea Whigham, Lindsay Lohan",Action,DVD,tt0985694,
Men in Black,Barry Sonnenfeld,1997,"Tommy Lee Jones, Will Smith, Linda Fiorentino, Vincent D'Onofrio, Rip Torn, Tony Shalhoub, Siobhan Fallon, Mike Nussbaum, Jon Gries, Sergio Calderón",Action,DVD,tt0119654,
Hancock,Peter Berg,2008,"Will Smith, Charlize Theron, Jason Bateman, Jae Head, Eddie Marsan, David Mattey, Maetrix Fitten, Thomas Lennon, Johnny Galecki, Hayley Marie Norman",Action,DVD,tt0448157,
The Sorcerer's Apprentice,Jon Turteltaub,2010,"Nicolas Cage, Jay Baruchel, Alfred Molina, Teresa Palmer, Toby Kebbell, Omar Benson Miller, Monica Bellucci, Alice Krige, Jake Cherry, James A. Stephens",Action,DVD,tt0963966,
Crazy Heart,Scott Cooper,2009,"Jeff Bridges, James Keane, Anna Felix, Paul Herman, Tom Bower, Ryan Bingham, Beth Grant, Rick Dial, Maggie Gyllenhaal, Debrianna Mansini",Drama,DVD,tt1263670,
Maverick,Richard Donner,1994,"Mel Gibson, Jodie Foster, James Garner, Graham Greene, Alfred Molina, James Coburn, Dub Taylor, Geoffrey Lewis, Paul L. Smith, Dan Hedaya",Adventure,DVD,tt0110478,
Kingdom of Heaven,Ridley Scott,2005,"Martin Hancock, Michael Sheen, Nathalie Cox, Eriq Ebouaney, Jouko Ahola, David Thewlis, Liam Neeson, Philip Glenister, Orlando Bloom, Bronson Webb",Action,DVD,tt0320661,
Turner & Hooch,Roger Spottiswoode,1989,"Tom Hanks, Mare Winningham, Craig T. Nelson, Reginald VelJohnson, Scott Paulin, J.C. Quinn, John McIntire, David Knell, Ebbe Roe Smith, Kevin Scannell",Comedy,DVD,tt0098536,
Pirates of the Caribbean: On Stranger Tides,Rob Marshall,2011,"Johnny Depp, Penélope Cruz, Geoffrey Rush, Ian McShane, Kevin McNally, Sam Claflin, Astrid Bergès-Frisbey, Stephen Graham, Keith Richards, Richard Griffiths",Action,Blu-ray,tt1298650,
The Green Hornet,Michel Gondry,2011,"Seth Rogen, Jay Chou, Cameron Diaz, Tom Wilkinson, Christoph Waltz, David Harbour, Edward James Olmos, Jamie Harris, Chad Coleman, Edward Furlong",Action,DVD,tt0990407,
Planet of the Apes,Tim Burton,2001,"Mark Wahlberg, Tim Roth, Helena Bonham Carter, Michael Clarke Duncan, Paul Giamatti, Estella Warren, Cary-Hiroyuki Tagawa, David Warner, Kris Kristofferson, Erick Avari",Action,DVD,tt0133152,
The Warrior's Way,Sngmoo Lee,2010,"DONG-GUN JANG, Kate Bosworth, Geoffrey Rush, Danny Huston, Tony Cox, Lung Ti, Analin Rudd, Markus Hamilton, Rod Lousich, Matt Gillanders",Adventure,DVD,tt1032751,
Mafia: Welcome to la Famiglia,,,,,DVD,tt0000000,no year; no director; no actors; no genre
Mob War,J. Christian Ingvordsen,1989,"Jake LaMotta, Johnny Stumper, David Henry Keller, John Rano, Danny Kuchuck, Steven Kaman, Adrianna Maxwell, Dan Lutsky, Angel Caban, Monica Helm",Action,DVD,tt0097898,
Family Enforcer,Ralph De Vito,1976,"Joe Cortese, Lou Criscuolo, Joe Pesci, Bobby Alto, Frank Vincent, Keith Davis, Jack Ramage, Anne Johns, Bob D'Andrea, Victoria Hale",Action,DVD,tt0072855,
Escape From Death Row,David Haycox,2001,"Jermell Fenner, Michael Ray Brown",Documentary,DVD,tt1523988,
"Mask, The",Chuck Russell,1994,"Jim Carrey, Peter Riegert, Peter Greene, Amy Yasbeck, Richard Jeni, Orestes Matacena, Tim Bagley, Nancy Fish, Johnny Williams, Reg E. Cathey",Action,DVD,tt0110475,
Rio Bravo / Cahill: United States Marshal,,,,,DVD,tt0000000,no year; no director; no actors; no genre
Stargate,Roland Emmerich,1994,"Kurt Russell, James Spader, Alexis Cruz, Viveca Lindfors, Mili Avital, John Diehl, Leon Rippy, Carlos Lauchu, Djimon Hounsou, Erick Avari",Action,DVD,tt0111282,
The Talented Mr. Ripley / Ripley's Game,,,,,DVD,tt0000000,no year; no director; no actors; no genre
"Secrets of the Millennium, Vol 1: In Quest Of Ancient Aliens",,1999,,,DVD,tt0000000,no director; no actors; no genre
Secret Window,David Koepp,2004,"Isabelle Champeau, Johnny Depp, John Turturro, Maria Bello, Timothy Hutton, Charles S. Dutton, Len Cariou, Joan Heney, John Dunn-Hill, Vlasta Vrana",Drama,DVD,tt0363988,
Ocean's Eleven,Steven Soderbergh,2001,"George Clooney, Matt Damon, Andy Garcia, Brad Pitt, Julia Roberts, Casey Affleck, Scott Caan, Elliott Gould, Bernie Mac, Carl Reiner",Action,DVD,tt0240772,
Zardoz,John Boorman,1974,"Sean Connery, Charlotte Rampling, Sara Kestelman, John Alderton, Sally Anne Newton, Niall Buggy, Bosco Hogan, Jessica Swift, Bairbre Dowling, Christopher Casson",Fantasy,DVD,tt0070948,
Leading Men Collection: The Devil In A Blue Dress / Glory / Philadelphia / Taking Of Pelham 1 2 3,,,,,DVD,tt0000000,no year; no director; no actors; no genre
The Day The Earth Stood Still,Scott Derrickson,2008,"Keanu Reeves, Jennifer Connelly, Kathy Bates, Jaden Smith, John Cleese, Jon Hamm, Kyle Chandler, Robert Knepper, James Hong, John Rothman",Drama,DVD,tt0970416,
Lost in Space,Stephen Hopkins,1998,"Gary Oldman, William Hurt, Matt LeBlanc, Mimi Rogers, Heather Graham, Lacey Chabert, Jack Johnson, Jared Harris, Mark Goddard, Lennie James",Action,DVD,tt0120738,
Dragons: Gift of the Night Fury,Tom Owens,2011,"Jay Baruchel, Gerard Butler, Craig Ferguson, America Ferrera, Jonah Hill, Christopher Mintz-Plasse, T.J. Miller, Kristen Wiig, Bridget Hoffman, Peter Lavin",Adventure,DVD,tt2065968,
Adventures Of Sinbad (UNK) / Johnny The Giant Killer,,,,,DVD,,no IMDb ID; no year; no director; no actors; no genre
Shrek 2,Andrew Adamson,2004,"Mike Myers, Eddie Murphy, Cameron Diaz, Julie Andrews, Antonio Banderas, John Cleese, Rupert Everett, Jennifer Saunders, Aron Warner, Kelly Asbury",Adventure,DVD,tt0298148,
Shrek Forever After,Mike Mitchell,2010,"Mike Myers, Eddie Murphy, Cameron Diaz, Antonio Banderas, Julie Andrews, Jon Hamm, John Cleese, Craig Robinson, Walt Dohrn, Jane Lynch",Action,DVD,tt0892791,
Bulletproof Monk,Paul Hunter,2003,"Chow Yun-Fat, Seann William Scott, Jaime King, Karel Roden, Victoria Smurfit, Marcus Jean Pirae, Mako, Roger Yuan, K.C. Collins, Sean Bell",Action,Blu-ray,tt0245803,
V for Vendetta,James McTeigue,2006,"Natalie Portman, Hugo Weaving, Stephen Rea, Stephen Fry, John Hurt, Tim Pigott-Smith, Rupert Graves, Roger Allam, Ben Miles, Sinéad Cusack",Drama,Blu-ray,tt0434409,
AVP: Alien vs. Predator,Paul W.S. Anderson,2004,"Sanaa Lathan, Raoul Bova, Lance Henriksen, Ewen Bremner, Colin Salmon, Tommy Flanagan, Joseph Rye, Agathe De La Boulaye, Carsten Norgaard, Sam Troughton",Horror,Blu-ray,tt0370263,
12 Monkeys,Terry Gilliam,1995,"Joseph Melito, Bruce Willis, Jon Seda, Michael Chance, Vernon Campbell, H. Michael Walls, Bob Adrian, Simon Jones, Carol Florence, Bill Raymond",Mystery,Blu-ray,tt0114746,
Inkheart,Iain Softley,2008,"Brendan Fraser, Sienna Guillory, Eliza Bennett, Richard Strange, Paul Bettany, Helen Mirren, Matt King, Steve Speirs, Jamie Foreman, Stephen Graham",Adventure,Blu-ray,tt0494238,
The Great Outdoors,Howard Deutch,1988,"Dan Aykroyd, John Candy, Stephanie Faracy, Annette Bening, Chris Young, Ian Giatti, Hilary Gordon, Rebecca Gordon, Robert Prosky, Zoaunne LeRoy",Comedy,DVD,tt0095253,
Rose Red,Craig R. Baxley,2002,"Nancy Travis, Matt Keeslar, Kimberly J. Brown, David Dukes, Judith Ivey, Melanie Lynskey, Matt Ross, Julian Sands, Kevin Tighe, Julia Campbell",Horror,DVD,tt0259153,
Pearl Harbor,Michael Bay,2001,"Tomas Arana, Beth Grant, Sung Kang, Raphael Sbarge, Marty Belafsky, Yuji Okumoto, Ben Affleck, Josh Hartnett, Kate Beckinsale, Cuba Gooding Jr.",Action,DVD,tt0213149,
The Man in the Iron Mask,Randall Wallace,1998,"Leonardo DiCaprio, Jeremy Irons, John Malkovich, Gérard Depardieu, Gabriel Byrne, Anne Parillaud, Judith Godrèche, Edward Atterton, Peter Sarsgaard, Hugh Laurie",Action,DVD,tt0120744,
The Last Airbender,M. Night Shyamalan,2010,"Noah Ringer, Dev Patel, Nicola Peltz, Jackson Rathbone, Shaun Toub, Aasif Mandvi, Cliff Curtis, Seychelle Gabriel, Katharine Houghton, Francis Guinan",Action,DVD,tt0938283,
The Lone Ranger,Gore Verbinski,2013,"Johnny Depp, Armie Hammer, William Fichtner, Tom Wilkinson, Ruth Wilson, Helena Bonham Carter, James Badge Dale, Bryant Prince, Barry Pepper, Mason Cook",Action,DVD,tt1210819,
World War Z,Marc Forster,2013,"Brad Pitt, Mireille Enos, Daniella Kertesz, James Badge Dale, Ludi Boeken, Matthew Fox, Fana Mokoena, David Morse, Elyes Gabel, Peter Capaldi",Action,Blu-ray,tt0816711,
Hitman,Xavier Gens,2007,"Timothy Olyphant, Dougray Scott, Olga Kurylenko, Robert Knepper, Ulrich Thomsen, Henry Ian Cusick, Michael Offei, Christian Erickson, Eriq Ebouaney, Joe Sheridan",Action,Blu-ray,tt0465494,
Stolen,Simon West,2012,"Nicolas Cage, Josh Lucas, Danny Huston, Malin Akerman, Sami Gayle, Edrick Browne, Mark Valley, Barry Shabaka Henley, M.C. Gainey, J.D. Evermore",Action,Blu-ray,tt1656186,
Breaking the Da Vinci Code: Solves the 2000 Year Old Mystery,David Priest,2005,Joseph Meier,Documentary,DVD,tt1206290,
Disneynature: Earth,Alastair Fothergill,2007,"James Earl Jones, Patrick Stewart, Ulrich Tukur, Mark Linfield, Leslie Megahey, Sophokles Tasioulis, Alix Tidmarsh, Richard Brooks Burton, Mike Holding, Matt Norman",Documentary,DVD,tt0393597,
The Name of the Rose,Jean-Jacques Annaud,1986,"Sean Connery, Christian Slater, Helmut Qualtinger, Elya Baskin, Michael Lonsdale, Volker Prechtel, Feodor Chaliapin Jr., William Hickey, Michael Habeck, Urs Althaus",Classic,DVD,tt0091605,
Tom and Jerry: Spotlight Collection Volume 3,Joseph Barbera,1965,"Tex Avery, Billy Bletcher, Daws Butler, Bill Cole, Pinto Colvig, Hans Conried, June Foray, Stan Freberg, Paul Frees",Animation,DVD,tt0274294,
The Smurfs,Raja Gosnell,2011,"Hank Azaria, Neil Patrick Harris, Jayma Mays, Sofía Vergara, Tim Gunn, Madison McKinley, Meg Phillips, Julie Chang, Roger Clark, Mark Doherty",Adventure,DVD,tt0472181,
Phineas And Ferb: The Perry Files,Zac Moncrief,2011,"Vincent Martella, Thomas Brodie-Sangster, Ashley Tisdale, Dan Povenmire, Caroline Rhea, Alyson Stoner, Dee Bradley Baker, Jeff 'Swampy' Marsh, Mitchel Musso, Maulik Pancholy",Animation,DVD,tt0852863,
Pete's Dragon,Don Chaffey,1977,"Helen Reddy, Jim Dale, Mickey Rooney, Red Buttons, Shelley Winters, Sean Marshall, Jane Kean, Jim Backus, Charles Tyner, Gary Morgan",Adventure,DVD,tt0076538,
Mars Needs Moms,Simon Wells,2011,"Seth Green, Dan Fogler, Joan Cusack, Elisabeth Harnois, Mindy Sterling, Kevin Cahoon, Tom Everett Scott, Jacquie Barnbrook, Matthew Henerson, Adam Jennings",Action,DVD,tt1305591,
Night at the Museum: Battle of the Smithsonian,Shawn Levy,2009,"Ben Stiller, Amy Adams, Owen Wilson, Hank Azaria, Robin Williams, Christopher Guest, Alain Chabat, Steve Coogan, Ricky Gervais, Bill Hader",Action,DVD,tt1078912,
Night at the Museum,Shawn Levy,2006,"Ben Stiller, Carla Gugino, Dick Van Dyke, Mickey Rooney, Bill Cobbs, Jake Cherry, Ricky Gervais, Robin Williams, Kim Raver, Patrick Gallagher",Action,DVD,tt0477347,
Happy Feet,George Miller,2006,"Carlos Alazraqui, Lombardo Boyar, Jeffrey Garcia, Johnny A. Sanchez, Robin Williams, Elijah Wood, Brittany Murphy, Hugh Jackman, Nicole Kidman, Hugo Weaving",Animation,Blu-ray,tt0366548,
Pumpkinhead II / Wishmaster / Wishmaster 2 / Leprechaun,,,,Horror,DVD,tt0000000,no year; no director; no actors
Bangkok Dangerous,The Pang Brothers,2008,"Nicolas Cage, Shahkrit Yamnarm, Charlie Yeung, Panward Hemmanee, Nirattisai Kaljaruek, Dom Hetrakul, Tuck Napaskorn, Steve Baldocchi, Chris Heebink, James With",Action,DVD,tt0814022,
Hansel & Gretel,Gary J. Tunnicliffe,2002,"Taylor Momsen, Jacob Smith, Delta Burke, Howie Mandel, Alana Austin, Gerald McRaney, Lynn Redgrave, Dakota Fanning, Thomas Curtis, Daniel Roebuck",Drama,DVD,tt0293832,
Sinbad And The Minotaur,Karl Zwicky,2011,"Manu Bennett, Holly Brisley, Steven Grives, Lily Brown, Dimitri Baveas, Jared Robinson, Derek Boyer, Brad McMurray, Lauren Horner, David Vallon",Adventure,DVD,tt1577065,
3000 Miles to Graceland,Demian Lichtenstein,2001,"Kurt Russell, Kevin Costner, Courteney Cox, Christian Slater, Kevin Pollak, David Arquette, Jon Lovitz, Howie Long, Thomas Haden Church, Bokeem Woodbine",Action,DVD,tt0233142,
Legend,Ridley Scott,1985,"Tom Cruise, Mia Sara, Tim Curry, David Bennent, Alice Playten, Billy Barty, Cork Hubbert, Peter O'Farrell, Kiran Shah, Annabelle Lanyon",Adventure,DVD,tt0089469,
The Bucket List,Rob Reiner,2007,"Jack Nicholson, Morgan Freeman, Sean Hayes, Beverly Todd, Rob Morrow, Alfonso Freeman, Rowena King, Annton Berry Jr., Verda Bridges, Destiny Brownridge",Adventure,DVD,tt0825232,
Jeff Dunham: Minding The Monsters,Manny Rodriguez,2012,Jeff Dunham,Comedy,DVD,tt2461736,
Prince of Egypt,Brenda Chapman,1998,"Val Kilmer, Ralph Fiennes, Michelle Pfeiffer, Sandra Bullock, Jeff Goldblum, Danny Glover, Patrick Stewart, Helen Mirren, Steve Martin, Martin Short",Animation,DVD,tt0120794,
Don Quixote (UNK/ Pro-Active Entertainment),,,,,DVD,,no IMDb ID; no year; no director; no actors; no genre
Entrapment,Jon Amiel,1999,"Sean Connery, Catherine Zeta-Jones, Ving Rhames, Will Patton, Maury Chaykin, Kevin McNally, Terry O'Neill, Madhav Sharma, David Yip, Tim Potter",Crime,DVD,tt0137494,
Flawless,Michael Radford,2007,"Demi Moore, Michael Caine, Lambert Wilson, Nathaniel Parker, Shaughan Seymour, Nicholas Jones, David Barras, Joss Ackland, Silas Carson, Derren Nesbitt",Crime,DVD,tt0780516,
Aliens,James Cameron,1986,"Sigourney Weaver, Carrie Henn, Michael Biehn, Paul Reiser, Lance Henriksen, Bill Paxton, Jenette Goldstein, William Hope, Al Matthews, Mark Rolston",Action,Blu-ray,tt0090605,
Mud,Jeff Nichols,2012,"Matthew McConaughey, Reese Witherspoon, Tye Sheridan, Jacob Lofland, Sam Shepard, Ray McKinnon, Sarah Paulson, Michael Shannon, Joe Don Baker, Paul Sparks",Drama,Blu-ray,tt1935179,
The Mask of Zorro,Martin Campbell,1998,"Anthony Hopkins, Antonio Banderas, Catherine Zeta-Jones, Tony Cabral, Stuart Wilson, Tony Genaro, Iván Rafael, David Villalpando, Maury Chaykin, Paul Ganus",Action,Blu-ray,tt0120746,
Total Recall,Len Wiseman,2012,"Brian Rodriguez, Brett Donahue, Natalie Lisinska, Joe Vercillo, Miranda Jade, Mishael Morgan, Matthew Nette, Michael Therriault, Bokeem Woodbine, Lisa Chandler",Action,Blu-ray,tt1386703,
Now You See Me,Louis Leterrier,2013,"Jesse Eisenberg, Mark Ruffalo, Woody Harrelson, Isla Fisher, Dave Franco, Mélanie Laurent, Morgan Freeman, Michael Caine, Michael Kelly (V), Common",Crime,Blu-ray,tt1670345,
Prometheus,Ridley Scott,2012,"Noomi Rapace, Michael Fassbender, Charlize Theron, Idris Elba, Guy Pearce, Logan Marshall-Green, Sean Harris, Rafe Spall, Emun Elliott, Benedict Wong",Adventure,Blu-ray,tt1446714,
The League of Extraordinary Gentlemen,Stephen Norrington,2003,"Sean Connery, Naseeruddin Shah, Peta Wilson, Tony Curran, Stuart Townsend, Shane West, Jason Flemyng, Richard Roxburgh, Max Ryan, Tom Goodman-Hill",Action,Blu-ray,tt0311429,
National Parks Exploration Series - Yosemite: The High Sierras,,2012,,Documentary,Blu-ray,tt2904430,no director; no actors
Great Smoky Mountains: Crown Jewel Of The Appalachians,Kenny James,2012,Alphonse Keasley,Documentary,Blu-ray,tt0000000,
Beach Boys: Live In Concert: 50th Anniversary Tour,Marc Bennett,2012,"Brian Wilson, Mike Love, Al Jardine, Bruce Johnston, David Marks, Jeffrey Foskett, Scott Montgomery Bennett, Nelson Bragg, John Cowsill, Michael D'Amico",Music,Blu-ray,tt2505374,
Godzilla,Gareth Edwards,2014,"Aaron Taylor-Johnson, CJ Adams, Ken Watanabe, Bryan Cranston, Elizabeth Olsen, Carson Bolde, Sally Hawkins, Juliette Binoche, David Strathairn, Richard T. Jones",Action,Blu-ray,tt0831387,
Cowboys & Aliens,Jon Favreau,2011,"Daniel Craig, Harrison Ford, Abigail Spencer, Buck Taylor, Olivia Wilde, Sam Rockwell, Matthew Taylor, Cooper Taylor, Clancy Brown, Paul Dano",Action,Blu-ray,tt0409847,
Marvel's The Avengers,Joss Whedon,2012,"Robert Downey Jr., Chris Evans, Mark Ruffalo, Chris Hemsworth, Scarlett Johansson, Jeremy Renner, Tom Hiddleston, Clark Gregg, Cobie Smulders, Stellan Skarsgård",Action,Blu-ray,tt0848228,
Captain America: The Winter Soldier,Anthony Russo,2014,"Chris Evans, Samuel L. Jackson, Scarlett Johansson, Robert Redford, Sebastian Stan, Anthony Mackie, Cobie Smulders, Frank Grillo, Maximiliano Hernández, Emily VanCamp",Action,Blu-ray,tt1843866,
The Amazing Spider-Man,Marc Webb,2012,"Andrew Garfield, Emma Stone, Rhys Ifans, Denis Leary, Martin Sheen, Sally Field, Irrfan Khan, Campbell Scott, Embeth Davidtz, Chris Zylka",Action,Blu-ray,tt0948470,
The Last Starfighter,Nick Castle,1984,"Lance Guest, Dan O'Herlihy, Catherine Mary Stewart, Barbara Bosson, Norman Snow, Robert Preston, Kay E. Kuter, Dan Mason, Chris Hebert, John O'Leary",Action,Blu-ray,tt0087597,
Big Trouble in Little China,John Carpenter,1986,"Kurt Russell, Kim Cattrall, Dennis Dun, James Hong, Victor Wong, Kate Burton, Donald Li, Carter Wong, Peter Kwong, James Pax",Action,Blu-ray,tt0090728,
Wrath of the Titans,Jonathan Liebesman,2012,"Sam Worthington, Liam Neeson, Ralph Fiennes, Edgar Ramírez, Toby Kebbell, Rosamund Pike, Bill Nighy, Danny Huston, John Bell, Lily James",Action,Blu-ray,tt1646987,
Sleeping Beauty,Clyde Geronimi,1959,"Mary Costa, Bill Shirley, Eleanor Audley, Verna Felton, Barbara Luddy, Barbara Jo Allen, Taylor Holmes, Bill Thompson, Bill Amsbery, Candy Candido",Animation,DVD,tt0053285,
Scared Shrekless,Gary Trousdale,2010,"Mike Myers, Antonio Banderas, Kristen Schaal, Dean Edwards, Cody Cameron, Christopher Knights, Conrad Vernon, Aron Warner, Patty Cornell, Susan Fitzer",Adventure,DVD,tt1725156,
The Passion of the Christ,Mel Gibson,2004,"Jim Caviezel, Maia Morgenstern, Christo Jivkov, Francesco De Vito, Monica Bellucci, Mattia Sbragia, Toni Bertorelli, Luca Lionello, Hristo Shopov, Claudia Gerini",Drama,DVD,tt0335345,
Platoon,Oliver Stone,1986,"Tom Berenger, Willem Dafoe, Charlie Sheen, Keith David, Forest Whitaker, Francesco Quinn, Kevin Dillon, John C. McGinley, Reggie Johnson, Mark Moses",Action,DVD,tt0091763,
Once Upon a Texas Train,Burt Kennedy,1988,"Willie Nelson, Richard Widmark, Shaun Cassidy, Chuck Connors, Ken Curtis, Royal Dano, Jack Elam, Gene Evans, Kevin McCarthy, Dub Taylor",Action,DVD,tt0095781,
Tales of an Ancient Empire,Albert Pyun,2010,"Kevin Sorbo, Michael Paré, Melissa Ordway, Matthew Willig, Whitney Able, Ralf Moeller, Lee Horsley, Sarah Ann Schultz, Scott Paulin, Jennifer Siebel Newsom",Action,DVD,tt1136688,
Despicable Me 2,Pierre Coffin,2013,"Steve Carell, Kristen Wiig, Benjamin Bratt, Miranda Cosgrove, Russell Brand, Ken Jeong, Steve Coogan, Elsie Kate Fisher, Dana Gaier, Moises Arias",Adventure,Blu-ray,tt1690953,
Arthur Christmas,Sarah Smith,2011,"James McAvoy, Hugh Laurie, Bill Nighy, Jim Broadbent, Imelda Staunton, Ashley Jensen, Marc Wootton, Laura Linney, Eva Longoria, Ramona Marquez",Animation,DVD,tt1430607,
Ice Age: A Mammoth Christmas Special,Karen Disher,2011,"Ray Romano, John Leguizamo, Denis Leary, Queen Latifah, Seann William Scott, Josh Peck, Ciara Bravo, T.J. Miller, Judah Friedlander, Billy Gardell",Animation,Blu-ray,tt2100546,
Ice Age: Continental Drift,Steve Martino,2012,"Aziz Ansari, Joy Behar, Christopher Campbell, Alain Chabat, Ester Dean, Peter Dinklage, Karen Disher, Drake, Jason Fricchione, Nick Frost",Adventure,Blu-ray,tt1667889,
Ice Age: Dawn Of The Dinosaurs,Carlos Saldanha,2009,"Eunice Cho, Karen Disher, Harrison Fahn, Maile Flanagan, Jason Fricchione, Bill Hader, Kelly Keaton, Joey King, Queen Latifah, Denis Leary",Action,DVD,tt1080016,
DreamWorks Dragons: Book of Dragons,Steve Hickner,2011,"Jay Baruchel, Jim Cummings, Craig Ferguson, America Ferrera, Tress MacNeille, Christopher Mintz-Plasse, Bart Coughlin",Animation,DVD,tt2113625,
Igor,Anthony Leondis,2008,"John Cusack, Myleene Klass, Robin Walsh, Matt McKenna, John Cleese, Steve Buscemi, Sean Hayes, Jess Harnell, Eddie Izzard, Jennifer Coolidge",Animation,DVD,tt0465502,
Interplanetary,Chance Shirley,2008,"Cary Borders, Alison Britt, David Brown, James H. Brown, Melissa Bush, Damon Carter, Nick Crawford, Willie DeVold, Jacquese Evans, David Forbes",Horror,DVD,tt1355575,
Oblivion,Joseph Kosinski,2013,"Tom Cruise, Morgan Freeman, Olga Kurylenko, Andrea Riseborough, Nikolaj Coster-Waldau, Melissa Leo, Zoe Bell, Abigail Lowe, Isabelle Lowe, David Madison",Action,Blu-ray,tt1483013,
The Rite,Mikael Håfström,2011,"Anthony Hopkins, Colin O'Donoghue, Alice Braga, Ciarán Hinds, Toby Jones, Rutger Hauer, Marta Gastini, Maria Grazia Cucinotta, Arianna Veronesi, Andrea Calligari",Drama,DVD,tt1161864,
The Nut Job,Peter Lepeniotis,2014,"Scott McCord, Katie Griffin, Psy, Will Arnett, Brendan Fraser, Liam Neeson, Katherine Heigl, Stephen Lang, Maya Rudolph, Jeff Dunham",Adventure,DVD,tt1821658,
Puss in Boots,Chris Miller,2011,"Antonio Banderas, Salma Hayek, Zach Galifianakis, Billy Bob Thornton, Amy Sedaris, Constance Marie, Guillermo del Toro, Mike Mitchell, Rich Dietl, Ryan Crego",Adventure,Blu-ray,tt0448694,
The Croods,Kirk De Micco,2013,"Nicolas Cage, Emma Stone, Ryan Reynolds, Catherine Keener, Cloris Leachman, Clark Duke, Chris Sanders, Randy Thom, John Cleese",Adventure,Blu-ray,tt0481499,
Frankenweenie,Tim Burton,2012,"Catherine O'Hara, Martin Short, Martin Landau, Charlie Tahan, Atticus Shaffer, Winona Ryder, Robert Capron, James Hiroyuki Liao, Conchata Ferrell, Tom Kenny",Animation,Blu-ray,tt1142977,
The Goonies,Richard Donner,1985,"Sean Astin, Josh Brolin, Jeff Cohen, Corey Feldman, Kerri Green, Martha Plimpton, Jonathan Ke Quan, John Matuszak, Robert Davi, Joe Pantoliano",Adventure,DVD,tt0089218,
Mr. Magorium's Wonder Emporium,Zach Helm,2007,"Ted Ludzik, Natalie Portman, Zach Mills, Dustin Hoffman, Madalena Brancatella, Paula Boudreau, Mike Realba, Steve Whitmire, Liam Powley-Webster, Marcia Bennett",Comedy,DVD,tt0457419,
Witches Of East End - The Complete First Season,John Scott,2013,"Julia Ormond, Mädchen Amick, Jenna Dewan-Tatum, Rachel Boston, Christian Cooke, Daniel DiTomasso, Eric Winter, Virginia Madsen, Jason George, Enver Gjokaj",Drama,DVD,tt2288064,
The Wolfman,Joe Johnston,2010,"Simon Merrells, Gemma Whelan, Emily Blunt, Benicio Del Toro, Mario Marin-Borquez, Asa Butterfield, Cristina Contes, Anthony Hopkins, Art Malik, Malcolm Scates",Horror,DVD,tt0780653,
Hansel & Gretel: Witch Hunters,Tommy Wirkola,2013,"Jeremy Renner, Gemma Arterton, Famke Janssen, Pihla Viitala, Derek Mears, Robin Atkin Downes, Ingrid Bolsø Berdal, Joanna Kulig, Thomas Mann, Peter Stormare",Action,DVD,tt1428538,
Jet Li's Fearless,Ronny Yu,2006,"Jet Li, Shido Nakamura, Betty Sun, Yong Dong, Hee Ching Paw, Yun Qu, Nathan Jones, Brandon Rhea, Anthony De Longis, Jean Claude Leuyer",Action,DVD,tt0446059,
Unforgiven,Clint Eastwood,1992,"Gene Hackman, Morgan Freeman, Richard Harris, Jaimz Woolvett, Saul Rubinek, Frances Fisher, Anna Levine, David Mucci, Rob Campbell, David Webb Peoples",Drama,Blu-ray,tt0105695,
Ghost Rider: Spirit Of Vengeance,Mark Neveldine,2011,"Nicolas Cage, Violante Placido, Ciarán Hinds, Idris Elba, Johnny Whitworth, Fergus Riordan, Spencer Wilding, Sorin Tofan, Jacek Koman, Anthony Head",Action,Blu-ray,tt1071875,
47 Ronin,Carl Rinsch,2013,"Keanu Reeves, Hiroyuki Sanada, Ko Shibasaki, Tadanobu Asano, Min Tanaka, Jin Akanishi, Masayoshi Haneda, Hiroshi Sogabe, Takato Yonemoto, Hiroshi Yamada",Action,DVD,tt1335975,
Conan the Barbarian,Marcus Nispel,2011,"Jason Momoa, Stephen Lang, Rachel Nichols, Ron Perlman, Rose McGowan, Bob Sapp, Leo Howard, Steven O'Donnell, Nonso Anozie, Raad Rawi",Action,DVD,tt0816462,
Expelled:  No Intelligence Allowed,Nathan Frankowski,2008,"Ben Stein, Lili Asvar, Peter Atkins, Hector Avalos, Doug Axe, Adam Behr, David Berlinski, Walter Bradley, Bruce Chapman, Anderson Cooper",Documentary,DVD,tt1091617,
The One,James Wong,2001,"Jet Li, Carla Gugino, Delroy Lindo, Jason Statham, James Morrison, Dylan Bruno, Richard Steinmetz, Steve Rankin, Tucker Smallwood, Harriet Sansom Harris",Action,DVD,tt0267804,
Medal of Honor,Kevin R. Hershberger,2012,"Bucky Anderson, Mike Bilder, Guy Gane, Eric Han, Sam Harrelson, Tyhm Kennedy, Joshua Kerner, Jon Redden, Jason Spellman, Alain Uy",Adventure,DVD,tt2134100,
The Forbidden Kingdom,Rob Minkoff,2008,"Jet Li, Michael Angarano, Jackie Chan, Yifei Liu, Collin Chou, Juana Collignon, Morgan Benoit, Bingbing Li, Jack Posobiec, Thomas McDonell",Action,DVD,tt0865556,
Beowulf,Robert Zemeckis,2007,"Robin Wright, Anthony Hopkins, Paul Baker, John Bilezikjian, Rod D. Harbour, Brice Martin, Sonje Fortag, Sharisse Baker-Bernard, Charlotte Salt, Julene Renee-Preciado",Action,DVD,tt0442933,
Epic,Chris Wedge,2013,"Blake Anderson, Aziz Ansari, Allison Bills, Jim Conroy, Todd Cummings, John Dimaggio, Troy Evans, Colin Farrell, Jason Fricchione, Judah Friedlander",Adventure,DVD,tt0848537,
Ramona and Beezus,Elizabeth Allen,2010,"Joey King, Selena Gomez, John Corbett, Bridget Moynahan, Ginnifer Goodwin, Josh Duhamel, Jason Spevack, Sierra McCormick, Sandra Oh, Kathryn Zenna",Adventure,DVD,tt0493949,
Cloudy with a Chance of Meatballs 2,Cody Cameron,2013,"Bill Hader, Anna Faris, James Caan, Will Forte, Andy Samberg, Benjamin Bratt, Neil Patrick Harris, Terry Crews, Kristen Schaal, Judi BARRETT",Adventure,DVD,tt1985966,
Shrek the Third,Chris Miller,2007,"Susan Blakeslee, Mike Myers, Eddie Murphy, Cameron Diaz, Antonio Banderas, Julie Andrews, John Cleese, Rupert Everett, Eric Idle, Justin Timberlake",Adventure,DVD,tt0413267,
The Muppets,James Bobin,2011,"Jason Segel, Amy Adams, Chris Cooper, Rashida Jones, Steve Whitmire, Eric Jacobson, Dave Goelz, Bill Barretta, David Rudman, Matt Vogel",Comedy,Blu-ray,tt1204342,
The Little Mermaid: Ariels Beginning,Peggy Holmes,2008,"Jeff Bennett, Jim Cummings, Sally Field, Parker Goris, Tara Strong, Grey DeLisle, Jodi Benson, Jennifer Hale, Kevin Michael Richardson, Samuel E. Wright",Animation,DVD,tt0969647,
Go Diego Go!: Diego's Halloween,Olexa Hewryk,2005,"Jake T. Austin, E. Austin Valentine, Rosie Perez, Sebastian Arcelus, Gabriela Aisenberg",Animation,DVD,tt0423657,
Beauty and the Beast,Gary Trousdale,1991,"Paige O'Hara, Robby Benson, Richard White, Jerry Orbach, David Ogden Stiers, Angela Lansbury, Bradley Pierce, Rex Everhart, Jesse Corti, Hal Smith",Animation,Blu-ray,tt0101414,
The Emperor's Treasure,,2004,,Animation,DVD,tt0000000,no director; no actors
The Legend of Hercules,Renny Harlin,2014,"Kellan Lutz, Gaia Weiss, Scott Adkins (II), Roxanne McKee, Liam Garrigan, Liam McIntyre, Rade Serbedzija, Johnathon Schaech, Luke Newberry, Kenneth Cranham",Action,DVD,tt1043726,
Riddick,David Twohy,2013,"Vin Diesel, Jordi Mollà, Matt Nable, Katee Sackhoff, Dave Bautista, Bokeem Woodbine, Raoul Trujillo, Conrad Pla, Danny Blanco Hall, Noah Danby",Action,DVD,tt1411250,
Men in Black 3,Barry Sonnenfeld,2012,"Will Smith, Tommy Lee Jones, Josh Brolin, Jemaine Clement, Emma Thompson, Michael Stuhlbarg, Mike Colter, Nicole Scherzinger, Michael Chernus, Alice Eve",Action,Blu-ray,tt1409024,
The Dark Knight Rises,Christopher Nolan,2012,"Christian Bale, Gary Oldman, Tom Hardy, Joseph Gordon-Levitt, Anne Hathaway, Marion Cotillard, Morgan Freeman, Michael Caine, Matthew Modine, Alon Aboutboul",Action,Blu-ray,tt1345836,
Age of the Dragons,Ryan Little,2011,"Danny Glover, Vinnie Jones, Corey Sevier, Sofia Pernas, Larry Bagby, Kepa Kruse, David Morgan, Raphael Cruz, Yanique Bland, Wayne Brennan",Action,DVD,tt1594917,
Hoodwinked,Cory Edwards,2005,"Anne Hathaway, Glenn Close, James Belushi, Patrick Warburton, Anthony Anderson, David Ogden Stiers, Xzibit, Chazz Palminteri, Andy Dick, Todd Edwards",Animation,DVD,tt0443536,
The Pirates! Band Of Misfits,Peter Lord,2012,"Hugh Grant, Martin Freeman, Imelda Staunton, David Tennant, Jeremy Piven, Salma Hayek, Lenny Henry, Brian Blessed, Anton Yelchin, Brendan Gleeson",Adventure,DVD,tt1430626,
Cats & Dogs: The Revenge Of Kitty Galore,Brad Peyton,2010,"James Marsden, Nick Nolte, Christina Applegate, Katt Williams, Bette Midler, Neil Patrick Harris, Sean Hayes, Wallace Shawn, Roger Moore, Joe Pantoliano",Action,DVD,tt1287468,
The Country Bears,Peter Hastings,2002,"Haley Joel Osment, Diedrich Bader, Candy Ford, James Gammon, Brad Garrett, Toby Huss, Kevin Michael Richardson, Stephen Root, Christopher Walken, Stephen Tobolowsky",Comedy,DVD,tt0276033,
Free Birds,Jimmy Hayward,2013,"Owen Wilson, Woody Harrelson, Amy Poehler, George Takei, Colm Meaney, Keith David, Dan Fogler, Kaitlyn Maher, Carlos Alazraqui",Adventure,DVD,tt1621039,
Hotel Transylvania,Genndy Tartakovsky,2012,"Adam Sandler, Andy Samberg, Selena Gomez, Kevin James, Fran Drescher, Steve Buscemi, Molly Shannon, David Spade, CeeLo Green, Jon Lovitz",Animation,Blu-ray,tt0837562,
Tangled,Nathan Greno,2010,"Mandy Moore, Zachary Levi, Donna Murphy, Ron Perlman, M.C. Gainey, Jeffrey Tambor, Brad Garrett, Paul F. Tompkins, Richard Kiel, Delaney Rose Stein",Animation,DVD,tt0398286,
Aliens in the Attic,John Schultz,2009,"Carter Jenkins, Austin Butler, Ashley Tisdale, Ashley Boettcher, Henri Young, Regan Young, Doris Roberts, Robert Hoffman, Kevin Nealon, Gillian Vigman",Adventure,DVD,tt0775552,
Monster House,Gil Kenan,2006,"Ryan Newman, Steve Buscemi, Mitchel Musso, Catherine O'Hara, Fred Willard, Sam Lerner, Woody Schultz, Ian McConnel, Maggie Gyllenhaal, Jason Lee",Animation,DVD,tt0385880,
Phineas and Ferb The Movie: Across the 2nd Dimension,Dan Povenmire,2011,"Dee Bradley Baker, Thomas Brodie-Sangster, Laura Dickinson, Bobby Gaylor, Kelly Hu, Tyler Alexander Mann, Jeff 'Swampy' Marsh, Vincent Martella, Isabella Murad, Mitchel Musso",Adventure,DVD,tt1825918,
Phineas And Ferb: The Perry Files: Animal Agents,Zac Moncrief,2007,"Vincent Martella, Thomas Brodie-Sangster, Ashley Tisdale, Dan Povenmire, Caroline Rhea, Alyson Stoner, Mitchel Musso, Maulik Pancholy, Dee Bradley Baker, Jeff 'Swampy' Marsh",Animation,DVD,tt0852863,
Arena,Jonah Loop,2011,"Kellan Lutz, James Remar, Beau Brasseaux, Mayra Leal, Vanessa Branch, Johnny Messner, Derek Mears, Monica Acosta, Grant Case, Marcelle Baer",Action,DVD,tt1117581,
Walking with Dinosaurs,Barry Cook,2013,"Charlie Rowe, Karl Urban, Angourie Rice, John Leguizamo, Justin Long, Skyler Stone, Tiya Sircar, Clay Savage, Jude Tinsely, Mary Mouser",,Blu-ray,tt1762399,no genre
Hoodwinked Too! Hood vs. Evil,Mike Disa,2011,"Glenn Close, Hayden Panettiere, Cheech Marin, Patrick Warburton, Joan Cusack, Bill Hader, David Ogden Stiers, Amy Poehler, Cory Edwards, Martin Short",Animation,DVD,tt0844993,
A Fistful of Dollars,Sergio Leone,1964,"Clint Eastwood, Marianne Koch, Gian Maria Volonté, Wolfgang Lukschy, Sieghardt Rupp, Joseph Egger, Antonio Prieto Puerto, José Calvo, Margarita Lozano, Daniel Martín",Action,DVD,tt0058461,
Immortals,Tarsem Singh,2011,"Henry Cavill, Mickey Rourke, Stephen Dorff, Freida Pinto, Luke Evans, John Hurt, Joseph Morgan, Anne Day-Jones, Greg Bryk, Alan Van Sprang",Action,Blu-ray,tt1253864,
Dragon Storm,Steven Feuerstein,2004,"Maxwell Caulfield, Angel Boris Reed, Woon Young Park, Richard Wharton, Tony Amendola, Iskra Angelova, John Hansson, Ivaylo Geraskov, Tyrone Pinkham, Jeff Rank",Action,DVD,tt0377808,
National Geographic Beyond the Movie: The Lord of the Rings - The Fellowship of the Ring,Lisa Kors,2001,"Phil Crowley, John Howe, Peter McHugh, Oliver Muirhead, Alan Lee, Billy Boyd, Dominic Monaghan, Sean Astin, Christopher Lee, John Garth",Documentary,DVD,tt0312999,
The World Is Not Enough,Michael Apted,1999,"Pierce Brosnan, Sophie Marceau, Robert Carlyle, Denise Richards, Robbie Coltrane, Judi Dench, Desmond Llewelyn, John Cleese, Maria Grazia Cucinotta, Samantha Bond",Action,DVD,tt0143145,
Killing Season / Red Lights,,,,,Blu-ray,tt0000000,no year; no director; no actors; no genre
Attica,Marvin J. Chomsky,1980,"Henry Darrow, Charles Durning, Joel Fabiani, Morgan Freeman, George Grizzard, David Harris, Roger E. Mosley, Arlen Dean Snyder, Glynn Turman, Anthony Zerbe",Drama,DVD,tt0080392,
Saw IV,Darren Lynn Bousman,2007,"Tobin Bell, Costas Mandylor, Scott Patterson, Betsy Russell, Lyriq Bent, Athena Karkanis, Justin Louis, Simon Reynolds, Donnie Wahlberg, Angus MacFadyen",Crime,DVD,tt0890870,
Saw VI,Kevin Greutert,2009,"Tobin Bell, Costas Mandylor, Mark Rolston, Betsy Russell, Shawnee Smith, Peter Outerbridge, Athena Karkanis, Samantha Lemole, Tanedra Howard, Marty Moreau",Horror,DVD,tt1233227,
Saw III,Darren Lynn Bousman,2006,"Tobin Bell, Shawnee Smith, Angus MacFadyen, Bahar Soomekh, Donnie Wahlberg, Dina Meyer, Leigh Whannell, Mpho Koaho, Barry Flatman, Lyriq Bent",Crime,DVD,tt0489270,
Crocodile Dundee / Crocodile Dundee II,Peter Faiman,1986,"Paul Hogan, Linda Kozlowski, John Meillon, David Gulpilil, Ritchie Singer, Maggie Blinco, Steve Rackman, Gerry Skilton, Terry Gill, Peter Turnbull",Action,DVD,tt0000000,
Top Gun,Tony Scott,1986,"Tom Cruise, Kelly McGillis, Val Kilmer, Anthony Edwards, Tom Skerritt, Michael Ironside, John Stockwell, Barry Tubb, Rick Rossovich, Tim Robbins",Action,DVD,tt0092099,
Annabelle Comes Home,Gary Dauberman,2019,"Patrick Wilson, Mckenna Grace, Vera Farmiga, Emily Brobst, Eddie J. Fernandez, Steve Coulter, Michael Cimino(VII), Bob Telford, Luca Luhan, Paul Dean",Horror,DVD,tt8350360,
Small Soldiers,Joe Dante,1998,"David Cross, Jay Mohr, Alexandra Wilson, Denis Leary, Gregory Smith, Dick Miller, Kirsten Dunst, Jacob Smith, Jonathan Bouck, Kevin Dunn",Adventure,DVD,tt0122718,
Saw V,David Hackl,2008,"Tobin Bell, Costas Mandylor, Scott Patterson, Betsy Russell, Julie Benz, Meagan Good, Mark Rolston, Carlo Rota, Greg Bryk, Laura Gordon",Horror,DVD,tt1132626,
The Fan,Tony Scott,1996,"Robert de Niro, Wesley Snipes, Ellen Barkin, John Leguizamo, Benicio Del Toro, Patti D'Arbanville, Chris Mulkey, Andrew J. Ferchland, Brandon Hammond, Charles Hallahan",Drama,DVD,tt0116277,
Stir of Echoes,David Koepp,1999,"Zachary David Cope, Kevin Bacon, Kathryn Erbe, Illeana Douglas, Kevin Dunn, Conor O'Farrell, Lusia Strus, Stephen Eugene Walker, Mary Kay Cook, Larry Neumann Jr.",Horror,DVD,tt0164181,
A Nightmare on Elm Street 2: Freddy's Revenge,Jack Sholder,1985,"Mark Patton, Kim Myers, Robert Rusler, Clu Gulager, Hope Lange, Marshall Bell, Melinda O. Fee, Tom McFadden, Sydney Walsh, Robert Englund",Action,DVD,tt0089686,
Battlefield Earth,Roger Christian,2000,"John Travolta, Barry Pepper, Forest Whitaker, Kim Coates, Sabine Karsenti, Michael Byrne, Christian Tessier, Sylvain Landry, Richard Tyson, Christopher Freeman",Action,DVD,tt0185183,
Dracula 2000,Patrick Lussier,2000,"Gerard Butler, Christopher Plummer, Jonny Lee Miller, Justine Waddell, Vitamin C, Jennifer Esposito, Omar Epps, Sean Patrick Thomas, Danny Masterson, Lochlyn Munro",Horror,DVD,tt0219653,
Dante's Peak,Roger Donaldson,1997,"Pierce Brosnan, Linda Hamilton, Jamie Renée Smith, Jeremy Foley, Elizabeth Hoffman, Charles Hallahan, Grant Heslov, Kirk Trutner, Arabella Field, Tzi Ma",Action,DVD,tt0118928,
Stealth,Rob Cohen,2005,"Josh Lucas, Jessica Biel, Jamie Foxx, Sam Shepard, Richard Roxburgh, Joe Morton, Ian Bliss, Ebon Moss-Bachrach, Michael Denkha, Rocky Helton",Action,DVD,tt0382992,
New Year's Eve,Garry Marshall,2011,"Michelle Pfeiffer, Zac Efron, Sarah Jessica Parker, Halle Berry, Jessica Biel, Robert de Niro, Ashton Kutcher, Chris 'Ludacris' Bridges, Katherine Heigl, Sofía Vergara",Comedy,,tt1598822,no medium
Wild Hogs,Walt Becker,2007,"Tim Allen, John Travolta, Martin Lawrence, William H. Macy, Ray Liotta, Marisa Tomei, Kevin Durand, M.C. Gainey, Jill Hennessy, Dominic Janes",Adventure,DVD,tt0486946,
American Beauty,Sam Mendes,1999,"Kevin Spacey, Annette Bening, Thora Birch, Wes Bentley, Mena Suvari, Chris Cooper, Peter Gallagher, Allison Janney, Scott Bakula, Sam Robards",Drama,DVD,tt0169547,
The Count of Monte Cristo,Kevin Reynolds,2002,"Jim Caviezel, Guy Pearce, Richard Harris, James Frain, Dagmara Dominczyk, Michael Wincott, Luis Guzmán, Christopher Adamson, JB Blanc, Guy Carleton",Action,DVD,tt0245844,
Erin Brockovich,Steven Soderbergh,2000,"Scarlett Pomers, Dawn Didawick, Julia Roberts, Tracey Walter, Peter Coyote, Michael Shamberg, Aaron Eckhart, Albert Finney, Valente Rodriguez, Conchata Ferrell",Drama,DVD,tt0195685,
The American President,Rob Reiner,1995,"Michael Douglas, Annette Bening, Martin Sheen, Michael J. Fox, Anna Deavere Smith, Samantha Mathis, Shawna Waldron, David Paymer, Anne Haney, Richard Dreyfuss",Comedy,DVD,tt0112346,
Transcendence,Wally Pfister,2014,"Johnny Depp, Rebecca Hall, Paul Bettany, Cillian Murphy, Kate Mara, Cole Hauser, Morgan Freeman, Clifton Collins Jr., Cory Hardrict, Falk Hentschel",Drama,DVD,tt2209764,
A Nightmare on Elm Street 3: Dream Warriors,Chuck Russell,1987,"Heather Langenkamp, Craig Wasson, Patricia Arquette, Robert Englund, Ken Sagoes, Rodney Eastman, Jennifer Rubin, Bradley Gregg, Ira Heiden, Laurence Fishburne",Action,DVD,tt0093629,
Won't Back Down,Daniel Barnz,2012,"Maggie Gyllenhaal, Viola Davis, Oscar Isaac, Holly Hunter, Rosie Perez, Emily Alyn Lind, Dante Brown, Lance Reddick, Ving Rhames, Bill Nunn",Drama,DVD,tt1870529,
Insomnia,Christopher Nolan,2002,"Al Pacino, Martin Donovan, Robin Williams, Oliver 'Ole' Zemen, Hilary Swank, Paul Dooley, Nicky Katt, Larry Holden, Jay Brazeau, Lorne Cardinal",Drama,DVD,tt0278504,
Over the Top,Menahem Golan,1987,"Randy Raney, Paolo Casella, Jack Wright, Sam Scarber, Richie Giachetti, Michael Fox, Ross St. Phillip, Seth Mitchell, Dale Benson, Joe Kiel",Action,DVD,tt0093692,
Murder at 1600,Dwight H. Little,1997,"Wesley Snipes, Diane Lane, Daniel Benzali, Dennis Miller, Alan Alda, Ronny Cox, Diane Baker, Tate Donovan, Harris Yulin, Tom Wright",Action,DVD,tt0119731,
Back to School,Alan Metter,1986,"Rodney Dangerfield, Sally Kellerman, Burt Young, Keith Gordon, Robert Downey Jr., Paxton Whitehead, Terry Farrell, M. Emmet Walsh, Sam Kinison, Robert Picardo",Comedy,DVD,tt0090685,
The Exorcist,William Friedkin,1973,"Jason Miller, Ellen Burstyn, Max Von Sydow, Lee J. Cobb, Kitty Winn, Jack MacGowran, Linda Blair, Reverend William O'Malley, Barton Heyman, Peter Masterson",Drama,DVD,tt0070047,
Saw,James Wan,2004,"Leigh Whannell, Cary Elwes, Danny Glover, Ken Leung, Dina Meyer, Mike Butters, Paul Gutrecht, Michael Emerson, Benito Martinez, Shawnee Smith",Horror,DVD,tt0387564,
Bring It On,Peyton Reed,2000,"Kirsten Dunst, Eliza Dushku, Jesse Bradford, Gabrielle Union, Clare Kramer, Nicole Bilderback, Tsianina Joelson, Rini Bell, Nathan West, Huntley Ritter",Comedy,DVD,tt0204946,
Absence Of Malice,Sydney Pollack,1981,"Paul Newman, Sally Field, Bob Balaban, Melinda Dillon, Luther Adler, Barry Primus, Josef Sommer, John Harkins, Don Hood, Wilford Brimley",Drama,DVD,tt0081974,
Beyond a Reasonable Doubt,Peter Hyams,2009,"Michael Douglas, Jesse Metcalfe, Amber Tamblyn, Orlando Jones, Joel Moore, Michael C. 'Mike' Allen, Tony Bentley, Lawrence P. Beron, David Born, Edrick Browne",Drama,DVD,tt1183251,
A Good Year,Ridley Scott,2006,"Freddie Highmore, Albert Finney, Russell Crowe, Rafe Spall, Archie Panjabi, Richard Coyle, Ben Righton, Patrick Kennedy, Ali Rhodes, Daniel Mays",Drama,DVD,tt0401445,
Heroes: Season 1,David Semel,2006,"Jack Coleman, Hayden Panettiere, Milo Ventimiglia, Masi Oka, Sendhil Ramamurthy, James Kyson-Lee, Adrian Pasdar, Zachary Quinto, Greg Grunberg, Ali Larter",Adventure,DVD,tt0813715,
Freedom Writers,Richard LaGravenese,2007,"Hilary Swank, Patrick Dempsey, Scott Glenn, Imelda Staunton, April L. Hernandez, Mario, Kristin Herrera, Jaclyn Ngan, Sergio Montalvo, Jason Finn",Crime,DVD,tt0463998,
300: Rise of an Empire,Noam Murro,2014,"Sullivan Stapleton, Eva Green, Lena Headey, Hans Matheson, Callan Mulvey, David Wenham, Rodrigo Santoro, Jack O'Connell, Andrew Tiernan, Yigal Naor",Action,DVD,tt1253863,
Adrift,Baltasar Kormákur,2018,"Shailene Woodley, Sam Claflin, Grace Palmer, Jeffrey Thomas, Elizabeth Hawthorne, Tami Ashcraft, Siale Tunoka, Zac Beresford, Luna Campbell, Kael Damlamian",Adventure,DVD,tt6306064,
Abduction,John Singleton,2011,"Jake Andolina, Oriah Acima Andrews, Ken Arnold, Maria Bello, Steve Blass, Derek Burnell, Benjamin J. Cain Jr., Holly Scott Cavanuagh, Radick Cembrzynski, Richard Cetrone",Action,DVD,tt1600195,
Beastly,Daniel Barnz,2011,"Alex Pettyfer, Justin Bradley, Mary-Kate Olsen, Dakota Johnson, Erik Knudsen, Vanessa Hudgens, Karl Graboshas, Peter Krause, Lisagay Hamilton, Jonathan Dubsky",Drama,DVD,tt1152398,
Days of Thunder,Tony Scott,1990,"Tom Cruise, Robert Duvall, Nicole Kidman, Randy Quaid, Cary Elwes, Michael Rooker, Fred Dalton Thompson, John C. Reilly, J.C. Quinn, Caroline Williams",Action,DVD,tt0099371,
Scent of a Woman,Martin Brest,1992,"Al Pacino, Chris O'Donnell, James Rebhorn, Gabrielle Anwar, Philip Seymour Hoffman, Richard Venture, Bradley Whitford, Rochelle Oliver, Margaret Eginton, Tom Riis Farrell",Drama,DVD,tt0105323,
City Slickers,Ron Underwood,1991,"Billy Crystal, Daniel Stern, Bruno Kirby, Patricia Wettig, Helen Slater, Jack Palance, Noble Willingham, Tracey Walter, Josh Mostel, David Paymer",Comedy,Blu-ray,tt0101587,
Gossip,Davis Guggenheim,2000,"James Marsden, Lena Headey, Norman Reedus, Kate Hudson, Eric Bogosian, Edward James Olmos, Joshua Jackson, Sharon Lawrence, Marisa Coughlan, Kwok-Wing Leung",Drama,DVD,tt0176783,
Yellowstone: The First Three Seasons,,2018,,,DVD,tt4236770,no director; no actors; no genre
Backdraft,Ron Howard,1991,"Kurt Russell, William Baldwin, Robert de Niro, Donald Sutherland, Jennifer Jason Leigh, Scott Glenn, Rebecca De Mornay, Jason Gedrick, J.T. Walsh, Anthony Mockus Sr.",Action,DVD,tt0101393,
Incredibles 2,Brad Bird,2018,"Craig T. Nelson, Holly Hunter, Sarah Vowell, Huck Milner, Catherine Keener, Eli Fucile, Bob Odenkirk, Samuel L. Jackson, Michael Bird, Sophia Bush",Action,DVD,tt3606756,
Gossip,Davis Guggenheim,2000,"James Marsden, Lena Headey, Norman Reedus, Kate Hudson, Eric Bogosian, Edward James Olmos, Joshua Jackson, Sharon Lawrence, Marisa Coughlan, Kwok-Wing Leung",Drama,DVD,tt0176783,
Close Encounters of the Third Kind,Steven Spielberg,1977,"Richard Dreyfuss, François Truffaut, Teri Garr, Melinda Dillon, Bob Balaban, J. Patrick McNamara, Warren J. Kemmerling, Roberts Blossom, Philip Dodds, Cary Guffey",Drama,Blu-ray,tt0075860,
Ocean's Eleven,Steven Soderbergh,2001,"George Clooney, Matt Damon, Andy Garcia, Brad Pitt, Julia Roberts, Casey Affleck, Scott Caan, Elliott Gould, Bernie Mac, Carl Reiner",Action,DVD,tt0240772,
No Reservations,Scott Hicks,2007,"Catherine Zeta-Jones, Aaron Eckhart, Abigail Breslin, Patricia Clarkson, Jenny Wade, Bob Balaban, Brían F. O'Byrne, Lily Rabe, Eric Silver, Arija Bareikis",Comedy,DVD,tt0481141,
Romeo Must Die,Andrzej Bartkowiak,2000,"Jet Li, Aaliyah, Isaiah Washington, Russell Wong, Delroy Lindo, D.B. Woodside, Henry O, Jon Kit Lee, Edoardo Ballerini, Anthony Anderson",Action,DVD,tt0165929,
Legends of the Fall,Edward Zwick,1994,"Brad Pitt, Anthony Hopkins, Aidan Quinn, Julia Ormond, Henry Thomas, Karina Lombard, Tantoo Cardinal, Gordon Tootoosis, Paul Desmond, Christina Pickles",Drama,DVD,tt0110322,
The Matrix Resurrections,Lana Wachowski,2021,"Keanu Reeves, Carrie-Anne Moss, Yahya Abdul-Mateen II, Jonathan Groff, Jessica Henwick, Neil Patrick Harris, Jada Pinkett Smith, Priyanka Chopra Jonas, Christina Ricci, Lambert Wilson",Action,DVD,tt10838180,
Dune,Denis Villeneuve,2021,"Timothée Chalamet, Rebecca Ferguson, Oscar Isaac, Jason Momoa, Stellan Skarsgård, Stephen McKinley Henderson, Josh Brolin, Javier Bardem, Sharon Duncan Brewster, Chang Chen (III)",Adventure,Blu-ray,tt1160419,
Ghostbusters: Afterlife,Jason Reitman,2021,"Carrie Coon, Paul Rudd, Finn Wolfhard, Mckenna Grace, Logan Kim, Celeste O'Connor, Bill Murray, Dan Aykroyd, Ernie Hudson, Annie Potts",Comedy,Blu-ray,tt4513678,
The 355,Simon Kinberg,2022,"Jessica Chastain, Penélope Cruz, Bingbing Fan, Diane Kruger, Lupita Nyong'o, Sebastian Stan, Edgar Ramírez, Jason Flemyng, Sylvester Groth, John Douglas Thompson",Action,DVD,tt8356942,
Deep Blue Sea: 3 Film Collection,,,,,DVD,tt0000000,no year; no director; no actors; no genre
Zombieland 2: Double Tap,Ruben Fleischer,2019,"Woody Harrelson, Avan Jogia, Rosario Dawson, Luke Wilson, Otis Winston, Emma Stone, Thomas Middleditch, Victor Rivera, Ian Gregg, Devin Mojica",Action,DVD,tt1560220,
Step Up 3,Jon M. Chu,2010,"Rick Malambri, Adam G. Sevani, Sharni Vinson, Alyson Stoner, Keith Stallworth, Kendra Andrews, Stephen Boss, Martín Lombard, Facundo Lombard, Oren Michaeli",Drama,DVD,tt1193631,
The Possession,Ole Bornedal,2012,"Jeffrey Dean Morgan, Kyra Sedgwick, Natasha Calis, Madison Davenport, Matisyahu, Grant Show, Rob LaBelle, Nana Gbewonyo, Anna Hagan, Brenda Crichlow",Horror,DVD,tt0431021,
Insidious,James Wan,2010,"Caslin Katsaros, Heather Tocquigny, Kelly Devoto, Lin Shaye, J. LaRose, Omar Apanco Salgado, Joseph Bishara, Jeannette Sousa, Josh Feldman, Patrick Wilson",Fantasy,DVD,tt1591095,
Final Destination 3,James Wong,2006,"Mary Elizabeth Winstead, Ryan Merriman, Kris Lemche, Alexz Johnson, Sam Easton, Jesse Moss, Gina Holden, Texas Battle, Chelan Simmons, Yan-Kay Crystal Lowe",Drama,DVD,tt0414982,
Honey,Bille Woodruff,2003,"Jessica Alba, Mekhi Phifer, Romeo Miller, Joy Bryant, David Moscow, Lonette McKee, Zachary Williams, Christian Monzon, Al Shearer, Jull Weber",Drama,DVD,tt0322589,
Jean-Claude Van Damme Triple Feature,,,,,DVD,tt0000000,no year; no director; no actors; no genre
Prisoners,Denis Villeneuve,2013,"Hugh Jackman, Jake Gyllenhaal, Viola Davis, Maria Bello, Terrence Howard, Melissa Leo, Paul Dano, Dylan Minnette, Zoe Borde, Erin Gerasimovich",Crime,DVD,tt1392214,
Chernobyl Diaries,,2012,"Ingrid Bolsø Berdal, Dimitri Diatchenko, Olivia Dudley, Devin Kelley, Jesse McCartney, Nathan Phillips, Jonathan Sadowski, Milos Timotijevic, Milutin Milosevic, Ivan Djordjevic",Horror,DVD,tt1991245,no director
The Raven,James McTeigue,2012,"John Cusack, Luke Evans, Alice Eve, Brendan Gleeson, Kevin McNally, Oliver Jackson-Cohen, Jimmy Yuill, Sam Hazeldine, Pam Ferris, Brendan Coyle",Mystery,DVD,tt1486192,
Instant Family,Sean Anders,2018,"Mark Wahlberg, Rose Byrne, Isabela Merced, Gustavo Quiroz, Julianna Gamiz, Octavia Spencer, Tig Notaro, Tom Segura, Allyn Rachel, Britt Rentschler",Comedy,DVD,tt7401588,
Something Borrowed,Luke Greenfield,2011,"Ginnifer Goodwin, Kate Hudson, Colin Egglesfield, John Krasinski, Steve Howey, Ashley Williams, Geoff Pierson, Jill Eikenberry, Jonathan Epstein, Leia Thompson",Comedy,DVD,tt0491152,
Don't Breathe,,2016,"Stephen Lang, Jane Levy, Dylan Minnette, Daniel Zovatto, Emma Bercovici, Franciska Töröcsik, Christian Zagia, Katia Bokor, Sergej Onopko, Olivia Gillies",Crime,DVD,tt4160708,no director
Death Squad,Alessandro Capone,2014,"Danny Glover, Daryl Hannah, Michael Madsen, Stephen Baldwin, Rutger Hauer, Neva Leoni, Kai Portman, Timothy Martin, Benjamin Stender, Maurizio Tesei",Action,DVD,tt3481210,
The Gift,Joel Edgerton,2015,"Jason Bateman, Rebecca Hall, Allison Tolman, Tim Griffin, Busy Philipps, Adam Lazarre-White, Beau Knapp, Wendell Pierce, Mirrah Foulkes",Mystery,DVD,tt4178092,
The Underneath,Steven Soderbergh,1995,"Peter Gallagher, Alison Elliott, William Fichtner, Adam Trese, Joe Don Baker, Paul Dooley, Shelley Duvall, Elisabeth Shue, Anjanette Comer, Dennis Hill",Crime,DVD,tt0114788,
Lemony Snicket's A Series of Unfortunate Events,Brad Silberling,2004,"Jim Carrey, Liam Aiken, Emily Browning, Kara Hoffman, Shelby Hoffman, Jude Law, Timothy Spall, Catherine O'Hara, Billy Connolly, Meryl Streep",Adventure,DVD,tt0339291,
Robin Hood: Prince of Thieves,Kevin Reynolds,1991,"Kevin Costner, Morgan Freeman, Mary Elizabeth Mastrantonio, Christian Slater, Alan Rickman, Geraldine McEwan, Michael McShane, Brian Blessed, Michael Wincott, Nick Brimble",Action,DVD,tt0102798,
Unknown,Jaume Collet-Serra,2011,"Liam Neeson, Diane Kruger, January Jones, Aidan Quinn, Bruno Ganz, Frank Langella, Sebastian Koch, Olivier Schneider, Stipe Erceg, Rainer Bock",Drama,DVD,tt1401152,
Alice,Nick Willing,2009,"Caterina Scorsone, Andrew Lee Potts, Matt Frewer, Philip Winchester, Tim Curry, Harry Dean Stanton, Timothy Webber, Zak Santiago, Charlotte Sullivan, Colm Meaney",Adventure,DVD,tt1461312,
Cirque du Freak: The Vampire's Assistant,Paul Weitz,2009,"John C. Reilly, Josh Hutcherson, Chris Massoglia, Jessica Carlson, Michael Cerveris, Ray Stevenson, Patrick Fugit, Morgan Saylor, Don Mcmanus, Colleen Camp",Action,DVD,tt0450405,
Unfriended,Levan Gabriadze,2014,"Heather Sossaman, Matthew Bohrer, Courtney Halverson, Shelley Hennig, Moses Storm, Will Peltz, Renee Olstead, Jacob Wysocki, Mickey River, Cal Barnes",Action,DVD,tt3713166,
Kung Fu Panda,John Stevenson,2008,"Jack Black, Dustin Hoffman, Angelina Jolie, Ian McShane, Jackie Chan, Seth Rogen, Lucy Liu, David Cross, Randall Duk Kim, James Hong",Action,DVD,tt0441773,
13 Going on 30,Gary Winick,2004,"Jennifer Garner, Mark Ruffalo, Judy Greer, Andy Serkis, Kathy Baker, Phil Reeves, Sam Ball, Marcia DeBonis, Christa B. Allen, Sean Marquette",Comedy,DVD,tt0337563,
Cyberbully,Charles Binamé,2011,"Emily Osment, Kay Panabaker, Meaghan Rath, Kelly Rowan, Jon McLaren, Robert Naylor, Nastassia Markiewicz, Jade Hassouné, Caroline Redekopp, Ivan Smith",Drama,DVD,tt1930315,
Footloose,Craig Brewer,2011,"Kenny Wormald, Julianne Hough, Dennis Quaid, Andie MacDowell, Miles Teller, Ray McKinnon, Patrick John Flueger, Kim Dickens, Ziah Colon, Ser'Darius Blain",Comedy,DVD,tt1068242,
12 Movie Action Pack,,,,,DVD,tt0000000,no year; no director; no actors; no genre
Fred Claus,David Dobkin,2007,"Vince Vaughn, Paul Giamatti, John Michael Higgins, Miranda Richardson, Rachel Weisz, Kathy Bates, Trevor Peacock, Ludacris, Elizabeth Banks, Christian Hansen",Comedy,DVD,tt0486583,
Air Buddies,Robert Vince,2006,"Slade Pearce, Trevor Wright, Abigail Breslin, Christian Pikes, Dominic Scott Kay, Paul Rae, Michael Clarke Duncan, Don Knotts, Cascy Beddow, Patrick Cranshaw",Comedy,DVD,tt0470982,
Left Behind: The Movie,Vic Sarin,2000,"Kirk Cameron, Brad Johnson, Janaya Stephens, Clarence Gilyard Jr., Colin Fox, Gordon Currie, Chelsea Noble, Daniel Pilon, Tony De Santis, Jack Langedijk",Drama,DVD,tt0190524,
Rango,Gore Verbinski,2011,"Johnny Depp, Isla Fisher, Abigail Breslin, Ned Beatty, Alfred Molina, Bill Nighy, Stephen Root, Harry Dean Stanton, Timothy Olyphant, Ray Winstone",Adventure,DVD,tt1192628,
Lilo & Stitch 2: Stitch Has a Glitch,Michael LaBash,2005,"Chris Sanders, Dakota Fanning, Tia Carrere, David Ogden Stiers, Kevin McDonald, Kunewa Mook, Jason Scott Lee, William J. Caparella, Holliston Coleman, Matt Corboy",Animation,DVD,tt0457993,
"Pacifier, The",Adam Shankman,2005,"Vin Diesel, Lauren Graham, Faith Ford, Brittany Snow, Max Thieriot, Chris Potter, Carol Kane, Brad Garrett, Morgan York, Kegan Hoover",Action,DVD,tt0395699,
GoodFellas,Martin Scorsese,1990,"Robert de Niro, Paul Herman, Joe Pesci, Frank Sivero, Frank Adonis, Ray Liotta, Mike Starr, Kevin Corrigan, Samuel L. Jackson, Lorraine Bracco",Action,DVD,tt0099685,
The Breakfast Club,John Hughes,1985,"Emilio Estevez, Anthony Michael Hall, Judd Nelson, Molly Ringwald, Ally Sheedy, Paul Gleason, John Kapelos, Ron Dean, Tim Gamble, Mercedes Hall",Drama,DVD,tt0088847,
Men of Honor,George Tillman Jr.,2000,"Robert de Niro, Cuba Gooding Jr., Charlize Theron, Aunjanue Ellis, Hal Holbrook, Michael Rapaport, Powers Boothe, David Keith, Holt McCallany, David Conrad",Drama,DVD,tt0203019,
The Age of Adaline,Lee Toland Krieger,2015,"Blake Lively, Michiel Huisman, Harrison Ford, Ellen Burstyn, Kathy Baker, Amanda Crew, Lynda Boyd, Hugh Ross, Richard Harmon, Fulvio Cecere",Drama,DVD,tt1655441,
Larry the Cable Guy - Git-R-Done,Michael Drumm,2003,Larry The Cable Guy,Comedy,DVD,tt0497633,
The Call,Brad Anderson,2013,"Halle Berry, Abigail Breslin, Morris Chestnut, Michael Eklund, David Otunga, Michael Imperioli, Justina Machado, José Zúñiga, Roma Maffia, Evie Thompson",Suspense/Thriller,DVD,tt1911644,
The International,Tom Tykwer,2009,"Clive Owen, Naomi Watts, Armin Mueller-Stahl, Ulrich Thomsen, Brian F. O'Byrne, Michel Voletti, Patrick Baladi, Jay Villiers, Fabrice Scott, Haluk Bilginer",Crime,DVD,tt0963178,
Underdog,Frederik Du Chau,2007,"Jason Lee, Peter Dinklage, James Belushi, Patrick Warburton, Alex Neuberger, Taylor Momsen, Amy Adams, John Slattery, Brad Garrett, Samantha Bee",Action,DVD,tt0467110,
Monte Carlo,Thomas Bezucha,2011,"Selena Gomez, Katie Cassidy, Leighton Meester, Cory Monteith, Andie MacDowell, Brett Cullen, Amanda Fairbank-Hynes, Joe Camp III, Luke Bracey, Valérie Lemercier",Adventure,DVD,tt1067774,
Hard to Kill,Bruce Malmuth,1990,"Steven Seagal, Kelly LeBrock, William Sadler, Frederick Coffin, Bonnie Burroughs, Andrew Bloch, Branscombe Richmond, Charles Boswell, Zachary Rosencrantz, Lou Beatty Jr.",Action,DVD,tt0099739,
Poltergeist,Gil Kenan,2015,"Sam Rockwell, Rosemarie DeWitt, Saxon Sharbino, Kyle Catlett, Kennedi Clements, Jared Harris, Jane Adams, Susan Heyward, Nicholas Braun, Karen Ivany",Horror,DVD,tt1029360,
The Giver,Phillip Noyce,2014,"Jeff Bridges, Meryl Streep, Brenton Thwaites, Alexander Skarsgård, Katie Holmes, Odeya Rush, Cameron Monaghan, Taylor Swift, Emma Tremblay, Alexander Jillings",Drama,DVD,tt0435651,
The Roommate,Christian E. Christiansen,2011,"Leighton Meester, Shirley Norris, Nick Bylsma, Minka Kelly, Chris Bylsma, Cam Gigandet, Lauren Alfano, Aly Michalka, Danneel Ackles, Frances Fisher",Drama,DVD,tt1265990,
Fat Albert,Joel Zwick,2004,"Kenan Thompson, Kyla Pratt, Dania Ramirez, Shedrack Anderson III, Aaron Frazier, Marques Houston, Alphonso McAuley, Keith Robinson, Jermaine Williams, Aaron Carter",Comedy,DVD,tt0396592,
Red Riding Hood,Catherine Hardwicke,2011,"Amanda Seyfried, Gary Oldman, Billy Burke, Shiloh Fernandez, Max Irons, Virginia Madsen, Lukas Haas, Julie Christie, Shauna Kain, Michael Hogan",Fantasy,DVD,tt1486185,
Petticoat Junction,,2003,"Edgar Buchanan, Linda Henning, Bea Benaderet, Lori Saunders, Mike Minor, Meredith MacRae, Jeannine Riley, Pat Woodell, June Lockhart, Smiley Burnette",Comedy,DVD,tt0056780,no director
Dolphin Tale,Charles Martin Smith,2011,"Harry Connick Jr., Ashley Judd, Nathan Gamble, Kris Kristofferson, Cozi Zuehlsdorff, Morgan Freeman, Austin Stowell, Frances Sternhagen, Austin Highsmith, Betzaida Landín",Drama,DVD,tt1564349,
Dr. Seuss' The Cat in the Hat,Bo Welch,2003,"Mike Myers, Alec Baldwin, Kelly Preston, Dakota Fanning, Spencer Breslin, Amy Hill, Sean P. Hayes, Danielle Chuchran, Taylor Rice, Brittany Oaks",Adventure,DVD,tt0312528,
The Mortal Instruments: City of Bones,Harald Zwart,2013,"Jerry A. Ziler, Melantha Blackthorne, Matthew MacCallum, Pedro Miguel Arce, CCH Pounder, Gregory Terlecki, Kevin Durand, Stephen R. Hart, Jonathan Rhys Meyers, Robert Maillet",Action,DVD,tt1538403,
Love & Other Drugs,Edward Zwick,2010,"Jake Gyllenhaal, Anne Hathaway, Oliver Platt, Hank Azaria, Josh Gad, Gabriel Macht, Judy Greer, George Segal, Jill Clayburgh, Kate Jennings Grant",Comedy,DVD,tt0758752,
Chronicle,Josh Trank,2012,"Dane DeHaan, Alex Russell, Michael B. Jordan, Michael Kelly (V), Ashley Hinshaw, Bo Petersen, Anna Wood, Rudi Malcolm, Luke Tyler, Crystal-Donna Roberts",Action,DVD,tt1706593,
Dark Places,Gilles Paquet-Brenner,2015,"Charlize Theron, Sterling Jerins, Nicholas Hoult, Christina Hendricks, Corey Stoll, Tye Sheridan, Andrea Roth, Chloë Grace Moretz, Sean Bridgers, J. LaRose",Mystery,DVD,tt2402101,
Pink Floyd: The Wall,Alan Parker,1982,"Bob Geldof, Christine Hargreaves, James Laurenson, Eleanor David, Kevin McKeon, Bob Hoskins, David Bingham, Jenny Wright, Alex McAvoy, Ellis Dale",Animation,DVD,tt0084503,
Journey to the Center of the Earth,Eric Brevig,2008,"Garth Gilker, Brendan Fraser, Josh Hutcherson, Anita Briem, Seth Meyers, Jean Michel Paré, Jane Wheeler, Frank Fontaine, Giancarlo Caltabiano, Kaniehtiio Horn",Action,DVD,tt0373051,
The Covenant,Renny Harlin,2006,"Steven Strait, Laura Ramsey, Sebastian Stan, Taylor Kitsch, Chace Crawford, Toby Hemingway, Jessica Lucas, Kyle Schmid, Wendy Crewson, Stephen McHattie",Action,DVD,tt0475944,
My Week With Marilyn,Simon Curtis,2011,"Michelle Williams, Eddie Redmayne, Julia Ormond, Kenneth Branagh, Pip Torrens, Geraldine Somerville, Michael Kitchen, Miranda Raison, Karl Moffatt, Simon Russell Beale",Drama,DVD,tt1655420,
15 Minutes,John Herzfeld,2001,"Robert de Niro, Edward Burns, Kelsey Grammer, Avery Brooks, Melina Kanakaredes",Crime,DVD,tt0179626,
The Tall Man,Pascal Laugier,2012,"Jessica Biel, Jodelle Ferland, Stephen McHattie, William B. Davis, Samantha Ferris, Colleen Wheeler, Eve Harlow, Janet Wright, Ferne Downey, John Mann",Horror,DVD,tt1658837,
Tower Heist,Brett Ratner,2011,"Ben Stiller, Casey Affleck, Eddie Murphy, Michael Peña, Alan Alda, Matthew Broderick, Stephen Henderson, Téa Leoni, Clem Cheung, Gabourey Sidibe",Action,DVD,tt0471042,
What a Girl Wants,Dennie Gordon,2003,"Kelly Preston, Soleil McGhee, Colin Firth, Eileen Atkins, Jonathan Pryce, Peter Reeves, James Greene, Amanda Bynes, Steven Osborne, Mike Toller",Comedy,DVD,tt0286788,
Mamma Mia!,Phyllida Lloyd,2008,"Amanda Seyfried, Stellan Skarsgård, Pierce Brosnan, Nancy Baldwin, Colin Firth, Heather Emmanuel, Colin Davis, Rachel McDowall, Ashley Lilley, Meryl Streep",Comedy,DVD,tt0795421,
The Butterfly Effect,Eric Bress,2004,"Ashton Kutcher, Melora Walters, Amy Smart, Elden Henson, William Lee Scott, John Patrick Amedori, Irina Gorovaia, Kevin G. Schmidt, Jesse James, Logan Lerman",Drama,DVD,tt0289879,
Scooby-Doo,Raja Gosnell,2002,"Freddie Prinze Jr., Sarah Michelle Gellar, Matthew Lillard, Linda Cardellini, Rowan Atkinson, Isla Fisher, Miguel A. Núñez Jr., Steven Grives, Charles Stan Frazier, Craig Bullock",Adventure,DVD,tt0267913,
Scooby-Doo 2: Monsters Unleashed,Raja Gosnell,2004,"Nadia Shepherd, Kwesi Ameyaw, Ted Kozma, Dion Howell, Temi Tayo Aisida, John Paul Horsley, Everick Golding, Aaron Clyke, Karen Holness, Doron Bell",Adventure,DVD,tt0331632,
Letters to Juliet / What to Expect When You're Expecting,,,,,DVD,tt0000000,no year; no director; no actors; no genre
Madagascar 3: Europe's Most Wanted,Eric Darnell,2012,"Ben Stiller, Chris Rock, David Schwimmer, Jada Pinkett Smith, Sacha Baron Cohen, Cedric The Entertainer, Andy Richter, Tom McGrath, Frances McDormand, Jessica Chastain",Adventure,DVD,tt1277953,
The Final Destination,David R. Ellis,2009,"Bobby Campo, Shantel VanSanten, Nick Zano, Haley Webb, Mykelti Williamson, Krista Allen, Andrew Fiscella, Justin Welborn, Stephanie Honore, Lara Grice",Horror,DVD,tt1144884,
My Bloody Valentine 3D,Patrick Lussier,2009,"Jensen Ackles, Jaime King, Kerr Smith, Betsy Rue, Edi Gathegi, Tom Atkins, Kevin Tighe, Megan Boone, Karen Baum, Joy de la Paz",Crime,DVD,tt1179891,
Kung Fu Panda: Secrets of the Masters,Anthony Leondis,2011,"Todd Berger, Jack Black, David Cowgill, Donald Fullilove, Dennis Haysbert, Dustin Hoffman, Joseph Izzo, Angelina Jolie, Randall Duk Kim, Paul McEvoy",Animation,DVD,tt1980162,
"Simple Favor, A",Paul Feig,2018,"Anna Kendrick, Blake Lively, Henry Golding, Andrew Rannells, Ian Ho, Joshua Satine, Glenda Braganza, Kelly McCormack, Aparna Nancherla, Jiah Mavji",Comedy,DVD,tt7040874,
Footloose,Herbert Ross,1984,"Kevin Bacon, Lori Singer, John Lithgow, Dianne Wiest, Chris Penn, Sarah Jessica Parker, John Laughlin, Elizabeth Gorcey, Frances Lee McCain, Jim Youngs",Drama,DVD,tt0087277,
Surf's Up,Ash Brannon,2007,"Danny Mann, Mickie McGowan, Alec Medlock, Laraine Newman, Jan Rabson, Meagan Moore, Marisa Theodore, Crawford Wilson, Jacob Zachar, Shia LaBeouf",Animation,DVD,tt0423294,
The Perks of Being a Wallflower,Stephen Chbosky,2012,"Emma Watson, Logan Lerman, Ezra Miller, Nina Dobrev, Dylan McDermott, Kate Walsh, Patrick de Ledebur, Johnny Simmons, Brian Balzerini, Tom Kruszewski",Drama,DVD,tt1659337,
Grilled,Jason Ensler,2006,"Ray Romano, Kevin James, Sofía Vergara, Juliette Lewis, Kim Coates, Burt Reynolds, Michael Rapaport, Eric Allan Kramer, Barry Newman, Jack Kehler",Comedy,DVD,tt0409043,
Pathology,Marc Schoelermann,2008,"Milo Ventimiglia, Michael Weston, Alyssa Milano, Lauren Lee Smith, Johnny Whitworth, John de Lancie, Mei Melançon, Keir O'Donnell, Buddy Lewis, Dan Callahan",Crime,DVD,tt0964539,
Little Fockers,Paul Weitz,2010,"Robert de Niro, Ben Stiller, Owen Wilson, Dustin Hoffman, Barbra Streisand, Blythe Danner, Teri Polo, Jessica Alba, Laura Dern, Kevin Hart",Comedy,DVD,tt0970866,
Hotel for Dogs,Thor Freudenthal,2009,"Emma Roberts, Jake T. Austin, Don Cheadle, Johnny Simmons, Kyla Pratt, Troy Gentile, Lisa Kudrow, Kevin Dillon, Ajay Naidu, Eric Edelstein",Comedy,DVD,tt0785006,
Charlie and the Chocolate Factory,Tim Burton,2005,"Todd Boyce, Nayef Rashed, Menis Yousry, Harry Taylor, Hubertus Geller, Francesca Hunt, Garrick Hagon, Kevin Eldon, Mark Heap, Roger Frost",Comedy,DVD,tt0367594,
Jeff Dunham: Arguing with Myself,Manny Rodriguez,2005,"Jeff Dunham, Mary Donaldson, Dave Harrison, Mark Coelho",Comedy,DVD,tt0806102,
Tooth Fairy (Rental Ready),Michael Lembeck,2010,"Dwayne Johnson, Ashley Judd, Stephen Merchant, Ryan Sheckler, Seth MacFarlane, Julie Andrews, Chase Ellison, Destiny Whitlock, Brandon T. Jackson, Dan Joffre",Comedy,DVD,tt0808510,
Young Ones,Jake Paltrow,2014,"Michael Shannon, Nicholas Hoult, Elle Fanning, Kodi Smit-McPhee, Robert Hobbs, David Butler, Aimee Mullins, Christy Pankhurst, Alex McGregor, David Clatworthy",Action,DVD,tt2693664,
Wrong Turn 4: Bloody Beginnings,,2011,"Sean Skene, Blane Cypurda, Dan Skene, Tristan Carlucci, Scott Johnson, Bryan Verot, Jennifer Pudavick, Tenika Davis, Kaitlyn Wong, Terra Vnesa",Action,DVD,tt1865567,no director
Summoned,Peter Sullivan,2013,"Cuba Gooding Jr., Ashley Scott, Bailey Chase, James Hong, Tichina Arnold, Amanda Perez, Tim Abell, Scott Whyte, Annie Little, Mark DeCarlo",Horror,DVD,tt2429870,
Fright Night,Craig Gillespie,2011,"Anton Yelchin, Colin Farrell, Toni Collette, David Tennant, Imogen Poots, Christopher Mintz-Plasse, Dave Franco, Reid Ewing, Will Denton, Sandra Vergara",Comedy,DVD,tt1438176,
Schindler's List,Steven Spielberg,1993,"Liam Neeson, Ben Kingsley, Ralph Fiennes, Caroline Goodall, Jonathan Sagall, Embeth Davidtz, Malgorzata Gebel, Mark Ivanir, Béatrice Macola, Andrzej Seweryn",Drama,DVD,tt0108052,
Reggie Dabbs - Live-in the City DVD,,,,,DVD,,no IMDb ID; no year; no director; no actors; no genre
Battleline: Pearl Harbor,,,,,DVD,,no IMDb ID; no year; no director; no actors; no genre
Endless Love,Shana Feste,2014,"Alex Pettyfer, Andrew Masset, Dan Triandiflou, Lisa M. Barfield, Ryan Lewis, Gabriella Wilde, Bruce Greenwood, Joely Richardson, Robert Patrick, Rhys Wakefield",Drama,,tt2318092,no medium
Beyond Obsession / Death Sentence / The Firing Line,,,,,DVD,,no IMDb ID; no year; no director; no actors; no genre
Bumblebee,Travis Knight,2018,"Nick Pilla, Paul Black, Natalie Conneely, Logan Fromme, Logan Hunt, Damon Hoffman, Jeff Redlick, Agustin Reiter, Rick Richardson, Christopher Mark Rodriguez",Action,DVD,tt4701182,
Demolition,Jean-Marc Vallée,2015,"Jake Gyllenhaal, Naomi Watts, Chris Cooper, Judah Lewis, C.J. Wilson, Polly Draper, Malachy Cleary, Debra Monk, Heather Lind, Wass Stevens",Comedy,DVD,tt1172049,
Hook / Indian In The Cupboard,,2008,,Action,DVD,tt0000000,no director; no actors
The Host,Andrew Niccol,2013,"Rachel Roberts, Shyaam Karra, Brent Wendell Williams, Jhil McEntyre, Jalen Coleman, Saoirse Ronan, Diane Kruger, Stephen Rider, Jaylen Moore, Stephen Conroy",Action,Blu-ray,tt1517260,
Draft Day,Ivan Reitman,2014,"Chris Berman, Dave Donaldson, Patrick St. Esprit, Chi McBride, Mel Kiper, Jon Gruden, Kevin Costner, Deion Sanders, Mike Mayock, Jennifer Garner",Drama,DVD,tt2223990,
Scorpion King,Chuck Russell,2002,"Dwayne Johnson, Steven Brand, Michael Clarke Duncan, Kelly Hu, Bernard Hill, Grant Heslov, Peter Facinelli, Ralf Moeller, Branscombe Richmond, Roger Rees",Action,DVD,tt0277296,
She's the Man,Andy Fickman,2006,"Amanda Bynes, Channing Tatum, Laura Ramsey, Vinnie Jones, David Cross, Julie Hagerty, Robert Hoffman, Alexandra Breckenridge, Jonathan Sadowski, Amanda Crew",Comedy,DVD,tt0454945,
Eliza's Horoscope,Gordon Sheppard,1975,"Elizabeth Moorman, Tommy Lee Jones, Rose Quong, Pierre Byland, Marcel Sabourin, Richard Manuel, Thérèse Curotte, Alanis Obomsawin, Chester Goodleaf, Kevin Horn",Drama,DVD,tt0065685,
"Cartoon Craze Presents Casper and Friends: Spooking About Africa, Vol. 6 (with 8 Episodes)",,,,,DVD,tt0037582,no year; no director; no actors; no genre
Porky Pig: Porky’s Café,Chuck Jones,1943,"Mel Blanc, Friz Freling, Hugh Harman, Robert Clampet, Rollin Hamilton, Rudolf Ising, Thomas McKimson, Don Christensen, Melvin Millar, Michael Maltese",Animation,DVD,tt0035202,
Enemy at the Gates,Jean-Jacques Annaud,2001,"Jude Law, Ed Harris, Rachel Weisz, Joseph Fiennes, Bob Hoskins, Ron Perlman, Eva Mattes, Gabriel Thomson, Matthias Habich, Sophie Rois",Drama,DVD,tt0215750,
Bubble Boy,Blair Hayes,2001,"Jake Gyllenhaal, Swoosie Kurtz, Marley Shelton, Danny Trejo, John Carroll Lynch, Verne Troyer, Dave Sheridan, Brian George, Patrick Cranshaw, Stephen Spinella",Comedy,DVD,tt0258470,
Bubble Boy,Blair Hayes,2001,"Jake Gyllenhaal, Swoosie Kurtz, Marley Shelton, Danny Trejo, John Carroll Lynch, Verne Troyer, Dave Sheridan, Brian George, Patrick Cranshaw, Stephen Spinella",Adventure,DVD,tt0258470,
The Original Christmas Classics,,,,,Blu-ray,tt0000000,no year; no director; no actors; no genre
Santa Claus is Comin' to Town,Jules Bass,1970,"Fred Astaire, Mickey Rooney, Keenan Wynn, Paul Frees, Joan Gardner, Robie Lester, Andrea Sacino, Dina Lynn, Gary White, Greg Thomas",Animation,Blu-ray,tt0066327,
"Rudolph, the Red-Nosed Reindeer",Larry Roemer,1964,"Burl Ives, Billie Mae Richards, Paul Soles, Larry D. Mann, Stan Francis, Paul Kligman, Janis Orenstein, Alfie Scopp, Carl Banas, Corinne Conley",Animation,Blu-ray,tt0058536,
Frosty the Snowman,Jules Bass,1969,"Jimmy Durante, Billy De Wolfe, Jackie Vernon, Paul Frees, June Foray, Arthur Rankin Jr., Romeo Muller",Animation,Blu-ray,tt0064349,
The Little Drummer Boy,Jules Bass,1968,"José Ferrer, Paul Frees, June Foray, Ted Eccles, Greer Garson, Wiener Sängerknaben, Arthur Rankin Jr., Takeya Nakamura, Romeo Muller",Animation,Blu-ray,tt0063230,
Mister Magoo's Christmas Carol,Abe Levitow,1962,"Jim Backus, Morey Amsterdam, Jack Cassidy, Royal Dano, Paul Frees, Joan Gardner, John Hart, Jane Kean, Marie Matthews, Laura Olsher",Animation,Blu-ray,tt0123179,
Cricket on the Hearth,Jules Bass,1967,"Danny Thomas, Marlo Thomas, Hans Conried, Paul Frees, Roddy McDowall, Ed Ames, Abbe Lane, The Norman Luboff Choir, Arthur Rankin Jr., Charles Dickens",Animation,Blu-ray,tt0387954,
Frosty Returns,Evert Brown,1992,"Jonathan Winters, Jan Hooks, Andrea Martin, Brian Doyle-Murray, Elisabeth Moss, Michael Patrick Carter, John Goodman, Steve Stoliar, Phillip Glasser, Gail Lynch",Animation,Blu-ray,tt0106973,
Meet the Robinsons,Stephen J. Anderson,2007,"Tracey Miller-Zarneke, Wesley Singerman, Jessie Flower, Ethan Sandler, Harland Williams, Nathan Greno, Kelly Hoover, Adam West, Nicole Sullivan, Jon Bernstein",Adventure,DVD,tt0396555,
The Smurfs: True Blue Friends - Volume 1,,1981,,,DVD,tt0081933,no director; no actors; no genre
Paper Towns,Jake Schreier,2015,"Nat Wolff, Cara Delevingne, Austin Abrams, Justice Smith, Halston Sage, Jaz Sinclair, Cara Buono, Josiah Cerio, Hannah Alligood, Meg Crosbie",Drama,DVD,tt3622592,
"Body ,The",Jonas McCord,2001,"Antonio Banderas, Olivia Williams, John Shrapnel, Derek Jacobi, Jason Flemyng, Lillian Lux, John Wood, Makram Khoury, Vernon Dobtcheff, Ian McNeice",Drama,DVD,tt0201485,
Species III,Brad Turner,2004,"Robin Dunne, Billy Bacon, Jim Cody Williams, Mark Zecca, Sean Ching, Dan Wells, Frank Crim, Christopher R. Gillum, Rick Dean, Rob Hinderstein",Horror,DVD,tt0410650,
Lady in the Water,M. Night Shyamalan,2006,"Paul Giamatti, Bryce Dallas Howard, Jeffrey Wright, Bob Balaban, Sarita Choudhury, Cindy Cheung, Freddy Rodríguez, Bill Irwin, Mary Beth Hurt",Fantasy,DVD,tt0452637,
The Assignment,Walter Hill,2016,"Michelle Rodriguez, Tony Shalhoub, Anthony LaPaglia, Caitlin Gerard, Ken Kirzinger, Darryl Quon, Brent Langdon, Sigourney Weaver, Caroline Chan, Adrian Hough",Action,DVD,tt5034474,
Welcome To Mooseport,Donald Petrie,2004,"Gene Hackman, Ray Romano, Marcia Gay Harden, Maura Tierney, Christine Baranski, Fred Savage, Rip Torn, June Squibb, Wayne Robson, John Rothman",Comedy,DVD,tt0361925,
Family Collection,,,,,DVD,tt0000000,no year; no director; no actors; no genre
Shapeshifter,Philippe Browning,1999,"Paul Nolan, Bill MacDonald, Catherine Blythe, Emmanuelle Vaugier, Theodor Danetti, Serban Celea, George Ilie, Andrei Finti, Marioara Sterian, Mihai Dinvale",Adventure,DVD,tt0202586,
The Shrunken City,Ted Nicolaou,1998,"Michael Malota, Agnes Bruckner, Jules Mandel, Steve Valentine, Ray Laska, Dorina Lazar, Christopher Landry, Lula Malota, Andreea Macelaru, Ion Haiduc",Adventure,DVD,tt0156075,
Jacob Two Two Meets the Hooded Fang,George Bloomfield,1999,"Gary Busey, Mark McKinney, Miranda Richardson, Max Morrow, Ice-T, Maury Chaykin, Joe Dinicol, Alison Pill, Emma Bambrick, Jake Goldsbie",Family,DVD,tt0163016,
The Boy With the X-Ray Eyes,Jeff Burr,1999,"Bryan Neal, Dara Hollingsworth, Dennis Haskins, Eric Jungmann, Dan Zukovic, Andrew Prine, Timothy Bottoms, Julian Swan, Alex Shiglie, Dan Fintescu",Adventure,DVD,tt0204174,
Earth Minus Zero,Joey Travolta,1996,"Pat Morita, Marcia Strassman, Brock Pierce, Sam J. Jones, Rhonda Shear, Don Stark, Dan McGee, Scott Carr, David E. Ornston, Nur Kahn",Comedy,DVD,tt0142256,
Dumb Luck,Craig Clyde,2003,"Scott Baio, Tracy Nelson, Richard Moll, Hal Linden, Bobby Edner, Joey Miyashima, Todd Bridges, Eileen Brennan, Dustin Breau, Scott Subiono",Comedy,DVD,tt0264559,
The Secret Kingdom,David Schmoeller,1998,"Billy O'Sullivan, Andrew Ducote, Samantha Tabak, Gerald S. O'Loughlin, Jamieson Price, Andreea Macelaru, Florin Chiriac, Constantin Barbulescu, Bogdan Voda, Eugen Cristea",Adventure,DVD,tt0144596,
Phantom Town,Jeff Burr,1999,"John Patrick White, Taylor Locke, Lauren Summers, Jim Metzler, Belinda Montgomery, Gabriel Spahiu, Jimmy Herman, Iuliana Ciugulea, Dan Badarau, Neal Marshall Stevens",Horror,DVD,tt0197765,
Vehicle 19,Mukunda Michael Dewil,2013,"Paul Walker, Naima McLean, Gys De Villiers, Leyla Haidarian, Tshepo Maseko, Andrian Mazive, Welile Nzuza, Mangaliso Ngema, Ernest Kubayi, Elize Van Niekerk",Suspense/Thriller,DVD,tt1911662,
The Land Before Time: The Big Freeze,Charles Grosvenor,2001,"John Ingle, Aria Noelle Curzon, Rob Paulsen, Thomas Dekker, Anndi McAfee, Jeff Bennett, Tress MacNeille, Susan Krebs, Jeremy Suarez, Kenneth Mars",Animation,DVD,tt0301526,
Ratatouille,Brad Bird,2007,"Patton Oswalt, Ian Holm, Lou Romano, Brian Dennehy, Peter Sohn, Peter O'Toole, Brad Garrett, Janeane Garofalo, Will Arnett, Julius Callahan",Animation,DVD,tt0382932,
Collateral,Michael Mann,2004,"Tom Cruise, Jamie Foxx, Jada Pinkett Smith, Mark Ruffalo, Peter Berg, Bruce McGill, Irma P. Hall, Barry Shabaka Henley, Richard T. Jones, Klea Scott",Crime,DVD,tt0369339,
Blood Moon,,2001,"Shelby Fenner, Shawn Ashmore, Tony Denman, Nate Dushku, Dov Tiefenbach, Marcel Ungureanu, Ion Paliu, Eduard Paliu, Gheorghe Iordache, Ilie Georgica Paliu",Drama,DVD,tt0265752,no director
It,Tommy Lee Wallace,1990,"Harry Anderson, Dennis Christopher, Richard Masur, Annette O'Toole, Tim Reid, Jonathan Brandis, Brandon Crane, John Ritter, Richard Thomas, Adam Faraizl",Drama,DVD,tt0099864,
Bad Teacher,Jake Kasdan,2011,"Cameron Diaz, Lucy Punch, Jason Segel, Justin Timberlake, Phyllis Smith, John Michael Higgins, Dave Allen, Jillian Armenante, Matthew J. Evans, Kaitlyn Dever",Comedy,DVD,tt1284575,
Eurotrip,Jeff Schaffer,2004,"Scott Mechlowicz, Jacob Pitts, Kristin Kreuk, Cathy Meils, Nial Iskhakov, Michelle Trachtenberg, Travis Wester, Matt Damon, J. Adams, Christopher Baird",Adventure,DVD,tt0356150,
Star Trek: Nemesis,Stuart Baird,2002,"Patrick Stewart, Jonathan Frakes, Brent Spiner, LeVar Burton, Michael Dorn, Marina Sirtis, Gates McFadden, Tom Hardy, Ron Perlman, Shannon Cochran",Action,DVD,tt0253754,
Sing,Garth Jennings,2016,"Matthew McConaughey, Reese Witherspoon, Seth MacFarlane, Scarlett Johansson, John C. Reilly, Taron Egerton, Tori Kelly, Jennifer Saunders, Jennifer Hudson, Christophe Lourdelet",Animation,DVD,tt3470600,
Tooth Fairy,Michael Lembeck,2010,"Dwayne Johnson, Ashley Judd, Stephen Merchant, Ryan Sheckler, Seth MacFarlane, Julie Andrews, Chase Ellison, Destiny Whitlock, Brandon T. Jackson, Dan Joffre",Comedy,DVD,tt0808510,
Beer League,Frank Sebastiano,2006,"Artie Lange, Ralph Macchio, Anthony DeSando, Cara Buono, Jimmy Palumbo, Joe Lo Truglio, Jerry Minor, Seymour Cassel, Michael Deeg, Laurie Metcalf",Comedy,DVD,tt0453453,
Are We Done Yet?,Steve Carr,2007,"Ice Cube, Nia Long, John C. McGinley, Aleisha Allen, Philip Daniel Bolden, Jonathan Katz, Linda Kash, Alexander Kalugin, Dan Joffre, Pedro Miguel Arce",Comedy,DVD,tt0422774,
Major Payne,Nick Castle,1995,"Damon Wayans, Michael Ironside, Bam Bam Bigelow, Joseph Blaire, Orlando Brown, Peyton Chesson-Fohl, Stephen Coleman, Mark Conway, David DeHart, Joshua Todd Diveley",Comedy,DVD,tt0110443,
"The Poseidon Adventure / Blackbeard: Pirate, Rogue, Adventurer",,,,,DVD,tt0000000,no year; no director; no actors; no genre
The Game Plan,Andy Fickman,2007,"Dwayne Johnson, Madison Pettis, Kyra Sedgwick, Roselyn Sanchez, Morris Chestnut, Hayes MacArthur, Brian J. White, Jamal Duff, Paige Turco, Tubbs",Comedy,DVD,tt0492956,
Planet 51 / The Pirates! Band of Misfits / Surf's Up,,,,,DVD,tt0000000,no year; no director; no actors; no genre
The Last Witch Hunter,Breck Eisner,2015,"Vin Diesel, Rose Leslie, Elijah Wood, Ólafur Darri Ólafsson, Rena Owen, Julie Engelbrecht, Michael Caine, Joseph Gilgun, Isaach De Bankolé, Michael Halsey",Action,DVD,tt1618442,
Scary Movie 4,David Zucker,2006,"Anna Faris, Regina Hall, Craig Bierko, Bill Pullman, Anthony Anderson, Leslie Nielsen, Molly Shannon, Michael Madsen, Chris Elliott, Carmen Electra",Comedy,DVD,tt0362120,
He's Just Not That Into You,Ken Kwapis,2008,"Ginnifer Goodwin, Kevin Connolly, Jennifer Connelly, Drew Barrymore, Jennifer Aniston, Ben Affleck, Justin Long, Bradley Cooper, Scarlett Johansson, Morgan Lily",Comedy,DVD,tt1001508,
The Water Horse: Legend of the Deep,Jay Russell,2007,"Bruce Allpress, Geraldine Brophy, Eddie Campbell, Ben Chaplin, Peter Corrigan, Brian Cox, Carl Dixon, Alex Etel, Nathan Christopher Haase, Craig Hall",Adventure,DVD,tt0760329,
A Man Apart / Running Scared,,,,Action,DVD,tt0000000,no year; no director; no actors
Bachelorette,,2012,"Kirsten Dunst, Rebel Wilson, Lizzy Caplan, Paul Corning, Isla Fisher, Andrew Rannells, Anna Rose Hopkins, Sue Jean Kim, Horatio Sanz, Hayes MacArthur",Comedy,DVD,tt1920849,no director
High School Musical 3: Senior Year,Kenny Ortega,2008,"Zac Efron, Robert Curtis Brown, Jessica Tuck, Joey Miyashima, Stan Ellsworth, Dave Fox, Jeremy Banks, Tara Starling, Manly Ortega, Bayli Baker",Comedy,DVD,tt0962726,
30 Days of Night: Dark Days,Ben Ketai,2010,"Kiele Sanchez, Mia Kirshner, Monique Ganderton, Rhys Coiro, Ben Cotton, Katie Keating, Troy Ruptash, James Pizzinato, Stacey Roy, Donovan Cerminara",Horror,DVD,tt1320304,
Nowhere To Run / Desert Heat,,,,,DVD,tt0000000,no year; no director; no actors; no genre
Mythica: The Necromancer,A. Todd Smith,2015,"Melanie Stone, Adam Johnson, Jake Stormoen, Nicola Posener, Philip Brodie, Matthew Mercer, Kevin Sorbo, Robert Jayne, Christopher Robin Miller, Davey Morrison",Action,DVD,tt3608646,
Leatherheads,George Clooney,2008,"John Krasinski, David de Vries, Rick Forrester, Craig S. Harper, Malcolm Goodwin, Matt Bushell, Tommy Hinkley, Tim Griffin, Robert Baker",Comedy,DVD,tt0379865,
Blade Collection,,,,,DVD,tt0000000,no year; no director; no actors; no genre
Blade:  Trinity,David S. Goyer,2004,"Wesley Snipes, Kris Kristofferson, Dominic Purcell, Jessica Biel, Ryan Reynolds, Parker Posey, Mark Berry, John Michael Higgins, Callum Keith Rennie, Paul Levesque",Action,DVD,tt0359013,
Blade,Stephen Norrington,1998,"Wesley Snipes, Kris Kristofferson, Stephen Dorff, N'Bushe Wright, Donal Logue, Udo Kier, Arly Jover, Traci Lords, Kevin Patrick Walls, Tim Guinee",Action,DVD,tt0120611,
Blade II,Guillermo del Toro,2002,"Wesley Snipes, Kris Kristofferson, Ron Perlman, Leonor Varela, Norman Reedus, Thomas Kretschmann, Luke Goss, Matt Schulze, Danny John-Jules, Donnie Yen",Action,DVD,tt0187738,
Blade:  House of Chthon,Sticky Fingaz,2006,"Jill Wagner, Nelson Lee, Jessica Gower, Neil Jackson, Larry Poindexter, P. Lynn Johnson, Emily Hirst, John DeSantis, Sahar Biniaz",Action,DVD,tt0491714,
Final Destination: 5-Film Collection,,,,,DVD,tt0000000,no year; no director; no actors; no genre
Click,Frank Coraci,2006,"Adam Sandler, Kate Beckinsale, Christopher Walken, David Hasselhoff, Henry Winkler, Julie Kavner, Sean Astin, Joseph Castanon, Jonah Hill, Jake Hoffman",Adventure,DVD,tt0389860,
Sorority Boys,Wallace Wolodarsky,2002,"Barry Watson, Michael Rosenbaum, Harland Williams, Melissa Sagemiller, Tony Denman, Brad Beyer, Kathryn Stockwood, Heather Matarazzo, Yvonne Sciò, Kerri Higuchi",Comedy,DVD,tt0279781,
American Horror Stories,,,,,DVD,tt0000000,no year; no director; no actors; no genre
Horror Express,Eugenio Martín,1972,"Christopher Lee, Peter Cushing, Alberto de Mendoza, Silvia Tortosa, Julio Peña, Ángel del Pozo, Telly Savalas, Helga Liné, Alice Reinheart, José Jaspe",Horror,DVD,tt0068713,
Don’t Answer the Phone,Robert Hammer,1980,"James Westmoreland, Ben Frank, Flo Lawrence, Nicholas Worth, Denise Galik, Stan Haze, Gary Allen, Michael D. Castle, Pamela Jean Bryant, Ted Chapman",Horror,DVD,tt0080645,
The Driller Killer,Abel Ferrara,1979,"Carolyn Marz, Baybi Day, Harry Schultz, Alan Wynroth, Maria Helhoski, James O'Hara, Richard Howorth, Louis Mascolo, Tommy Santora, Nicholas St. John",Suspense/Thriller,DVD,tt0079082,
Bloody Pit of Horror,Massimo Pupillo,1965,"Mickey Hargitay, Walter Brandi, Ralph Zucker, Alfredo Rizzo, Nando Angelini, Gino Turini, Roberto Messina, Barbara Nelli, Moa Tahi, Rita Klein",Horror,DVD,tt0058983,
Nightmare Castle,Mario Caiano,1965,"Barbara Steele, Paul Muller, Helga Liné, Marino Masé, Giuseppe Addobbati, Rik Battaglia, Fabio De Agostini",Horror,DVD,tt0060097,
"Silent Night, Bloody Night",Theodore Gershuny,1972,"Patrick O'Neal, James Patterson, Mary Woronov, Astrid Heeren, John Carradine, Walter Abel, Fran Stevens, Walter Klavun, Philip Bruns, Staats Cotsworth",Horror,DVD,tt0070694,
Don't Look in the Basement,S.F. Brownrigg,1973,"Bill McGhee, Jessie Lee Fulton, Robert Dracup, Harryette Warren, Michael Harvey, Jessie Kirby, Hugh Feagin, Betty Chandler, Camilla Carr, Gene Ross",Horror,DVD,tt0069994,
Point of Terror,Alex Nicol,1973,"Peter Carpenter, Dyanne Thorne, Lory Hansen, Leslie Simms, Joel Marston, Paula Mitchell, Dana Diamond, Al Dunlap, Ernest A. Charles, Roberta Robson",Drama,DVD,tt0067594,
House on Haunted Hill,William Castle,1959,"Vincent Price, Carol Ohmart, Richard Long, Alan Marshal, Carolyn Craig, Elisha Cook Jr., Julie Mitchum, Leona Anderson, Howard Hoffman, Skeleton",Horror,DVD,tt0051744,
Drive-In Massacre,Stu Segall,1977,"John F. Goff, Steve Vincent, Douglas Gudbye, Verkina Flower, Robert E. Pearson, Catherine Barkley, Norman Sheridan, John Alderman, Jacqueline Giroux, Bruce Kimball",Horror,DVD,tt0074434,
A Bucket of Blood,Roger Corman,1959,"Dick Miller, Barboura Morris, Antony Carbone, Julian Burton, Ed Nelson, John Brinkley, John Herman Shaner, Judy Bamber, Myrtle Vail, Bert Convy",Comedy,DVD,tt0052655,
The Little Shop of Horrors,Roger Corman,1960,"Jonathan Haze, Jackie Joseph, Mel Welles, Dick Miller, Myrtle Vail, Karyn Kupcinet, Toby Michaels, Leola Wendorff, Lynn Storey, Wally Campo",Comedy,DVD,tt0054033,
Accepted,Steve Pink,2006,"Justin Long, Jonah Hill, Adam Herschman, Columbus Short, Maria Thayer, Lewis Black, Blake Lively, Mark Derwin, Ann Cusack, Hannah Marks",Comedy,DVD,tt0384793,
"Big Mommas: Like Father, Like Son",John Whitesell,2011,"Martin Lawrence, Brandon T. Jackson, Jessica Lucas, Michelle Ang, Portia Doubleday, Emily Rios, Ana Ortiz, Henri Lubatti, Lorenzo Pisoni, Tony Curran",Comedy,DVD,tt1464174,
The Karate Kid II,John G. Avildsen,1986,"Ralph Macchio, Pat Morita, Pat E. Johnson, Bruce Malmuth, Eddie Smith, Martin Kove, Garth Johnson, Brett Johnson, Will Hunt, Evan Malmuth",Action,DVD,tt0091326,
City of Ember / Eragon / Nim's Island,,,,,DVD,tt0000000,no year; no director; no actors; no genre
Die Another Day,Lee Tamahori,2002,"Pierce Brosnan, Halle Berry, Toby Stephens, Rosamund Pike, Rick Yune, Judi Dench, John Cleese, Michael Madsen, Will Yun Lee, Kenneth Tsang",Action,DVD,tt0246460,
Triple Feature: Revelation Road / Revelation Road 2 / Black Rider,,,,,DVD,tt0000000,no year; no director; no actors; no genre
The Lee Strobel 3-Disc Film Collection,Michael Eaton,,"Wade Wallace, Craig A. Evans, Ben Witherington, N.T. Wright, Necar Zadegan, J.P. Moreland, Lee Strobel, David Brainard, William Craig, Timothy Eaton",,DVD,tt1153037,no year; no genre
History Channel Presents: Seven Deadly Sins,,2008,,,DVD,tt0000000,no director; no actors; no genre
Wreck-It Ralph,Rich Moore,2012,"John C. Reilly, Sarah Silverman, Jack McBrayer, Jane Lynch, Alan Tudyk, Mindy Kaling, Joe Lo Truglio, Ed O'Neill, Dennis Haysbert, Edie McClurg",Adventure,Blu-ray,tt1772341,
The Boy In The Striped Pajamas,Mark Herman,2008,"Asa Butterfield, Zac Mattoon O'Brien, Domonkos Németh, Henry Kingsmill, Vera Farmiga, Cara Horgan, Zsuzsa Holl, Amber Beattie, László Áron, David Thewlis",Drama,DVD,tt0914798,
Virtuosity,Brett Leonard,1995,"Denzel Washington, Kelly Lynch, Russell Crowe, Stephen Spinella, William Forsythe, Louise Fletcher, William Fichtner, Costas Mandylor, Kevin J. O'Connor, Kaley Cuoco",Action,DVD,tt0114857,
Runaway Jury,Gary Fleder,2003,"John Cusack, Gene Hackman, Dustin Hoffman, Rachel Weisz, Bruce Davison, Bruce McGill, Jeremy Piven, Nick Searcy, Stanley Anderson, Cliff Curtis",Drama,DVD,tt0313542,
What Dreams May Come,Vincent Ward,1998,"Robin Williams, Cuba Gooding Jr., Annabella Sciorra, Max Von Sydow, Jessica Brooks Grant, Josh Paddock, Rosalind Chao, Lucinda Jenney, Maggie McCarthy, Wilma Bonet",Drama,DVD,tt0120889,
New Jack City,Mario Van Peebles,1991,"Wesley Snipes, Ice-T, Allen Payne, Chris Rock, Michael Michele, Bill Nunn, Russell Wong, Bill Cobbs, Christopher Williams, Thomas Lee Wright",Crime,DVD,tt0102526,
The Forgotten,Joseph Ruben,2004,"Julianne Moore, Christopher Kovaleski, Matthew Pleszewicz, Anthony Edwards, Jessica Hecht, Linus Roache, Gary Sinise, Dominic West, Katie Cooper, Scott Nicholson",Drama,DVD,tt0356618,
Dr. Strangelove or: How I Learned to Stop Worrying and Love the Bomb,Stanley Kubrick,1964,"Peter Sellers, George C. Scott, Sterling Hayden, Keenan Wynn, Slim Pickens, Peter Bull, James Earl Jones, Tracy Reed, Jack Creley, Frank Berry",Comedy,DVD,tt0057012,
Stand by Me,Rob Reiner,1986,"Wil Wheaton, River Phoenix, Corey Feldman, Jerry O'Connell, Kiefer Sutherland, Casey Siemaszko, Gary Riley, Bradley Gregg, Jason Oliver, Marshall Bell",Adventure,DVD,tt0092005,
Playing God,Andy Wilson,1997,"David Duchovny, Timothy Hutton, Angelina Jolie, Michael Massee, Peter Stormare, Andrew Tiernan, Gary Dourdan, John Hawkes, Will Stewart, Philip Moon",Action,DVD,tt0119906,
Twister,Jan De Bont,1996,"Helen Hunt, Bill Paxton, Cary Elwes, Jami Gertz, Philip Seymour Hoffman, Lois Smith, Alan Ruck, Sean Whalen, Scott Thomson, Todd Field",Action,DVD,tt0117998,
Heroes: Season 2,,2007,"Milo Ventimiglia, Ali Larter, Zachary Quinto, Adrian Pasdar, Sendhil Ramamurthy, Hayden Panettiere, Jack Coleman, Ashley Crow, Noah Gray-Cabey, Greg Grunberg",Drama,DVD,tt0813715,no director
Heroes: Season 3,,2008,"Eric Shackelford, Julio Leal, Matt Lanter, Noah Gray-Cabey, Tawny Cypress, David H. Lawrence XVII, Adetokumboh M'Cormack, Robb Conner, Robert Forster, Nicholas D'Agosto",Drama,DVD,tt0813715,no director
Heroes: Season 4,Various,2009,"Jack Coleman, Hayden Panettiere, Milo Ventimiglia, Sendhil Ramamurthy, James Kyson-Lee, Adrian Pasdar, Zachary Quinto, Greg Grunberg, Ali Larter, Cristine Rose",Adventure,DVD,tt0813715,
An Interview with God,Perry Lang,2018,"Brenton Thwaites, David Strathairn, Yael Grobglas, Hill Harper, Charlbi Dean Kriek, Bobby Di Cicco, Meagan Kimberly Smith, Ken Aguado",Drama,DVD,tt5779372,
"Fanatic, The",Fred Durst,2019,"John Travolta, Leslie Sides, Rene Michelle Aranda, Jeremy Connell, Luis Da Silva Jr., Devon Sawa, Ana Golja, Jacob Grodnik, James Paxton, Josh Richman",Suspense/Thriller,DVD,tt7869070,
Kid Galahad,Phil Karlson,1962,"Elvis Presley, Gig Young, Lola Albright, Joan Blackman, Charles Bronson, David Lewis, Robert Emhardt, Liam Redmond, Judson Pratt, Ned Glass",Comedy,DVD,tt0056138,
A Quiet Place: Part II,John Krasinski,2020,"Emily Blunt, Dean Woodward, Tim Saracki, Lauren-Ashley Cristiano, Kyle Licht, Zachary Golinger, Blake DeLong, Barbara Singer, Sheri Fairchild, Michaela Pace",Drama,Blu-ray,tt8332922,
The Kitchen,Andrea Berloff,2019,"Domhnall Gleeson, James Badge Dale, Common, Alicia Coppola, Jeremy Bobb, Joseph Russo, Pamela Dunlap, Tina Benko, Doris McCarthy, John Sharian",Action,DVD,tt5822564,
Charlie's Angels,Elizabeth Banks,2019,"Kristen Stewart, Naomi Scott, Ella Balinska, Patrick Stewart, Djimon Hounsou, Sam Claflin, Jonathan Tucker, Nat Faxon, Chris Pang, Ivan Goff",Action,DVD,tt5033998,
Hitman's Wife's Bodyguard,Patrick Hughes,2021,"Ryan Reynolds, Samuel L. Jackson, Salma Hayek, Caroline Goodall, Rebecca Front, Gabriella Wright, Alice McMillan, Kristofer Kamiyasu, Gary Oldman, Tom Hopper",Action,DVD,tt8385148,
The Women,Diane English,2008,"Meg Ryan, Annette Bening, Eva Mendes, Debra Messing, Jada Pinkett Smith, Bette Midler, Candice Bergen, Carrie Fisher, Cloris Leachman, Debi Mazar",Comedy,DVD,tt0430770,
Friends with Money,Nicole Holofcener,2006,"Jennifer Aniston, Timm Sharp, Joan Cusack, Greg Germann, Hailey Noelle Johnson, Simon McBurney, Frances McDormand, Jake Cherry, Wade Allain-Marcus, Fernando Nieto",Comedy,DVD,tt0436331,
The Last Kiss,Tony Goldwyn,2006,"Zach Braff, Jacinda Barrett, Casey Affleck, Rachel Bilson, Michael Weston, Eric Christian Olsen, Marley Shelton, Lauren Lee Smith, Harold Ramis, Blythe Danner",Comedy,DVD,tt0434139,
When the Game Stands Tall,Thomas Carter,2014,"Jim Caviezel, Michael Chiklis, Alexander Ludwig, Clancy Brown, Laura Dern, Matthew Daddario, Joe Massingill, Jessie Usher, Ser'Darius Blain, Stephan James",Drama,DVD,tt2247476,
Hart's War,Gregory Hoblit,2002,"Bruce Willis, Colin Farrell, Terrence Howard, Cole Hauser, Marcel Iures, Linus Roache, Vicellous Reon Shannon, Maury Sterling, Sam Jaeger, Scott Michael Campbell",Drama,DVD,tt0251114,
Spider-Man: No Way Home,Jon Watts (II),2021,"Tom Holland (X), Zendaya, Benedict Cumberbatch, Jacob Batalon, Jon Favreau, Jamie Foxx, Willem Dafoe, Alfred Molina, Benedict Wong, Tony Revolori",Action,Blu-ray,tt10872600,
The Hunted,William Friedkin,2003,"Tommy Lee Jones, Benicio Del Toro, Connie Nielsen, Leslie Stefanson, John Finn, José Zúñiga, Ron Canada, Mark Pellegrino, Jenna Boyd, Aaron DeCone",Action,DVD,tt0269347,
Ant-Man and the Wasp,Peyton Reed,2018,"Paul Rudd, Evangeline Lilly, Michael Peña, Walton Goggins, Bobby Cannavale, Judy Greer, T.I., David Dastmalchian, Hannah John-Kamen, Abby Ryder Fortson",Action,DVD,tt5095030,
Far From Heaven,Todd Haynes,2002,"Julianne Moore, Dennis Quaid, Dennis Haysbert, Patricia Clarkson, Viola Davis, James Rebhorn, Bette Henritze, Michael Gaston, Ryan Ward, Lindsay Andretta",Drama,DVD,tt0297884,
Treasure Island,Fraser Clarke Heston,1990,"Charlton Heston, Christian Bale, Oliver Reed, Christopher Lee, Richard Johnson, Julian Glover, Isla Blair, Clive Wood, Nicholas Amer, John Abbott",Adventure,DVD,tt0100813,
Yellowstone: Season 5 Part 1,Stephen Kay,2022,"Kevin Costner, Luke Grimes, Kelly Reilly, Wes Bentley, Cole Hauser, Kelsey Asbille, Brecken Merrill, Jefferson White, Gil Birmingham, Forrie J. Smith",Drama,DVD,tt4236770,
The Secret: Dare To Dream,Andy Tennant,2020,"Cory Scott Allen, Timothy Hinrichs, Wanetah Walmsley, Jessica Harthcock, Jeremy Warner, Han Soto, Rosemberg Salgado, Yohance Myles, Chloe Lee, Aidan Pierce Brennan",Drama,DVD,tt4411584,
Erin Brockovich,Steven Soderbergh,2000,"Julia Roberts, David Brisbin, Dawn Didawick, Albert Finney, Valente Rodriguez, Conchata Ferrell, George Rocky Sullivan, Pat Skipper, Jack Gill, Irene Olga López",Drama,DVD,tt0195685,
Murder in the First,Marc Rocco,1995,"Christian Slater, Kevin Bacon, Gary Oldman, Embeth Davidtz, William H. Macy, Stephen Tobolowsky, R. Lee Ermey, Mia Kirshner, Ben Slack, Stefan Gierasch",Drama,DVD,tt0113870,
Wild Things,John McNaughton,1998,"Kevin Bacon, Matt Dillon, Neve Campbell, Theresa Russell, Denise Richards, Daphne Rubin-Vega, Robert Wagner, Bill Murray, Carrie Snodgress, Jeff Perry",Crime,DVD,tt0120890,
American Beauty,Sam Mendes,1999,"Kevin Spacey, Annette Bening, Thora Birch, Wes Bentley, Mena Suvari, Chris Cooper, Peter Gallagher, Allison Janney, Scott Bakula, Sam Robards",Drama,DVD,tt0169547,
Nobody,Ilya Naishuller,2021,"Bob Odenkirk, Aleksey Serebryakov, Connie Nielsen, Christopher Lloyd, Michael Ironside, Colin Salmon, RZA, Billy MacLellan, Araya Mengesha, Gage Munroe",Action,DVD,tt7888964,
Monster Hunter,Paul W.S. Anderson,2020,"Milla Jovovich, Meagan Good, Jin Au-Yeung, Hirona Yamazaki, Nanda Costa, Nic Rasenti, Clyde Berning, Bart Fouche, Paul Hampshire, Josh Helman",Action,DVD,tt6475714,
Doctor Strange In The Multiverse Of Madness,Sam Raimi,2022,"Benedict Cumberbatch, Elizabeth Olsen, Chiwetel Ejiofor, Benedict Wong, Xochitl Gomez, Rachel McAdams, Jett Klyne, Julian Hilliard, Michael Stuhlbarg, Hayley Atwell",Action,DVD,tt9419884,
Bloodshot,Dave Wilson,2020,"Keeno Lee Hector, Freyja Stern, Donovan Goliath, Tsogt Baysgalan, Gary Naidoo, Tyrel Meyer, Austin Rose, Siddharth Dhananjay, Maarten Römer, Hilton Sun",Drama,DVD,tt1634106,
The Mule,Clint Eastwood,2018,"Bradley Cooper, Daniel Moncada, Loren Dean, Taissa Farmiga, Michael Peña, Devon Ogden, Joe Knezevich, Victor Rasuk, Kaitlin Hodson, Sam Dolnick",Crime,DVD,tt7959026,
Joker,Todd Phillips,2019,"Joaquin Phoenix, Robert de Niro, Zazie Beetz, Frances Conroy, Brett Cullen, Shea Whigham, Bill Camp, Glenn Fleshler, Leigh Gill, Josh Pais",Crime,DVD,tt7286456,
The Proposal,Anne Fletcher,2009,"Sandra Bullock, Ryan Reynolds, Mary Steenburgen, Craig T. Nelson, Betty White, Denis O'Hare, Malin Akerman, Oscar Nuñez, Aasif Mandvi, Michael Nouri",Comedy,DVD,tt1041829,
Me Before You,Thea Sharrock,2016,"Eileen Dunwoodie, Pablo Raybould, Henri Charles, Emily Doherty, Alan Breck, Alexander Cooper, Muzz Khan, Ben Lloyd-Hughes, Richard Goulding, Diane Morgan",Drama,DVD,tt2674426,
The Time Traveler's Wife,Robert Schwentke,2009,"Michelle Nolden, Alex Ferris, Arliss Howard, Eric Bana, Katherine Trowell, Bart Bedford, Esther Jun, Matt Birman, Craig Snoyer, Rachel McAdams",Drama,DVD,tt0452694,
The Big Short,Adam McKay,2015,"Ryan Gosling, Rudy Eisenzopf, Casey Groves, Charlie Talbert, Harold Gervais, Maria Frangos, Christian Bale, Hunter Burke, Bernard Hocke, Shauna Rappold",Drama,DVD,tt1596363,
Serendipity,Peter Chelsom,2001,"John Cusack, Kate Beckinsale, Jeremy Piven, Bridget Moynahan, Eugene Levy, Lilli Lavine, Michael Guarino Jr., Abdul Alshawish, Stephen Bruce, David Sparrow",Comedy,DVD,tt0240890,
The Village,M. Night Shyamalan,2004,"Bryce Dallas Howard, Joaquin Phoenix, Adrien Brody, William Hurt, Brendan Gleeson, Cherry Jones, Celia Weston, John Christopher Jones, Frank Collison, Jayne Atkinson",Horror,DVD,tt0368447,
Must Love Dogs,Gary David Goldberg,2005,"Diane Lane, John Cusack, Elizabeth Perkins, Christopher Plummer, Dermot Mulroney, Stockard Channing, Ali Hillis, Brad William Henke, Julie Gonzalo, Glenn Howerton",Comedy,DVD,tt0417001,
Supernatural: The Complete Series,Robert Singer,2005,"Jared Padalecki, Jensen Ackles, Misha Collins, Mark Sheppard, Jim Beaver, Alexander Calvert, Mark Pellegrino, Samantha Smith, Ruth Connell, Rob Benedict",Adventure,DVD,tt0460681,
The Mighty Ducks,Stephen Herek,1992,"Emilio Estevez, Joss Ackland, Lane Smith, Heidi Kling, Josef Sommer, Joshua Jackson, Elden Henson, Shaun Weiss, M.C. Gainey, Matt Doherty",Comedy,DVD,tt0104868,
Pee-wee's Big Adventure,Tim Burton,1985,"Paul Reubens, Elizabeth Daily, Mark Holton, Diane Salinger, Judd Omen, Irving Hellman, Monte Landis, Damon Martin, David Glasser, Gregory Brown",Adventure,DVD,tt0089791,
Mobile Suit Gundam F91: The Motion Picture,Yoshiyuki Tomino,1991,"Yasuhiro Takato, Hiroshi Takemura, Julie Ann Taylor, Mikio Terashima, Kirk Thornton, Akiko Tsuboi, Noriko Uemura, Shigeru Ushiyama, Kari Wahlgren, Norio Wakamoto",Anime,DVD,tt0159568,
Pompeii,Paul W.S. Anderson,2014,"Kit Harington, Carrie-Anne Moss, Emily Browning, Adewale Akinnuoye-Agbaje, Jessica Lucas, Jared Harris, Joe Pingue, Kiefer Sutherland, Currie Graham, Dylan Schombing",Action,Blu-ray,tt1921064,
Playing for Keeps,Gabriele Muccino,2012,"Gerard Butler, Jessica Biel, Noah Lomax, Dennis Quaid, Uma Thurman, Catherine Zeta-Jones, James Tupper, Judy Greer, Abella Wyss, Grant Goodman",Comedy,DVD,tt1540128,
Nocturnal Animals,Tom Ford,2016,"Amy Adams, Jake Gyllenhaal, Michael Shannon, Aaron Taylor-Johnson, Isla Fisher, Ellie Bamber, Armie Hammer, Karl Glusman, Robert Aramayo, Laura Linney",Drama,Blu-ray,tt4550098,
Southpaw,Antoine Fuqua,2015,"Jake Gyllenhaal, Rachel McAdams, Forest Whitaker, Oona Laurence, 50 Cent, Skylan Brooks, Naomie Harris, Victor Ortiz, Beau Knapp, Miguel Gomez",Action,DVD,tt1798684,
Lara Croft Collection,,,,Action,DVD,tt0000000,no year; no director; no actors
The Legend of Hercules,Renny Harlin,2014,"Kellan Lutz, Gaia Weiss, Scott Adkins (II), Roxanne McKee, Liam Garrigan, Liam McIntyre, Rade Serbedzija, Johnathon Schaech, Luke Newberry, Kenneth Cranham",Action,DVD,tt1043726,
Carrie,Kimberly Peirce,2013,"Julianne Moore, Chloë Grace Moretz, Gabriella Wilde, Portia Doubleday, Alex Russell, Zoë Belkin, Ansel Elgort, Samantha Weinstein, Karissa Strain, Judy Greer",Drama,Blu-ray,tt1939659,
Bringing Down the House,Adam Shankman,2003,"Steve Martin, Queen Latifah, Eugene Levy, Joan Plowright, Jean Smart, Kimberly J. Brown, Angus T. Jones, Missi Pyle, Michael Rosenbaum, Betty White",Comedy,DVD,tt0305669,
Vertical Limit,Martin Campbell,2000,"Chris O'Donnell, Robin Tunney, Stuart Wilson, Augie Davis, Temuera Morrison, Roshan Seth, Alejandro Valdes-Rochin, Nicholas Lea, Rod Brown, Scott Glenn",Action,DVD,tt0190865,
Varsity Blues,Brian Robbins,1999,"James Van Der Beek, Jon Voight, Paul Walker, Ron Lester, Scott Caan, Richard Lineback, Tiffany C. Love, Amy Smart, Eliel Swinton, Thomas F. Duffy",Comedy,DVD,tt0139699,
BASEketball,David Zucker,1998,"Trey Parker, Matt Stone, Dian Bachar, Yasmine Bleeth, Jenny McCarthy, Ernest Borgnine, Robert Vaughn, Trevor Einhorn, Bob Costas, Al Michaels",Comedy,DVD,tt0131857,
Joy Ride,John Dahl,2001,"Steve Zahn, Paul Walker, Leelee Sobieski, Jessica Bowman, Stuart Stone, Basil Wallace, Brian Leckner, Mary Wickliffe, McKenzie Satterthwaite, Dell Yount",Action,DVD,tt0206314,
John Q.,Nick Cassavetes,2002,"Denzel Washington, Robert Duvall, James Woods, Anne Heche, Eddie Griffin, Kimberly Elise, Shawn Hatosy, Ray Liotta, Gabriela Oltean, Ron Annabelle",Crime,DVD,tt0251160,
Paul Blart: Mall Cop,Steve Carr,2009,"Kevin James, Keir O'Donnell, Jayma Mays, Raini Rodriguez, Shirley Knight, Stephen Rannazzisi, Peter Gerety, Bobby Cannavale, Adam Ferrara, Jamal Mixon",Action,DVD,tt1114740,
The Omen,John Moore,2006,"Predrag Bjelac, Carlo Sabatini, Bohumil Svarc, Liev Schreiber, Giovanni Lombardo Radice, Baby Zikova, Baby Morvas, Baby Muller, Baby Litera, Julia Stiles",Horror,DVD,tt0466909,
Cabin Fever,Eli Roth,2003,"Hal Courtney, Jeff Evans, Mike Hill, J.K. Godbold, Giuseppe Andrews, Richard Fullerton, Phil Fox, Gabriel Roth, Donald Lee Hall Jr., Jeremy A. Metcalf",Horror,DVD,tt0303816,
Fraggle Rock: Doin' Things That Doozers Do,Jim Henson,2005,"Jerry Nelson, Richard Hunt, Gerard Parkes, Dave Goelz, Steve Whitmire, Kathryn Mullen, Karen Prell, John Pattison, Gordon Robertson",Family,DVD,tt0085017,
Just Friends,Roger Kumble,2005,"Ryan Reynolds, Amy Smart, Anna Faris, Chris Klein, Chris Marquette, Giacomo Beltrami, Fred Ewanuick, Amy Matysio, Julie Hagerty, Wendy Anderson",Comedy,DVD,tt0433400,
Freddy vs. Jason,Ronny Yu,2003,"Robert Englund, Ken Kirzinger, Monica Keena, Jason Ritter, Kelly Rowland, Chris Marquette, Brendan Fletcher, Katharine Isabelle, Lochlyn Munro, Kyle Labine",Action,DVD,tt0329101,
Big Momma's House,Raja Gosnell,2000,"Anthony Anderson, Martin Lawrence, Tichina Arnold, Cedric The Entertainer, Nia Long, Paul Giamatti, Jascha Washington, Ella Mitchell, Carl Wright, Phyllis Applegate",Action,DVD,tt0208003,
American Pie,Paul Weitz,1999,"Jason Biggs, Chris Klein, Thomas Ian Nicholas, Alyson Hannigan, Shannon Elizabeth, Tara Reid, Eddie Kaye Thomas, Seann William Scott, Eugene Levy, Natasha Lyonne",Comedy,DVD,tt0163651,
Prison Break: Season 2,Bobby Roth,2006,"Lane Garrison, Jason Davis, DuShon Monique Brown, Barbara Eve Harris, Silas Weir Mitchell, Mark Morettini, Anthony Albert Jr., Michelle Forbes, Helena Klevorn, Cynthia Kaye McWilliams",Action,DVD,tt0455275,
What Doesn't Kill You,Brian Goodman,2008,"Mark Ruffalo, Ethan Hawke, Amanda Peet, Will Lyman, Donnie Wahlberg, Angela Featherstone, Edward Lynch, Michael Yebba, Brian Connolly, Paul T. Murray",Crime,DVD,tt1133991,
Deacons for Defense,Bill Duke,2003,"Forest Whitaker, Chris Britton, Jonathan Silverman, Ossie Davis, Gene Mack, Tyrone Benskin, Paul Benjamin, Mpho Koaho, Melanie Nicholls-King, Serena Lee",Documentary,DVD,tt0335034,
Linewatch,Kevin Bray,2008,"Cuba Gooding Jr., Omari Hardwick, Sharon Leal, Evan Ross, Dean Norris, Chris Browning, AMG, Dan Burkarth, Omar Paz Trujillo, Josh Coffman",Crime,DVD,tt1047832,
Prison Break: Season One,Bobby Roth,2005,"Kim Coates, William Fichtner, Wentworth Miller, Amaury Nolasco, Frank Grillo, Christian Stolte, Patricia Wettig, Dominic Purcell, Sarah Wayne Callies, Antoine McKay",Crime,DVD,tt0455275,
Judgment Night,Stephen Hopkins,1993,"Emilio Estevez, Cuba Gooding Jr., Denis Leary, Stephen Dorff, Jeremy Piven, Peter Greene, Erik Schrody, Michael Wiseman, Michael DeLorenzo, Relioues Webb",Action,DVD,tt0107286,
What Lies Beneath,Robert Zemeckis,2000,"Michelle Pfeiffer, Katharine Towne, Miranda Otto, James Remar, Harrison Ford, Victoria Bidewell, Diana Scarwid, Dennison Samaroo, Jennifer Tung, Eliott Goretsky",Drama,DVD,tt0161081,
Gran Torino,Clint Eastwood,2008,"Christopher Carley, Bee Vang, Ahney Her, Brian Haley, Geraldine Hughes, Dreama Walker, Brian Howe, John Carroll Lynch, William Hill, Nick Schenk",Crime,DVD,tt1205489,
Fahrenheit 9/11,Michael Moore,2004,"Ben Affleck, Stevie Wonder, George W. Bush, James Baker III, Richard Gephardt, Tom Daschle, Jeffrey Toobin, Al Gore, Condoleezza Rice, Donald Rumsfeld",Documentary,DVD,tt0361596,
BarberShop 2: Back in Business,Kevin Rodney Sullivan,2004,"Ice Cube, Cedric The Entertainer, Sean Patrick Thomas, Eve, Troy Garity, Michael Ealy, Leonard Earl Howze, Harry Lennix, Robert Wisdom, Jazsmin Lewis",Comedy,DVD,tt0337579,
BarberShop,Tim Story,2002,"Ice Cube, Anthony Anderson, Cedric The Entertainer, Sean Patrick Thomas, Eve, Troy Garity, Michael Ealy, Leonard Earl Howze, Keith David, Jazsmin Lewis",Comedy,DVD,tt0303714,
House of the Dead,Uwe Boll,2003,"Jonathan Cherry, Tyron Leitso, Clint Howard, Ona Grauer, Ellie Cornell, Will Sanderson, Enuka Okuma, Kira Clavell, Sonya Salomaa, Michael Eklund",Horror,DVD,tt0317676,
Flags of Our Fathers,Clint Eastwood,2006,"Jim Cantafio, Gordon Clapp, Harve Presnell, Connie Ray, Jon Polito, Robert Patrick, Sean Moran, Lennie Loftin, David Hornsby, Neal McDonough",Action,DVD,tt0418689,
Home of the Brave,Irwin Winkler,2006,"Samuel L. Jackson, Jessica Biel, Brian Presley, Curtis Jackson, Christina Ricci, Chad Michael Murray, Victoria Rowell, Jeffrey Nordling, Vyto Ruginis, Sam Jones III",Action,DVD,tt0763840,
Out of Time,Carl Franklin,2003,"Denzel Washington, Eva Mendes, Sanaa Lathan, Dean Cain, John Billingsley, Robert Baker, Alex Carter, Antoni Corone, Terry Loughlin, Nora Dunn",Crime,DVD,tt0313443,
Get Rich or Die Tryin',Jim Sheridan,2005,"50 Cent, Adewale Akinnuoye-Agbaje, Joy Bryant, Omar Benson Miller, Tory Kittles, Terrence Howard, Ashley Walters, Marc John Jefferies, Viola Davis, Sullivan Walker",Crime,DVD,tt0430308,
Vantage Point,Pete Travis,2008,"Dennis Quaid, Matthew Fox, Forest Whitaker, Bruce McGill, Edgar Ramírez (IV), Saïd Taghmaoui, Ayelet Zurer, Zoe Saldana, Sigourney Weaver, William Hurt",Action,DVD,tt0443274,
The Hangover,Todd Phillips,2009,"Bradley Cooper, Ed Helms, Zach Galifianakis, Justin Bartha, Heather Graham, Sasha Barrese, Jeffrey Tambor, Ken Jeong, Rachael Harris, Mike Tyson",Comedy,DVD,tt1119646,
Basic,John McTiernan,2003,"John Travolta, Connie Nielsen, Samuel L. Jackson, Tim Daly, Giovanni Ribisi, Brian Van Holt, Taye Diggs, Dash Mihok, Cristián de la Fuente, Roselyn Sanchez",Crime,DVD,tt0264395,
The Kingdom,Peter Berg,2007,"Jeremy Piven, Jamie Foxx, Jason Bateman, Danny Huston, Jennifer Garner, Frances Fisher, Sean Donnellan, Kyle Chandler, David Brown, Trevor St. John",Action,DVD,tt0431197,
Next Friday,Steve Carr,2000,"Ice Cube, Chris Tucker, David Earl Waterman, Jacob Vargas, Rolando Molina, Tommy 'Tiny' Lister, Michael Rapaport, Ronn Riser, Keebo, Michael Blackson",Comedy,DVD,tt0195945,
Friday After Next,Marcus Raboy,2002,"Ice Cube, Mike Epps, John Witherspoon, Don 'D.C.' Curry, Anna Maria Horsford, Clifton Powell, K.D. Aubert, Bebe Drake, Katt Williams, Rickey Smiley",Comedy,DVD,tt0293815,
Gridiron Gang,Phil Joanou,2006,"Dwayne Johnson, Xzibit, L. Scott Caldwell, Leon Rippy, Kevin Dunn, Jade Yorker, David V. Thomas, Setu Taase, Mo, James Earl",Crime,DVD,tt0421206,
The Collector,Marcus Dunstan,2009,"Josh Stewart, Robert Wisdom, Joe Conger, Alex Feldman, Michael Showers, Todd Haberkorn, Tom Gulager, Brett Forbes, Lee Cole, Hiro Koda",Crime,DVD,tt0844479,
The Hangover Part II,Todd Phillips,2011,"Bradley Cooper, Ed Helms, Zach Galifianakis, Justin Bartha, Ken Jeong, Paul Giamatti, Mike Tyson, Jeffrey Tambor, Mason Lee, Jamie Chung",Comedy,DVD,tt1411697,
Cops,,2007,,Documentary,DVD,tt0096563,no director; no actors
Public Enemies,Michael Mann,2009,"James Russo, David Wenham, Christian Bale, Christian Stolte, Jason Clarke, Johnny Depp, John Judd, Stephen Dorff, Michael Vieau, John Kishline",Crime,DVD,tt1152836,
Step Brothers,Adam McKay,2008,"Will Ferrell, John C. Reilly, Mary Steenburgen, Richard Jenkins, Jason Davis, Wayne Federman, Kyle Felts, Travis T. Flory, Kathryn Hahn, Chris Henchy",Comedy,DVD,tt0838283,
Old School,Todd Phillips,2003,"Luke Wilson, Seann William Scott, Jami Philbrick, Jesse Heiman, Ellen Cleghorne, Jeremy Piven, Vince Vaughn, Andy Dick, Ellen Pompeo, David Moreland",Comedy,DVD,tt0302886,
The Strangers,Bryan Bertino,2008,"Alex Fisher, Peter Clayton-Luce, Scott Speedman, Liv Tyler, Gemma Ward, Kip Weeks, Laura Margolis, Glenn Howerton",Horror,DVD,tt0482606,
Felon,Ric Roman Waugh,2008,"Stephen Dorff, Marisol Nichols, Vincent Miller, Anne Archer, Larnell Stovall, Val Kilmer, Sam Shepard, Johnny Lewis, Harold Perrineau, Shawn Prince",Crime,DVD,tt1117385,
88 Minutes,John Avnet,2008,"Al Pacino, Alicia Witt, Leelee Sobieski, Amy Brenneman, William Forsythe, Deborah Kara Unger, Ben McKenzie, Neal McDonough, Leah Cairns, Stephen Moyer",Drama,DVD,tt0411061,
Into the Wild,Sean Penn,2007,"Emile Hirsch, Marcia Gay Harden, William Hurt, Jena Malone, Brian H. Dierker, Catherine Keener, Vince Vaughn, Kristen Stewart, Hal Holbrook, Jim Gallien",Adventure,DVD,tt0758758,
Horrible Bosses,Seth Gordon,2011,"P.J. Byrne, Kevin Spacey, Colin Farrell, Steve Wiebe, Jennifer Aniston, Jason Bateman, Charlie Day, Lindsay Sloane, Michael Albala, Jason Sudeikis",Comedy,DVD,tt1499658,
U.S. Marshals,Stuart Baird,1998,"Tommy Lee Jones, Wesley Snipes, Robert Downey Jr., Joe Pantoliano, Daniel Roebuck, Tom Wood, LaTanya Richardson, Irène Jacob, Kate Nelligan, Patrick Malahide",Action,DVD,tt0120873,
Black Hawk Down,Ridley Scott,2001,"Josh Hartnett, Ewan McGregor, Tom Sizemore, Eric Bana, William Fichtner, Ewen Bremner, Sam Shepard, Gabriel Casseus, Kim Coates, Hugh Dancy",Action,DVD,tt0265086,
Mad Money,Callie Khouri,2008,"Diane Keaton, Ted Danson, Katie Holmes, Adam Rothenberg, Queen Latifah, Peyton 'Alex' Smith, Charlie Caldwell, Richard F Law, Meagen Fay, Christopher McDonald",Comedy,DVD,tt0951216,
The Longest Yard,Peter Segal,2005,"Adam Sandler, Chris Rock, Burt Reynolds, Nelly, Michael Irvin, Walter Williamson, Bill Goldberg, Terry Crews, Bob Sapp, Nicholas Turturro",Comedy,DVD,tt0398165,
Miracle,Gavin O'Connor,2004,"Kurt Russell, Patricia Clarkson, Noah Emmerich, Sean McCann, Kenneth Welsh, Eddie Cahill, Patrick O'Brien Demsey, Michael Mantenuto, Nathan West, Kenneth Mitchell",Drama,DVD,tt0349825,
The Ring,Gore Verbinski,2002,"Naomi Watts, Martin Henderson, David Dorfman, Brian Cox, Jane Alexander, Lindsay Frost, Amber Tamblyn, Rachael Bella, Daveigh Chase, Shannon Cochran",Drama,DVD,tt0298130,
Untraceable,Gregory Hoblit,2008,"Diane Lane, Billy Burke, Colin Hanks, Joseph Cross, Mary Beth Hurt, Peter Lewis, Tyrone Giordano, Perla Haney-Jardine, Tim De Zarn, Christopher Cousins",Crime,DVD,tt0880578,
Higher Learning,John Singleton,1995,"Omar Epps, Kristy Swanson, Michael Rapaport, Jennifer Connelly, Ice Cube, Jason Wiles, Tyra Banks, Cole Hauser, Laurence Fishburne, Bradford English",Drama,DVD,tt0113305,
Dodgeball: A True Underdog Story,Rawson Marshall Thurber,2004,"Vince Vaughn, Christine Taylor, Ben Stiller, Rip Torn, Justin Long, Stephen Root, Joel Moore, Chris Williams, Alan Tudyk, Missi Pyle",Comedy,DVD,tt0364725,
Letters from Iwo Jima,Clint Eastwood,2006,"Ken Watanabe, Kazunari Ninomiya, Tsuyoshi Ihara, Ryo Kase, Shidô Nakamura, Hiroshi Watanabe, Takumi Bando, Yuki Matsuzaki, Takashi Yamaguchi, Eijiro Ozaki",Drama,DVD,tt0498380,
Reign Over Me,Mike Binder,2007,"Anthony Chisholm, B.J. Novak, Adam Sandler, Don Cheadle, Jada Pinkett Smith, Liv Tyler, Saffron Burrows, Donald Sutherland, Robert Klein, Melinda Dillon",Drama,DVD,tt0490204,
World Trade Center,Oliver Stone,2006,"Nicolas Cage, Michael Peña, Maria Bello, Maggie Gyllenhaal, Victor Spadaro, Liz A. Randall, Jossara Jinaro, Douglas J. Aguirre, Donn Andrew Simmons, Klatann Thomas",Drama,DVD,tt0469641,
American History X,Tony Kaye,1998,"Edward Norton, Edward Furlong, Beverly D'Angelo, Avery Brooks, Jennifer Lien, Ethan Suplee, Stacy Keach, Fairuza Balk, Elliott Gould, Guy Torry",Crime,DVD,tt0120586,
Borat: Cultural Learnings of America for Make Benefit Glorious Nation of Kazakhstan,Larry Charles,2006,"Luenell, Pamela Anderson, Ilham Äliyev, Bob Barr, Ken Davitian, Alan Keyes, Sacha Baron Cohen",Comedy,DVD,tt0443453,
Traffic,Steven Soderbergh,2000,"Benicio Del Toro, Jacob Vargas, Andrew Chavez, Michael Saucedo, Tomas Milian, Jose Yenque, Emilio Rivera, Michael O'Neill, Michael Douglas, Russell G. Jones",Crime,DVD,tt0181865,
Neighbors,Nicholas Stoller,2014,"Seth Rogen, Rose Byrne, Elise Vargas, Zoey Vargas, Brian Huskey, Ike Barinholtz, Carla Gallo, Zac Efron, Dave Franco, Halston Sage",Comedy,Blu-ray,tt2004420,
Ted,Seth MacFarlane,2012,"Mark Wahlberg, Mila Kunis, Joel McHale, Giovanni Ribisi, Patrick Warburton, Matt Walsh, Jessica Barth, Aedin Mincks, Bill Smitrovich, Alec Sulkin",Comedy,Blu-ray,tt1637725,
Argo,Ben Affleck,2012,"Bryan Cranston, Alan Arkin, John Goodman, Victor Garber, Tate Donovan, Clea DuVall, Scoot McNairy, Rory Cochrane, Christopher Denham, Chris Terrio",Drama,Blu-ray,tt1024648,
The Revenant,Alejandro González Iñárritu,2015,"Leonardo DiCaprio, Tom Hardy, Domhnall Gleeson, Will Poulter, Forrest Goodluck, Paul Anderson, Kristoffer Joner, Joshua Burge, Duane Howard, Melaw Nakehk'o",Adventure,Blu-ray,tt1663202,
Lawless,John Hillcoat,2012,"Shia LaBeouf, Tom Hardy, Jason Clarke, Guy Pearce, Jessica Chastain, Mia Wasikowska, Dane DeHaan, Chris McGarry, Tim Tolin, Gary Oldman",Crime,Blu-ray,tt1212450,
Grown Ups 2,Dennis Dugan,2013,"Adam Sandler, Kevin James, Chris Rock, David Spade, Salma Hayek, Maya Rudolph, Maria Bello, Nick Swardson, Steve Buscemi, Colin Quinn",Comedy,Blu-ray,tt2191701,
End of Watch,David Ayer,2012,"Jake Gyllenhaal, Michael Peña, Natalie Martinez, Anna Kendrick, David Harbour, Frank Grillo, America Ferrera, Cle Shaheed Sloan, Jaime Fitzsimons, Cody Horn",Action,Blu-ray,tt1855199,
The Girl on the Train,Tate Taylor,2016,"Emily Blunt, Edgar Ramírez, Rebecca Ferguson, Haley Bennett, Laura Prepon, Luke Evans, Justin Theroux, Lisa Kudrow, Darren Goldstein, Marko Caka",Drama,DVD,tt3631112,
Prison Break: Season 3,Unspecified,2008,"Dominic Purcell, Wentworth Miller, Amaury Nolasco, Wade Williams, Robert Knepper, Sarah Wayne Callies, Paul Adelstein, Marshall Allman, Rockmond Dunbar, William Fichtner",Adventure,DVD,tt0455275,
Bandit,Allan Ungar,2022,"Buddy Watkins, Mary DeMatteo, Jerry Ascione, Greg Corbett, Ian Hoch, Derek Severson, B.J. Winfrey, Charlie Sara, Hannah Celeste, Lorenzo Yearby",Action,Blu-ray,tt9853500,
Poker Face,Russell Crowe,2022,"Liam Hemsworth, RZA, Aden Young, Steve Bastoni, Daniel MacPherson, Brooke Satchwell, Paul Tassone, Matt Nable, Benedict Hardie, Stephen M. Coates",Action,DVD,tt14714980,
Children of the Corn,Kurt Wimmer,2020,"Elena Kampouris, Kate Moyer, Callan Mulvey, Bruce Spence, Stephen Hunter, Jayden McGinlay, Ashlee Juergens, Sisi Stringer, Joe Klocek, Orlando Schwerdt",Horror,DVD,tt12311866,
Left Behind: Rise of the Antichrist,Kevin Sorbo,2023,"Mary Armstrong, Mark Bellamy, Stuart Bentley, Corbin Bernsen, Larry Bullied, Bailey Chase, Paul Cowling, Sarah Fisher, Angela Hinton, Paul Lalonde",Drama,DVD,tt16174868,
Jeepers Creepers: Reborn,Timo Vuorensola,2022,"Sydney Craven, Imran Adams, Jarreau Benjamin, Peter Brooke, Matt Barkley, Ocean Navarro, Alexander Halsall, Georgia Goodman, Jodie Mcmullen, Saverio Buono",,DVD,tt14121726,no genre
Cannonball Run,Hal Needham,1981,"Burt Reynolds, Roger Moore, Farrah Fawcett, Dom DeLuise, Dean Martin, Sammy Davis Jr., Jack Elam, Adrienne Barbeau, Terry Bradshaw, Jackie Chan",Action,DVD,tt0082136,
Mars Attacks!,Tim Burton,1996,"Jack Nicholson, Glenn Close, Annette Bening, Pierce Brosnan, Danny DeVito, Martin Short, Sarah Jessica Parker, Michael J. Fox, Rod Steiger, Tom Jones",Comedy,DVD,tt0116996,
Playing by Heart,Willard Carroll,1998,"Sean Connery, Amanda Peet, Jeremy Sisto, Angelina Jolie, Matt Malloy, Anthony Edwards, Ryan Phillippe, Dennis Quaid, Jon Stewart, Mark Lewis",Comedy,DVD,tt0145734,
The Punisher,Jonathan Hensleigh,2004,"Thomas Jane, John Travolta, Will Patton, Eddie Jemison, Rebecca Romijn",Action,DVD,tt0330793,
The Boondock Saints,Troy Duffy,1999,"Willem Dafoe, Sean Patrick Flanery, Norman Reedus, David Della Rocco, Billy Connolly, David Ferry, Brian Mahoney, Bob Marley, Richard Fitzpatrick, William Young",Action,DVD,tt0144117,
Batman,Tim Burton,1989,"Michael Keaton, Jack Nicholson, Kim Basinger, Robert Wuhl, Pat Hingle, Billy Dee Williams, Michael Gough, Jack Palance, Jerry Hall, Tracey Walter",Action,DVD,tt0096895,
First Man,Damien Chazelle,2018,"Claire Foy, Pablo Schreiber, Ryan Gosling, Jon Bernthal, Jason Clarke, Kyle Chandler, Shea Whigham, Corey Stoll, Patrick Fugit, Cory Michael Smith",Drama,DVD,tt1213641,
The X-Files: Fight the Future,Rob Bowman,1998,"David Duchovny, Gillian Anderson, John Neville, William B. Davis, Martin Landau, Mitch Pileggi, Jeffrey DeMunn, Blythe Danner, Terry O'Quinn, Armin Mueller-Stahl",Action,DVD,tt0120902,
Waterworld,Kevin Reynolds,1995,"Kevin Costner, Chaim Girafi, Rick Aviles, R.D. Call, Zitto Kazann, Leonardo Cimino, Zakes Mokae, Luke Ka'ili Jr., Anthony DeMasters, Willy Petrovic",Action,DVD,tt0114898,
Knock At The Cabin,M. Night Shyamalan,2023,"Dave Bautista, Jonathan Groff, Ben Aldridge, Nikki Amuka Bird, Rupert Grint, Abby Quinn, Kristen Cui, McKenna Kerrigan, Ian Merrill Peakes, Denise Nakano",Horror,DVD,tt15679400,
F9: The Fast Saga,Justin Lin,2021,"Tony Holness, Jorge Leon, Lorin Alond Ly, Laurine Lambert, Aaron Cole, Dzenita Bijavica, Immanuel Holtane, Anthony A. Gonzalez, Helen Mirren, Mark Krenik",Action,DVD,tt5433138,
The Batman,Matt Reeves,2022,"Robert Pattinson, Zoë Kravitz, Jeffrey Wright, Colin Farrell, Paul Dano, John Turturro, Andy Serkis, Peter Sarsgaard, Barry Keoghan, Jayme Lawson",Action,DVD,tt1877830,
Creed III,Michael B. Jordan,2023,"Tessa Thompson, Jonathan Majors, Wood Harris, Phylicia Rashad, Mila Davis-Kent, Jose Benavidez, Selenis Leyva, Florian Munteanu, Thaddeus J. Mixson, Keenan Coogler",Drama,DVD,tt11145118,
BumbleBee,Travis Knight,2018,"Nick Pilla, Paul Black, Natalie Conneely, Logan Fromme, Logan Hunt, Damon Hoffman, Jeff Redlick, Agustin Reiter, Rick Richardson, Christopher Mark Rodriguez",Action,DVD,tt4701182,
Violent Night,Tommy Wirkola,2022,"David Harbour, John Leguizamo, Beverly D'Angelo, Alex Hassell, Alexis Louder, Edi Patterson, Cam Gigandet, Leah Brady, André Eriksen, Brendan Fletcher",Action,DVD,tt12003946,
The Minute You Wake Up Dead,Michael Mailer,2022,"Morgan Freeman, Andrew Stevens, Darren Mann, Tony Demil, Ben VanderMey, Kenneth Farmer, Liann Pattison, David Dahlgren, John Dylan Atkins, Ronnie Yelverton",Suspense/Thriller,DVD,tt11833408,
Remember the Titans,Boaz Yakin,2000,"Denzel Washington, Will Patton, Wood Harris, Ryan Hurst, Donald Faison, Craig Kirkwood, Ethan Suplee, Kip Pardue, Hayden Panettiere, Nicole Ari Parker",Drama,DVD,tt0210945,
Armageddon,Michael Bay,1998,"Sage Allen, Udo Kier, Liv Tyler, Peter Stormare, Chris Ellis, Bruce Willis, Michael Clarke Duncan, Steve Buscemi, Jason Isaacs, Billy Devlin",Action,DVD,tt0120591,
Fantastic Beasts: The Secrets of Dumbledore,David Yates,2022,"Jude Law, Cara Mahoney, Mads Mikkelsen, Eddie Redmayne, Katherine Waterston, Poppy Corby-Tuech, Maja Bloom, Ezra Miller, Paul Low-Hang, Alison Sudol",Adventure,DVD,tt4123432,
The Lost City,Aaron Nee,2022,"Sandra Bullock, Channing Tatum, Daniel Radcliffe, Da'Vine Joy Randolph, Brad Pitt, Oscar Nuñez, Patti Harrison, Bowen Yang, Stephen Lang, Joan Pringle",Adventure,DVD,tt13320622,
Here on Earth,Mark Piznarski,2000,"Chris Klein, Leelee Sobieski, Josh Hartnett, Michael Rooker, Annie Corley, Bruce Greenwood, Annette O'Toole, Elaine Hendrix, Stuart Wilson, Ronni Saxon",Romance,DVD,tt0195778,
Supercell,Herbert James Winterstern,2023,"Skeet Ulrich, Alec Baldwin, Anne Heche, Daniel Diemer, Johnny Wactor, Praya Lundberg, Richard Gunn, Jordan Kristine Seamón, Anjul Nigam, Mattie Ward",Action,DVD,tt10559102,
Ghostbusters,Ivan Reitman,1984,"Bill Murray, Dan Aykroyd, Sigourney Weaver, Harold Ramis, Rick Moranis, Ernie Hudson, Annie Potts, Peter MacNicol, Harris Yulin, David Margulies",Action,DVD,tt0087332,
The Core,Jon Amiel,2003,"Aaron Eckhart, Christopher Shyer, Ray Galletti, Hilary Swank, Delroy Lindo, Eileen Pedde, Rekha Sharma, Stanley Tucci, DJ Qualls, Tom Scholte",Action,DVD,tt0298814,
The Italian Job,F. Gary Gray,2003,"Mark Wahlberg, Charlize Theron, Donald Sutherland, Jason Statham, Seth Green, Mos Def, Edward Norton, Fausto Callegarini, Stefano Petronelli, Fabio Scarpa",Action,DVD,tt0317740,
The Rock,Michael Bay,1996,"Sean Connery, Nicolas Cage, Ed Harris, John Spencer, David Morse, William Forsythe, Michael Biehn, Vanessa Marcil, John C. McGinley, Gregory Sporleder",Action,DVD,tt0117500,
Pleasantville,Gary Ross,1998,"Tobey Maguire, Reese Witherspoon, William H. Macy, Joan Allen, Jeff Daniels, J.T. Walsh, Don Knotts, Marley Shelton, Jane Kaczmarek, Giuseppe Andrews",Comedy,DVD,tt0120789,
The Royal Tenenbaums,Wes Anderson,2001,"William Sturgis, Frank Wood, Seth Michael May, Don McKinnon, Sonam Wangmo, Keith Charles, Larry Pine, Ben Stiller, Aram Aslanian-Persico, Gene Hackman",Comedy,DVD,tt0265666,
Batman Collection,,,,,DVD,tt0000000,no year; no director; no actors; no genre
Shaft,Tim Story,2019,"Samuel L. Jackson, Jessie T. Usher, Richard Roundtree, Regina Hall, Ryan King Scales, Method Man, Charles Green, Mike Dunston, Amato D'Apolito, Quandae Stewart",Action,DVD,tt4463894,
Cliffhanger,Renny Harlin,1993,"Sylvester Stallone, John Lithgow, Michael Rooker, Janine Turner, Rex Linn, Caroline Goodall, Leon, Craig Fairbrass, Gregory Scott Cummins, Denis Forest",Action,DVD,tt0106582,
"Bodyguard, The",Mick Jackson,1992,"Kevin Costner, Whitney Houston, Gary Kemp, Bill Cobbs, Ralph Waite, Tomas Arana, Michele Lamar Richards, Mike Starr, Christopher Birt, Devaughn Nixon",Drama,DVD,tt0103855,
The Score,Frank Oz,2001,"Christian Tessier, Edward Norton, Marlon Brando, Angela Bassett, Gary Farmer, Paul Soles, Jamie Harrold, Serge Houde, Lenie Scoffié, Jean-René Ouellet",Crime,DVD,tt0227445,
Bull Durham,Ron Shelton,1988,"Kevin Costner, Susan Sarandon, Tim Robbins, Trey Wilson, Robert Wuhl, William O'Leary, David Neidorf, Danny Gans, Tom Silardi, Lloyd T. Williams",Comedy,DVD,tt0094812,
Road House,Rowdy Herrington,1989,"Patrick Swayze, Kelly Lynch, Sam Elliott, Ben Gazzara, Marshall R. Teague, Julie Michaels, Red West, Sunshine Parker, Jeff Healey, Kevin Tighe",Action,DVD,tt0098206,
The Addams Family,Barry Sonnenfeld,1991,"Anjelica Huston, Raul Julia, Christopher Lloyd, Dan Hedaya, Elizabeth Wilson, Judith Malina, Carel Struycken, Dana Ivey, Paul Benedict, Christina Ricci",Comedy,DVD,tt0101272,
Hollywood Homicide,Ron Shelton,2003,"Christopher Wiehl, Kathi Copeland, Shalena Hughes, Manny Suárez, Malakai Davidson, Dennis Burkley, Victor Togunde, K.D. Aubert, Frankie J. Allison, Elvira Jimenez",Action,DVD,tt0329717,
The Story of Us,Rob Reiner,1999,"Paul Reiser, Lucy Webb, Jessie Nelson, Tommy Tang, Daniel Henson, Yaping, Ryan Townsend, Jordan Lund, Bill Kirchenbauer, Robert Alan Beuth",Drama,DVD,tt0160916,
Catch Me If You Can,Steven Spielberg,2002,"Leonardo DiCaprio, Tom Hanks, Christopher Walken, Martin Sheen, Nathalie Baye, Amy Adams, James Brolin, Brian Howe, Frank John Hughes, Steve Eastin",Comedy,DVD,tt0264464,
Mission: Impossible 2,John Woo,2000,"Tom Cruise, Dougray Scott, Thandiwe Newton, Ving Rhames, Richard Roxburgh, John Polson, Brendan Gleeson, Rade Serbedzija, William Mapother, Dominic Purcell",Action,DVD,tt0120755,
Escape Room / Escape Room: Tournament of Champions,,2019,,Action,DVD,tt0000000,no director; no actors
Jurassic World: Dominion,Colin Trevorrow,2022,"Chris Pratt, Bryce Dallas Howard, Laura Dern, Sam Neill, Jeff Goldblum, DeWanda Wise, Mamoudou Athie, Isabella Sermon, Campbell Scott, BD Wong",Action,DVD,tt8041270,
Breakin' 2: Electric Boogaloo,Sam Firstenberg,1984,"Lucinda Dickey, Adolfo Quinones, Michael Chambers, Susie Coelho, Harry Caesar, Jo De Winter, John Christy Ewing, Steve Notario, Sabrina García, Lu Leonard",Musical,DVD,tt0086999,
The Chosen: Season One,Dallas Jenkins,2017,"Shahar Isaac, Elizabeth Tabish, Jonathan Roumie, Paras Patel, Noah James, George H. Xanthis, Shaan Sharma, Giavani Cairo, Jordan Walker Ross, Nick Shakoour",Special Interest,DVD,tt9471404,
The Chosen: Season 2,,2021,,,DVD,tt9471404,no director; no actors; no genre
The Chosen: Season Three,,2022,,Drama,DVD,tt9471404,no director; no actors
The Chosen: Season Four,Dallas Jenkins,2024,"Shahar Isaac, Jonathan Roumie, Paras Patel, Noah James, Lara Silva, Nick Shakoour, George Harrison Xanthis, Erick Avari, Elizabeth Tabish, Janis Dardaris",Documentary,DVD,tt9471404,
Who's Afraid of Virginia Woolf?,Mike Nichols,1966,"Elizabeth Taylor, Richard Burton, George Segal, Sandy Dennis, Agnes Flanagan, Frank Flanagan, Ernest Lehman, Edward Albee, Haskell Wexler, Sam O'Steen",Drama,Blu-ray,tt0061184,
Dark Passage,Delmer Daves,1947,"Humphrey Bogart, Lauren Bacall, Bruce Bennett, Agnes Moorehead, Tom D'Andrea, Clifton Young, Douglas Kennedy, Rory Mallinson, Houseley Stevenson, John Alvin",Film-Noir,DVD,tt0039302,
La Boheme,Brian Large,1988,"Mirella Freni, Luciano Pavarotti, Gino Quilico, Stephen Dickson, Nicolai Ghiaurov, Sandra Pacetti, Italo Tajo",Drama,DVD,tt0254192,
The Big Lebowski,Joel Coen,1998,"Jeff Bridges, John Goodman, Julianne Moore, Steve Buscemi, David Huddleston, Philip Seymour Hoffman, Tara Reid, Philip Moon, Mark Pellegrino, Peter Stormare",Comedy,Blu-ray,tt0118715,
Closer,Mike Nichols,2004,"Julia Roberts, Jude Law, Natalie Portman, Clive Owen, Nick Hobbs, Colin Stinton, Steve Benham, Elizabeth Bower, Ray Donn, Daniel Dresner",Drama,DVD,tt0376541,
Lonesome Dove,Simon Wincer,1989,"Robert Duvall, Tommy Lee Jones, Danny Glover, Diane Lane, Robert Urich, Frederic Forrest, D.B. Sweeney, Rick Schroder, Anjelica Huston, Timothy Scott",Western,DVD,tt0096639,
Planes,Klay Hall,2013,"Dane Cook, Mark Allan Stewart, Nav Mann, Oliver Kalkofe, Jeff Bennett, Pia Shah, Danny Mann, Gabriel Iglesias, Roger Craig Smith, Anthony Edwards",Adventure,Blu-ray,tt1691917,
42nd Street,Lloyd Bacon,1933,"Muriel Barrett, Joan Barclay, Loretta Andrews, Harry Akst, George E. Stone, Robert McWade, Renee Evans, Toby Wing, Warner Baxter, Eve Marcy",Comedy,Blu-ray,tt0024034,
Hanna,Joe Wright,2011,"Saoirse Ronan, Eric Bana, Vicky Krieps, Cate Blanchett, Paris Arrowsmith, John MacMillan, Tim Beckmann, Paul Birchard, Christian Malcolm, Jamie Beamish",Action,Blu-ray,tt0993842,
Pina,Wim Wenders,2011,"Regina Advento, Malou Airaudo, Ruth Amarante, Pina Bausch, Rainer Behr, Andrey Berezin, Damiano Ottavio Bigi, Bénédicte Billet, Ales Cucek, Clementine Deluy",Documentary,Blu-ray,tt1440266,
Gravity,Alfonso Cuarón,2013,"Sandra Bullock, George Clooney, Ed Harris, Orto Ignatiussen, Phaldut Sharma, Amy Warren, Basher Savage, Jonás Cuarón",Drama,DVD,tt1454468,
Lucy,Luc Besson,2014,"Scarlett Johansson, Morgan Freeman, Min-sik Choi, Amr Waked, Julian Rhind-Tutt, Pilou Asbæk, Lio Tipton, Nicolas Phongpheth, Jan Oliver Schroeder, Luca Angeletti",Action,4K Ultra HD,tt2872732,
The Cannonball Run,Hal Needham,1981,"Burt Reynolds, Roger Moore, Farrah Fawcett, Dom DeLuise, Dean Martin, Sammy Davis Jr., Jack Elam, Adrienne Barbeau, Terry Bradshaw, Jackie Chan",Action,Blu-ray,tt0082136,
Rush,Ron Howard,2013,"Chris Hemsworth, Daniel Brühl, Olivia Wilde, Alexandra Maria Lara, Pierfrancesco Favino, David Calder, Natalie Dormer, Stephen Mangan, Christian McKay, Alistair Petrie",Action,Blu-ray,tt1979320,
The Natural,Barry Levinson,1984,"Robert Redford, Robert Duvall, Glenn Close, Kim Basinger, Wilford Brimley, Barbara Hershey, Robert Prosky, Richard Farnsworth, Joe Don Baker, John Finnegan",Drama,Blu-ray,tt0087781,
The Natural,Barry Levinson,1984,"Glenn Close, Joseph Charboneau, Ken Kamholz, Joe Strnad, Peter Poth, Charles Sergis, James Mohr, Ralph Tabakin, Dennis Gould, Joshua Abbey",Drama,DVD,tt0087781,
Shirley Temple Festival,Ron Clements,,Shirley Temple,Classic,DVD,tt0023669,no year
The Vietnam War: A Film by Ken Burns and Lynn Novick,Ken Burns,2017,"Peter Coyote, Huy Duc, Duong Van Mai Elliott, Karl Marlantes, John Musgrave, Nguyen Ngoc, Bao Ninh, Phan Quang Tue, James Willbanks, Carol Crocker",Documentary,Blu-ray,tt1877514,
On Any Sunday 30th Anniversary Collection,,1981,"David Evans, Mert Lawwill, Steve McQueen, John Norman, Malcolm Smith, J.N. Roberts",,DVD,tt0067527,no director; no genre
The Enemy Below,Dick Powell,1957,"Robert Mitchum, Curd Jürgens, David Hedison, Theodore Bikel, Russell Collins, Kurt Kreuger, Frank Albertson, Biff Elliot, David Bair, Alfred K. Baroa",Drama,Blu-ray,tt0050356,
Letters to Juliet,Gary Winick,2010,"Amanda Seyfried, Marcia DeBonis, Gael García Bernal, Giordano Formenti, Paolo Arvedi, Dario Conti, Ivana Lotito, Luisa Ranieri, Marina Massironi, Lidia Biondi",Comedy,Blu-ray,tt0892318,
Eyes Wide Shut,Stanley Kubrick,1999,"Tom Cruise, Nicole Kidman, Madison Eginton, Jackie Sawiris, Sydney Pollack, Leslie Lowe, Peter Hans Benson, Todd Field, Michael Doven, Sky Du Mont",Drama,Blu-ray,tt0120663,
That Hamilton Woman,Alexander Korda,1941,"Vivien Leigh, Laurence Olivier, Alan Mowbray, Sara Allgood, Gladys Cooper, Henry Wilcoxon, Heather Angel, Halliwell Hobbes, Gilbert Emery, Miles Mander",Drama,DVD,tt0034272,
Misery,Rob Reiner,1990,"James Caan, Kathy Bates, Richard Farnsworth, Frances Sternhagen, Lauren Bacall, Graham Jarvis, Jerry Potter, Thomas Brunelle, June Christopher, Stephen King",Drama,DVD,tt0100157,
Chicago,Rob Marshall,2002,"Taye Diggs, Renée Zellweger, Cliff Saunders, Catherine Zeta-Jones, Richard Gere, Queen Latifah, John C. Reilly, Dominic West, Christine Baranski, Jayne Eastwood",Crime,DVD,tt0299658,
The Civil War,,1990,,,Blu-ray,tt0000000,no director; no actors; no genre
2001: A Space Odyssey,Stanley Kubrick,1968,"Keir Dullea, Gary Lockwood, William Sylvester, Daniel Richter, Leonard Rossiter, Margaret Tyzack, Robert Beatty, Sean Sullivan, Douglas Rain, Frank Miller",Adventure,DVD,tt0062622,
The Intern,Nancy Meyers,2015,"Robert de Niro, Anne Hathaway, Rene Russo, Anders Holm, JoJo Kushner, Andrew Rannells, Adam DeVine, Ilan Krigsfeld, Zack Pearlman, Jason Orley",Comedy,DVD,tt2361509,
Water for Elephants,Francis Lawrence (II),2011,"Rebecca Ostroff, Tara Ferguson, Katia Sereno, Christopher Blim, Ken Foree, E.E. Bell, Rowan O'Hara, George Harper, George Landkas-Coronas, Ginger Pauley",Drama,DVD,tt1067583,
The Hospital,Arthur Hiller,1971,"George C. Scott, Diana Rigg, Barnard Hughes, Richard Dysart, Stephen Elliott, Donald Harron, Andrew Duncan, Nancy Marchand, Jordan Charney, Roberts Blossom",Comedy,DVD,tt0067217,
Monster's Ball,Marc Forster,2001,"Billy Bob Thornton, Halle Berry, Taylor Simpson, Gabrielle Witcher, Heath Ledger, Amber Rules, Peter Boyle, Charles Cowan Jr., Taylor LaGrange, Mos Def",Drama,DVD,tt0285742,
The Reincarnation of Peter Proud,J. Lee Thompson,1975,"Michael Sarrazin, Jennifer O'Neill, Margot Kidder, Cornelia Sharpe, Paul Hecht, Tony Stephano, Norman Burton, Anne Ives, Debralee Scott, Jon Richards",,DVD,tt0073615,no genre
Mutiny on the Bounty,Lewis Milestone,1962,"Marlon Brando, Trevor Howard, Richard Harris, Hugh Griffith, Richard Haydn, Tarita, Percy Herbert, Duncan Lamont, Gordon Jackson, Chips Rafferty",Adventure,Blu-ray,tt0056264,
The Dirty Dozen,Robert Aldrich,1967,"Lee Marvin, Ernest Borgnine, Charles Bronson, Jim Brown, John Cassavetes, Richard Jaeckel, George Kennedy, Trini López, Ralph Meeker, Robert Ryan",Action,Blu-ray,tt0061578,
Sicario: Day of the Soldado,Stefano Sollima,2018,"Benicio Del Toro, Josh Brolin, Isabela Merced, Jeffrey Donovan, Catherine Keener, Manuel Garcia-Rulfo, Matthew Modine, Shea Whigham, Elijah Rodriguez, Howard Ferguson Jr.",Action,Blu-ray,tt5052474,
Edward Scissorhands,Tim Burton,1990,"Johnny Depp, Winona Ryder, Dianne Wiest, Anthony Michael Hall, Kathy Baker, Robert Oliveri, Conchata Ferrell, Caroline Aaron, Dick Anthony Williams, O-Lan Jones",Drama,DVD,tt0099487,
Fatal Attraction,Adrian Lyne,1987,"Michael Douglas, Glenn Close, Anne Archer, Ellen Hamilton Latzen, Stuart Pankin, Ellen Foley, Fred Gwynne, Meg Mundy, Tom Brennan, Lois Smith",Drama,DVD,tt0093010,
Eyes Wide Shut,Stanley Kubrick,1999,"Tom Cruise, Nicole Kidman, Madison Eginton, Jackie Sawiris, Sydney Pollack, Leslie Lowe, Peter Hans Benson, Todd Field, Michael Doven, Sky Du Mont",Drama,Blu-ray,tt0120663,
Cars,John Lasseter,2006,"Owen Wilson, Paul Newman, Bonnie Hunt, Larry The Cable Guy, Cheech Marin, Tony Shalhoub, Guido Quaroni, Jenifer Lewis, Paul Dooley, Michael Wallis",Animation,DVD,tt0317219,
Operation Petticoat,Blake Edwards,1959,"Cary Grant, Tony Curtis, Joan O'Brien, Dina Merrill, Gene Evans, Dick Sargent, Virginia Gregg, Robert F. Simon, Robert Gist, Gavin MacLeod",Comedy,DVD,tt0053143,
Treasure Island,Fraser Clarke Heston,1990,"Charlton Heston, Christian Bale, Oliver Reed, Christopher Lee, Richard Johnson, Julian Glover, Isla Blair, Clive Wood, Nicholas Amer, John Abbott",Adventure,DVD,tt0100813,
Lonesome Dove,Simon Wincer,1989,"Robert Duvall, Tommy Lee Jones, Danny Glover, Diane Lane, Robert Urich, Frederic Forrest, D.B. Sweeney, Rick Schroder, Anjelica Huston, Chris Cooper",Western,DVD,tt0096639,
Empire Falls,Fred Schepisi,2005,"Ed Harris, Philip Seymour Hoffman, Helen Hunt, Paul Newman, Robin Wright, Aidan Quinn, Joanne Woodward, Dennis Farina, William Fichtner, Estelle Parsons",Drama,DVD,tt0376591,
His Girl Friday,Howard Hawks,1940,"Cary Grant, Rosalind Russell, Ralph Bellamy, Gene Lockhart, Porter Hall, Ernest Truex, Cliff Edwards, Clarence Kolb, Roscoe Karns, Frank Jenks",Classic,Blu-ray,tt0032599,
Cabaret,Bob Fosse,1972,"Liza Minnelli, Michael York, Helmut Griem, Joel Grey, Fritz Wepper, Marisa Berenson, Elisabeth Neumann-Viertel, Helen Vita, Sigrid von Richthofen, Gerd Vespermann",Drama,DVD,tt0068327,
Breaking Bad: The Fifth Season,Michelle Maclaren,2012,"Bryan Cranston, Anna Gunn, Aaron Paul, Dean Norris, Betsy Brandt, RJ Mitte, Bob Odenkirk, Jonathan Banks, Steven Michael Quezada, Giancarlo Esposito",Crime,DVD,tt0903747,
A Streetcar Named Desire,Elia Kazan,1951,"Vivien Leigh, Marlon Brando, Kim Hunter, Karl Malden, Rudy Bond, Nick Dennis, Peg Hillias, Wright King, Richard Garrick, Ann Dere",Drama,Blu-ray,tt0044081,
Pavarotti,Ron Howard,2019,"Andrea Griminelli, Nicoletta Mantovani, Bono, Angela Gheorghiu, Carol Vaness, Lorenza Pavarotti, Giuliana Pavarotti, Cristina Pavarotti, Anne Midgette, Terri Robson",Documentary,Blu-ray,tt6964076,
The History of Motor Racing: 1960's - A Very British Era,Neville Hay,1996,,Documentary,DVD,tt0000000,no actors
"War of 1812, The",,2005,,Documentary,DVD,tt2086938,no director; no actors
Somewhere In Time,Jeannot Szwarc,1980,"Christopher Reeve, Jane Seymour, Christopher Plummer, Teresa Wright, Bill Erwin, George Voskovec, Susan French, John Alvin, Eddra Gale, Audrey Bennett",Drama,DVD,tt0081534,
Somewhere in Time,Jeannot Szwarc,1980,"Christopher Reeve, Jane Seymour, Christopher Plummer, Teresa Wright, Bill Erwin, George Voskovec, Susan French, John Alvin, Eddra Gale, Audrey Bennett",Drama,Blu-ray,tt0081534,
Cairo Time,Ruba Nadda,2009,"Patricia Clarkson, Alexander Siddig, Elena Anaya, Tom McCamus, Amina Annabi, Cynthia Amsden, Andrew Cullen, Mona Hala, Fadia Nadda",Drama,DVD,tt0896529,
The Black Swan,Henry King,1942,"Stuart Robertson, Olaf Hytten, Helene Costello, David Thursby, Tyrone Power, Bryn Davis, William Edmunds, Charles McNaughton, George Kirby, Anthony Quinn",Action,DVD,tt0034522,
Sade: Lovers Live,Sophie Muller,2002,Sade,Music,DVD,tt0871443,
Grant,Malcolm Venville,2020,"Justin Salinger, Francis Chouler, Gabriel Harry Meltz, Carel Nel, Daniel Fox, Brian Heydenrych, Craig Jackson, Dianne Simpson, Camilla Wolfson, Darron Araujo",Documentary,DVD,tt8690814,
Washington,,2020,,Documentary,DVD,tt10098580,no director; no actors
The Girl Who Kicked the Hornet's Nest,Daniel Alfredson,2009,"Michael Nyqvist, Noomi Rapace, Lena Endre, Annika Hallin, Jacob Ericksson, Sofia Ledarp, Anders Ahlbom, Micke Spreitz, Georgi Staykov, Mirja Turestedt",Crime,Blu-ray,tt1343097,
Only Angels Have Wings,Howard Hawks,1939,"Cary Grant, Jean Arthur, Richard Barthelmess, Rita Hayworth, Thomas Mitchell, Allyn Joslyn, Sig Ruman, Victor Kilian, John Carroll, Don 'Red' Barry",Drama,DVD,tt0031762,
The Hollywood Knights,Floyd Mutrux,1980,"Julius Averitt, Steve Ballard, Phil Berle, Mike Binder, Herbert Bress, Jerry Brutsche, Joey Camen, T.K. Carter, Al Chalk, Dawn Clark",Comedy,DVD,tt0080881,
"Art Of Racing In The Rain, The",Simon Curtis,2019,"Milo Ventimiglia, Kevin Costner, Amanda Seyfried, Gary Cole, Kathy Baker, Lily Dodsworth-Evans, Martin Donovan, Ryan Kiera Armstrong, Al Sapienza, Karen Holness",Comedy,DVD,tt1478839,
A Christmas Story,Bob Clark,1983,"Melinda Dillon, Darren McGavin, Peter Billingsley, Ian Petrella, Scott Schwartz, R.D. Robb, Tedde Moore, Yano Anaya, Zack Ward, Jeff Gillen",Comedy,DVD,tt0085334,
The Shining,Stanley Kubrick,1980,"Jack Nicholson, Shelley Duvall, Danny Lloyd, Scatman Crothers, Barry Nelson, Philip Stone, Joe Turkel, Anne Jackson, Tony Burton, Lia Beldam",Horror,DVD,tt0081505,
Grumpy Old Men Collection,,,,,DVD,tt0000000,no year; no director; no actors; no genre
2010: The Year We Make Contact,Peter Hyams,1984,"Roy Scheider, John Lithgow, Helen Mirren, Bob Balaban, Keir Dullea, Douglas Rain, Madolyn Smith Osborne, Dana Elcar, Taliesin Jaffe, James McEachin",Adventure,DVD,tt0086837,
The Natural,Barry Levinson,1984,"Robert Redford, Glenn Close, Kim Basinger, Wilford Brimley, Barbara Hershey, Robert Prosky, Richard Farnsworth, Joe Don Baker, John Finnegan, Alan Fudge",Drama,DVD,tt0087781,
Gilda,Charles Vidor,1946,"Rita Hayworth, Glenn Ford, George Macready, Joseph Calleia, Steven Geray, Joe Sawyer, Gerald Mohr, Mark Roberts, Ludwig Donath, Donald Douglas",Drama,DVD,tt0038559,
9½  Weeks,Adrian Lyne,1986,"Mickey Rourke, Kim Basinger, Margaret Whitton, David Margulies, Christine Baranski, Karen Young, William De Acutis, Dwight Weist, Roderick Cook, Victor Truro",Drama,DVD,tt0091635,
Buster Keaton: The General / Steamboat Bill Jr.,,,,,DVD,tt0000000,no year; no director; no actors; no genre
Il Postino: The Postman,Michael Radford,1995,"Philippe Noiret, Massimo Troisi, Renato Scarpa, Linda Moretti, Sergio Solli, Carlo Di Maio, Nando Neri, Vincenzo Di Sauro, Orazio Stracuzzi, Alfredo Cozzolino",Comedy,DVD,tt0110877,
Grand Prix,John Frankenheimer,1966,"James Garner, Eva Marie Saint, Yves Montand, Toshirô Mifune, Brian Bedford, Jessica Walter, Antonio Sabato, Françoise Hardy, Adolfo Celi, Claude Dauphin",Drama,Blu-ray,tt0060472,
Slumdog Millionaire,Danny Boyle,2008,"Dev Patel, Saurabh Shukla, Anil Kapoor, Rajendranath Zutshi, Jeneva Talwar, Freida Pinto, Irrfan Khan, Azharuddin Mohammed Ismail, Ayush Mahesh Khedekar, Jira Banjara",Drama,Blu-ray,tt1010048,
Miss Congeniality / Miss Congeniality 2: Armed & Fabulous,,,,,Blu-ray,tt0000000,no year; no director; no actors; no genre
All That Jazz,Bob Fosse,1979,"Sonja Stuart, Eileen Casey, Michael Tolan, Sloane Shelton, Keith Gordon, Barbara McKinley, Roy Scheider, Jacqueline Solotar, Trudy Carson, Rita Bennett",Drama,DVD,tt0078754,
Amélie,Jean-Pierre Jeunet,2001,"Audrey Tautou, Mathieu Kassovitz, Rufus, Lorella Cravotta, Serge Merlin, Jamel Debbouze, Clotilde Mollet, Claire Maurier, Isabelle Nanty, Dominique Pinon",Comedy,DVD,tt0211915,
Miracle on 34th Street,George Seaton,1947,"Maureen O'Hara, John Payne, Edmund Gwenn, Gene Lockhart, Natalie Wood, Porter Hall, William Frawley, Jerome Cowan, Philip Tonge, Jack Albertson",Comedy,DVD,tt0039628,
The Wild One,Laslo Benedek,1953,"Marlon Brando, Mary Murphy, Robert Keith, Lee Marvin, Jay C. Flippen, Peggy Maley, Hugh Sanders, Ray Teal, John Brown, Will Wright",Drama,Blu-ray,tt0047677,
The Man Who Would Be King,John Huston,1975,"Sean Connery, Michael Caine, Christopher Plummer, Saeed Jaffrey, Doghmi Larbi, Jack May, Karroom Ben Bouih, Mohammad Shamsi, Albert Moses, Paul Antrim",Action,DVD,tt0073341,
Top Gun: Maverick,Joseph Kosinski,2022,"Tom Cruise, Val Kilmer, Miles Teller, Jennifer Connelly, Bashir Salahuddin, Jon Hamm, Charles Parnell, Monica Barbaro, Lewis Pullman, Jay Ellis",Action,Blu-ray,tt1745960,
Airport,George Seaton,1970,"Burt Lancaster, Dean Martin, Jean Seberg, Jacqueline Bisset, George Kennedy, Helen Hayes, Van Heflin, Maureen Stapleton, Barry Nelson, Dana Wynter",Drama,Blu-ray,tt0065377,
Broken Trail,Walter Hill,2006,"Robert Duvall, Thomas Haden Church, Greta Scacchi, Chris Mulkey, Rusty Schwimmer, Gwendoline Yeo, Scott Cooper, Valerie Tian, Olivia Cheng, Jadyn Wong",Western,Blu-ray,tt0482857,
Hell's Angels,Howard Hughes,1930,"Ben Lyon, James Hall, Jean Harlow, John Darrow, Lucien Prival, Frank Clarke, Roy Wilson, Douglas Gilmore, Jane Winton, Evelyn Hall",Drama,DVD,tt0020960,
To Have and Have Not,Howard Hawks,1944,"Humphrey Bogart, Lauren Bacall, Walter Brennan, Dolores Moran, Hoagy Carmichael, Sheldon Leonard, Walter Szurovy, Marcel Dalio, Walter Sande, Dan Seymour",Suspense/Thriller,DVD,tt0037382,
Mute Witness,Anthony Waller,1995,"Marina Zudina, Fay Ripley, Evan Richards, Oleg Yankovsky, Igor Volkov, Sergei Karlenkov, Nikolai Pastukhov, Stephen Bouser, Valeri Barakhtin, Olga Tolstetskaya",Comedy,DVD,tt0110604,
Young Adam,David Mackenzie,2003,"Ewan McGregor, Tilda Swinton, Peter Mullan, Emily Mortimer, Jack McElhone, Therese Bradley, Ewan Stewart, Stuart McQuarrie, Pauline Turner, Rory McCann",Crime,DVD,tt0289635,
Talk to Her,Pedro Almodovar,,,Drama,DVD,tt0287467,no year; no actors
The Big Sleep,Howard Hawks,1946,"Humphrey Bogart, Lauren Bacall, John Ridgely, Martha Vickers, Dorothy Malone, Peggy Knudsen, Regis Toomey, Charles Waldron, Charles D. Brown, Bob Steele",Crime,DVD,tt0038355,
Glen Campbell: Good Times Again,,,,,DVD,,no IMDb ID; no year; no director; no actors; no genre
Kenny Rogers: The Journey: In Concert,Kelly Junkerman,2006,,,DVD,tt0850304,no actors; no genre
Bangkok Dangerous,Danny Pang,2008,"Nicolas Cage, Shahkrit Yamnarm, Charlie Yeung, Panward Hemmanee, Nirattisai Kaljaruek, Dom Hetrakul, Tuck Napaskorn, Steve Baldocchi, Chris Heebink, James With",Action,DVD,tt0814022,
Frank Sinatra - Ol' Blue Eyes Is Back,,1991,"Frank Sinatra, Gene Kelly",,DVD,tt0365247,no director; no genre
Evita,Alan Parker,1997,"Madonna, Antonio Banderas, Jonathan Pryce, Jimmy Nail, Victoria Sus, Julian Littman, Olga Merediz, Laura Pallas, Julia Worsley, María Luján Hidalgo",Documentary,DVD,tt0116250,
Wings,William A. Wellman,1927,"Clara Bow, Charles 'Buddy' Rogers, Richard Arlen, Jobyna Ralston, El Brendel, Richard Tucker, Gary Cooper, Gunboat Smith, Henry B. Walthall, Roscoe Karns",Action,Blu-ray,tt0018578,
Lincoln,Steven Spielberg,2012,"Daniel Day-Lewis, Sally Field, David Strathairn, Joseph Gordon-Levitt, James Spader, Hal Holbrook, Tommy Lee Jones, John Hawkes, Jackie Earle Haley, Bruce McGill",Drama,Blu-ray,tt0443272,
The Girl with the Dragon Tattoo,David Fincher,2011,"Alessandro Piersimoni, Alastair Duncan, Andreas Björklund, Mike Zehr, Werner Biermeier, Darri Ingolfsson, Elodie Yung, Christopher Plummer, Daniel Craig, Stellan Skarsgård",Crime,Blu-ray,tt1568346,
The Beatles: Yellow Submarine,George Dunning,1968,"The Beatles, Paul Angelis, John Clive, Dick Emery, Geoffrey Hughes, Lance Percival, Peter Batten, Lee Minoff",Adventure,Blu-ray,tt0063823,
Charlie Chaplin: The Kid / Tillie's Punctured Romance,,,,Comedy,DVD,tt0000000,no year; no director; no actors
The Hours,Stephen Daldry,2002,"Nicole Kidman, Julianne Moore, Meryl Streep, Stephen Dillane, Miranda Richardson, George Loftus, Charley Ramm, Sophie Wyburd, Lyndsey Marshal, Linda Bassett",Drama,DVD,tt0274558,
The Hours,Stephen Daldry,2002,"Nicole Kidman, Julianne Moore, Meryl Streep, Stephen Dillane, Miranda Richardson, George Loftus, Charley Ramm, Sophie Wyburd, Lyndsey Marshal, Linda Bassett",Drama,DVD,tt0274558,
More World War II ; Secrets;  Revealed,,2007,,Documentary,DVD,tt0000000,no director; no actors
Places in the Heart,Robert Benton,1984,"Jerry Haynes, Bill Thurman, Sally Field, Lindsay Crouse, Amy Madigan, John Malkovich, Danny Glover, Yankton Hatten, Gennie James, Lane Smith",Drama,DVD,tt0087921,
The Detective,Gordon Douglas,1968,"Frank Sinatra, Lee Remick, Jacqueline Bisset, Ralph Meeker, Jack Klugman, Horace McMahon, Lloyd Bochner, William Windom, Tony Musante, Al Freeman Jr.",Crime,DVD,tt0062883,
Air America,Roger Spottiswoode,1990,"Mel Gibson, Robert Downey Jr., Nancy Travis, Ken Jenkins, David Marshall Grant, Lane Smith, Art LaFleur, Ned Eisenberg, Marshall Bell, David Bowe",Comedy,DVD,tt0099005,
King Kong,Peter Jackson,2005,"Naomi Watts, Jack Black, Adrien Brody, Thomas Kretschmann, Colin Hanks, Jamie Bell, Andy Serkis, Evan Parke, Lobo Chan, John Sumner",Adventure,Blu-ray,tt0360717,
Edge Of Tomorrow,Doug Liman,2014,"Tom Cruise, Emily Blunt, Brendan Gleeson, Bill Paxton, Jonas Armstrong, Tony Way, Kick Gurry, Franz Drameh, Dragomir Mrsic, Charlotte Riley",Action,Blu-ray,tt1631867,
Saving Private Ryan,Steven Spielberg,1998,"Tom Hanks, Tom Sizemore, Edward Burns, Barry Pepper, Adam Goldberg, Vin Diesel, Giovanni Ribisi, Jeremy Davies, Matt Damon, Ted Danson",Action,DVD,tt0120815,
Monty Python and the Holy Grail,Terry Gilliam,1975,"Graham Chapman, John Cleese, Eric Idle, Terry Jones, Michael Palin, Connie Booth, Carol Cleveland, Neil Innes, Bee Duffell, Thomas Malory",Adventure,Blu-ray,tt0071853,
Titanic,James Cameron,1997,"Leonardo DiCaprio, Kate Winslet, Billy Zane, Kathy Bates, Frances Fisher, Gloria Stuart, Bill Paxton, Bernard Hill, David Warner, Victor Garber",Adventure,Blu-ray,tt0120338,
The World's Fastest Indian,Roger Donaldson,2005,"Anthony Hopkins, Iain Rea, Tessa Mitchell, Aaron Murphy, Tim Shadbolt, Annie Whittle, Greg Johnson, Antony Starr, Kate Sullivan, Craig Hall",Documentary,Blu-ray,tt0412080,
Rollerball,Norman Jewison,1975,"James Caan, John Houseman, Maud Adams, John Beck, Moses Gunn, Pamela Hensley, Barbara Trentham, John Normington, Shane Rimmer, Burt Kwouk",Action,DVD,tt0073631,
Flight of the Navigator,Randal Kleiser,1986,"Joey Cramer, Paul Reubens, Veronica Cartwright, Cliff De Young, Sarah Jessica Parker, Matt Adler, Howard Hesseman, Robert Small, Albie Whitaker, Jonathan Sanger",Adventure,Blu-ray,tt0091059,
The Bourne Trilogy,,,,,Blu-ray,tt0000000,no year; no director; no actors; no genre
Cars,John Lasseter,2006,"Owen Wilson, Paul Newman, Bonnie Hunt, Larry The Cable Guy, Cheech Marin, Tony Shalhoub, Guido Quaroni, Jenifer Lewis, Paul Dooley, Michael Wallis",Animation,Blu-ray,tt0317219,
A Christmas Carol,Brian Desmond Hurst,1951,"Alastair Sim, Kathleen Harrison, Mervyn Johns, Hermione Baddeley, Michael Hordern, George Cole, John Charlesworth, Francis De Wolff, Rona Anderson, Carol Marsh",Drama,DVD,tt0044008,
Chocolat,Lasse Hallström,2000,"Alfred Molina, Carrie-Anne Moss, Aurelien Parent Koenig, Antonio Gil, Hélène Cardona, Harrison Pratt, Gaelan Connell, Elisabeth Commelin, Ron Cook, Guillaume Tardieu",Drama,Blu-ray,tt0241303,
Charade,Stanley Donen,1963,"Cary Grant, Audrey Hepburn, Walter Matthau, James Coburn, George Kennedy, Dominique Minot, Ned Glass, Jacques Marin, Paul Bonifas, Thomas Chelimsky",Drama,DVD,tt0056923,
The Maltese Falcon,John Huston,1941,"Humphrey Bogart, Mary Astor, Gladys George, Peter Lorre, Barton MacLane, Lee Patrick, Sydney Greenstreet, Ward Bond, Jerome Cowan, Elisha Cook Jr.",Crime,DVD,tt0033870,
The Intouchables,Olivier Nakache,2011,"François Cluzet, Omar Sy, Anne Le Ny, Audrey Fleurot, Joséphine de Meaux, Clotilde Mollet, Alba Gaïa Kraghede Bellugi, Cyril Mendy, Salimata Kamate, Absa Diatou Toure",Comedy,DVD,tt1675434,
The Cowboys,Mark Rydell,1972,"John Wayne, Roscoe Lee Browne, Bruce Dern, Colleen Dewhurst, Alfred Barker Jr., Nicolas Beauvy, Steve Benedict, Robert Carradine, Norman Howell, Stephen R. Hudis",Drama,DVD,tt0068421,
Memento,Christopher Nolan,2000,"Guy Pearce, Carrie-Anne Moss, Joe Pantoliano, Mark Boone Junior, Russ Fega, Jorja Fox, Stephen Tobolowsky, Harriet Sansom Harris, Thomas Lennon, Callum Keith Rennie",Suspense/Thriller,Blu-ray,tt0209144,
Troy,Wolfgang Petersen,2004,"Julian Glover, Brian Cox, Nathan Jones, Adoni Maropis, Jacob Smith, Brad Pitt, John Shrapnel, Brendan Gleeson, Diane Kruger, Eric Bana",Action,Blu-ray,tt0332452,
Sicario,Denis Villeneuve,2015,"Emily Blunt, Benicio Del Toro, Josh Brolin, Victor Garber, Jon Bernthal, Daniel Kaluuya, Jeffrey Donovan, Raoul Max Trujillo, Julio Cesar Cedillo, Hank Rogerson",Action,Blu-ray,tt3397884,
The Martian,Ridley Scott,2015,"Matt Damon, Jessica Chastain, Kristen Wiig, Jeff Daniels, Michael Peña, Sean Bean, Kate Mara, Sebastian Stan, Aksel Hennie, Chiwetel Ejiofor",Adventure,Blu-ray,tt3659388,
A Time to Kill,Joel Schumacher,1996,"Matthew McConaughey, Sandra Bullock, Samuel L. Jackson, Kevin Spacey, Oliver Platt, Charles S. Dutton, Brenda Fricker, Donald Sutherland, Kiefer Sutherland, Patrick McGoohan",Crime,DVD,tt0117913,
Something's Gotta Give,Nancy Meyers,2003,"Jack Nicholson, Diane Keaton, Keanu Reeves, Frances McDormand, Amanda Peet, Paul Michael Glaser, Rachel Ticotin, Paige Butcher, Tanya Sweet, Kristine Szabo",Comedy,DVD,tt0337741,
The Shipping News,Lasse Hallström,2001,"Kevin Spacey, Julianne Moore, Judi Dench, Cate Blanchett, Pete Postlethwaite, Scott Glenn, Rhys Ifans, Gordon Pinsent, Jason Behr, Larry Pine",Drama,DVD,tt0120824,
Inherit the Wind,Stanley Kramer,1960,"Spencer Tracy, Fredric March, Gene Kelly, Dick York, Donna Anderson, Harry Morgan, Claude Akins, Elliott Reid, Paul Hartman, Philip Coolidge",Drama,DVD,tt0053946,
Winning,James Goldstone,1969,"Paul Newman, Joanne Woodward, Robert Wagner, Richard Thomas, David Sheiner, Clu Gulager, Barry Ford, Karen Arthur, Dan Gurney, Roger McCluskey",Action,DVD,tt0065215,
Laura,Otto Preminger,1944,"Gene Tierney, Dana Andrews, Clifton Webb, Vincent Price, Judith Anderson, Grant Mitchell, Dorothy Adams, Terry Adams, Harry Carter, Lane Chandler",Drama,Blu-ray,tt0037008,
Tootsie,Sydney Pollack,1982,"Dustin Hoffman, Jessica Lange, Teri Garr, Dabney Coleman, Charles Durning, Bill Murray, George Gaynes, Geena Davis, Doris Belack, Larry Gelbart",Comedy,DVD,tt0084805,
Black Swan,Darren Aronofsky,2010,"Natalie Portman, Mila Kunis, Vincent Cassel, Barbara Hershey, Winona Ryder, Benjamin Millepied, Ksenia Solo, Kristina Anapau, Janet Montgomery, Sebastian Stan",Drama,DVD,tt0947798,
The Lion in Winter,Anthony Harvey,1968,"Peter O'Toole, Katharine Hepburn, Anthony Hopkins, John Castle, Nigel Terry, Timothy Dalton, Jane Merrow, Nigel Stock, Kenneth Ives, O.Z. Whitehead",Classic,DVD,tt0063227,
Murder on the Orient Express,Sidney Lumet,1974,"Albert Finney, Lauren Bacall, Martin Balsam, Ingrid Bergman, Jacqueline Bisset, Jean-Pierre Cassel, Sean Connery, John Gielgud, Wendy Hiller, Anthony Perkins",Crime,DVD,tt0071877,
Mulholland Dr.,David Lynch,2001,"Naomi Watts, Laura Harring, Ann Miller, Dan Hedaya, Justin Theroux, Brent Briscoe, Robert Forster, Katharine Towne, Lee Grant, Scott Coffey",Drama,DVD,tt0166924,
It Happened One Night,Frank Capra,1934,"Clark Gable, Claudette Colbert, Walter Connolly, Roscoe Karns, Jameson Thomas, Alan Hale, Arthur Hoyt, Blanche Friderici, Charles C. Wilson, Ernie Adams",Comedy,Blu-ray,tt0025316,
The Best Exotic Marigold Hotel,John Madden,2011,"Judi Dench, Tom Wilkinson, Patrick Pearson, Hugh Dickson, James Rawlings, Bill Nighy, Penelope Wilton, Maggie Smith, Liza Tarbuck, Paul Bhattacharjee",Comedy,Blu-ray,tt1412386,
Witness for the Prosecution,Billy Wilder,1957,"Tyrone Power, Marlene Dietrich, Charles Laughton, Elsa Lanchester, John Williams, Henry Daniell, Ian Wolfe, Torin Thatcher, Norma Varden, Una O'Connor",Crime,DVD,tt0051201,
The Three Stooges: The Ultimate Collection: Rare Treasures from the Columbia Pictures Vault,,1935,"Moe Howard, Larry Fine, Curly Howard, Shemp Howard, Joe Besser, Curly Joe DeRita",Comedy,DVD,tt0000000,no director
Moana,Ron Clements,2016,"Auli'i Cravalho, Dwayne Johnson, Rachel House, Temuera Morrison, Jemaine Clement, Nicole Scherzinger, Alan Tudyk, Oscar Kightley, Troy Polamalu, Puanani Cravalho",Adventure,Blu-ray,tt3521164,
Going My Way,Leo McCarey,1944,"Bing Crosby, Barry Fitzgerald, Frank McHugh, James Brown, Gene Lockhart, Jean Heather, Porter Hall, Fortunio Bonanova, Eily Malyon, The Robert Mitchell Boy Choir",Comedy,DVD,tt0036872,
Bonfire of the Vanities,Brian De Palma,1990,"Tom Hanks, Bruce Willis, Melanie Griffith, Kim Cattrall, Saul Rubinek, Morgan Freeman, John Hancock, Kevin Dunn, Clifton James, Louis Giambalvo",Comedy,DVD,tt0099165,
Nosferatu the Vampyre,Werner Herzog,1979,"Klaus Kinski, Isabelle Adjani, Bruno Ganz, Roland Topor, Walter Ladengast, Dan van Husen, Jan Groth, Carsten Bodinus, Martje Grohmann, Rijk de Gooyer",Horror,Blu-ray,tt0079641,
Stagecoach,John Ford,1939,"Claire Trevor, John Wayne, Andy Devine, John Carradine, Thomas Mitchell, Louise Platt, George Bancroft, Donald Meek, Berton Churchill, Tim Holt",Action,Blu-ray,tt0031971,
The Wrestler,Darren Aronofsky,2008,"Mickey Rourke, Marisa Tomei, Evan Rachel Wood, Mark Margolis, Todd Barry, Wass Stevens, Judah Friedlander, Ernest Miller, Dylan Keith Summers, Tommy Farra",Drama,DVD,tt1125849,
Tomorrowland,Brad Bird,2015,"George Clooney, Hugh Laurie, Britt Robertson, Raffey Cassidy, Tim McGraw, Kathryn Hahn, Keegan-Michael Key, Chris Bauer, Thomas Robinson, Pierce Gagnon",Action,Blu-ray,tt1964418,
Nobody's Fool,Robert Benton,1994,"Paul Newman, Jessica Tandy, Bruce Willis, Melanie Griffith, Dylan Walsh, Pruitt Taylor Vince, Gene Saks, Josef Sommer, Philip Seymour Hoffman, Philip Bosco",Drama,DVD,tt0110684,
Seabiscuit,Gary Ross,2003,"Tobey Maguire, Jeff Bridges, Chris Cooper, Elizabeth Banks, David McCullough, Paul Vincent O'Connor, Michael Ensign, James Keane, Valerie Mahaffey, David Doty",Drama,DVD,tt0329575,
Hopalong Cassidy: The Complete Series,George Archainbaud,1952,"William Boyd, Topper the Horse, Edgar Buchanan, Andy Clyde, Rand Brooks, Earle Hodgins, Elaine Riley, Don Haggerty, George Wallace, Francis McDonald",Crime,DVD,tt0041030,
Vertigo,Alfred Hitchcock,1958,"James Stewart, Kim Novak, Barbara Bel Geddes, Tom Helmore, Henry Jones, Raymond Bailey, Ellen Corby, Konstantin Shayne, Lee Patrick, David Ahdar",Mystery,Blu-ray,tt0052357,
Dead Men Don't Wear Plaid,Carl Reiner,1982,"Steve Martin, Rachel Ward, Alan Ladd, Barbara Stanwyck, Ray Milland, Ava Gardner, Burt Lancaster, Humphrey Bogart, Cary Grant",Comedy,DVD,tt0083798,
Downton Abbey: Season 6,Timon Modersohn,2015,"Dirk Nowitzki, Moe Wagner, Axel Schulz, Franz Wagner, Beate Wagner, Thomas Pletzinger",Drama,Blu-ray,tt1606375,
Downton Abbey: Season 5,Brian Percival,2014,"Hugh Bonneville, Laura Carmichael, Jim Carter, Brendan Coyle, Michelle Dockery, Joanne Froggatt, Rob James-Collier, Phyllis Logan, Elizabeth McGovern, Sophie McShera",Drama,Blu-ray,tt1606375,
Downton Abbey: Season 4,Brian Percival,2013,"Hugh Bonneville, Laura Carmichael, Jim Carter, Brendan Coyle, Michelle Dockery, Joanne Froggatt, Rob James-Collier, Phyllis Logan, Elizabeth McGovern, Sophie McShera",Drama,Blu-ray,tt1606375,
Downton Abbey: Season 3,Brian Percival,2012,"Hugh Bonneville, Laura Carmichael, Jim Carter, Brendan Coyle, Michelle Dockery, Siobhan Finneran, Joanne Froggatt, Rob James-Collier, Phyllis Logan, Elizabeth McGovern",Drama,DVD,tt1606375,
Downton Abbey: Season 2,Brian Kelly,2011,"Hugh Bonneville, Laura Carmichael, Jim Carter, Brendan Coyle, Michelle Dockery, Siobhan Finneran, Joanne Froggatt, Rob James-Collier, Phyllis Logan, Elizabeth McGovern",Drama,DVD,tt1606375,
Downton Abbey: Season 1,Brian Percival,2010,"Hugh Bonneville, Laura Carmichael, Jim Carter, Brendan Coyle, Michelle Dockery, Joanne Froggatt, Rob James-Collier, Phyllis Logan, Elizabeth McGovern, Sophie McShera",Drama,DVD,tt1606375,
Jason Bourne,Paul Greengrass,2016,"Matt Damon, Tommy Lee Jones, Alicia Vikander, Vincent Cassel, Julia Stiles, Riz Ahmed, Ato Essandoh, Scott Shepherd, Bill Camp, Vinzenz Kiefer",Action,Blu-ray,tt4196776,
The Bourne Legacy,Tony Gilroy,2012,"Jeremy Renner, Scott Glenn, Stacy Keach, Edward Norton, Donna Murphy, Michael Chernus, Corey Stoll, Alice Gainer, Prue Lewarne, Howard Leader",Action,Blu-ray,tt1194173,
Heist,David Mamet,2001,"Gene Hackman, Danny DeVito, Delroy Lindo, Sam Rockwell, Rebecca Pidgeon, Ricky Jay, Patti LuPone, Alan Bilzerian, Richard L. Friedman, Robert Lussier",Action,DVD,tt0252503,
Out of Africa,Sydney Pollack,1985,"Meryl Streep, Robert Redford, Klaus Maria Brandauer, Michael Kitchen, Malick Bowens, Joseph Thiaka, Stephen Kinyanjui, Michael Gough, Suzanna Hamilton, Rachel Kempson",Adventure,Blu-ray,tt0089755,
Incendies,Denis Villeneuve,2010,"Lubna Azabal, Mélissa Désormeaux-Poulin, Maxim Gaudette, Rémy Girard, Abdelghafour Elaaziz, Allen Altman, Mohamed Majd, Nabil Sawalha, Baya Belal, Bader Alami",Drama,Blu-ray,tt1255953,
Excalibur,John Boorman,1981,"Nigel Terry, Helen Mirren, Nicholas Clay, Cherie Lunghi, Paul Geoffrey, Nicol Williamson, Robert Addie, Gabriel Byrne, Keith Buckley, Katrine Boorman",Adventure,DVD,tt0082348,
Luciano Pavarotti: The Event: Live (Sanctuary Records),,,,,DVD,,no IMDb ID; no year; no director; no actors; no genre
Luther,Guy Green,1974,"Stacy Keach, Patrick Magee, Hugh Griffith, Robert Stephens, Alan Badel, Julian Glover, Judi Dench, Leonard Rossiter, Maurice Denham, Peter Cellier",Drama,DVD,tt0070346,
The Blue Max,John Guillermin,1966,"George Peppard, James Mason, Ursula Andress, Jeremy Kemp, Karl Michael Vogler, Anton Diffring, Harry Towb, Peter Woodthorpe, Derek Newark, Derren Nesbitt",Action,DVD,tt0060177,
2 Movies Double Feature: Ship of Fools / Lilith,,,,,Blu-ray,tt0000000,no year; no director; no actors; no genre
The Marx Brothers Silver Screen Collection,,,,,Blu-ray,tt0000000,no year; no director; no actors; no genre
Shaw Festival: Behind The Curtain,,,,,DVD,,no IMDb ID; no year; no director; no actors; no genre
WWI: The War To End All Wars,,,,,DVD,,no IMDb ID; no year; no director; no actors; no genre
A Shot in the Dark,Blake Edwards,1964,"Peter Sellers, Elke Sommer, George Sanders, Herbert Lom, Tracy Reed, Graham Stark, Moira Redmond, Vanda Godsell, Maurice Kaufmann, Ann Lynn",Comedy,DVD,tt0058586,
Immortal Beloved,Bernard Rose,1994,"Gary Oldman, Jeroen Krabbé, Isabella Rossellini, Johanna ter Steege, Valeria Golino, Marco Hofschneider, Miriam Margolyes, Barry Humphries, Gerard Horan, Christopher Fulford",Drama,Blu-ray,tt0110116,
A Christmas Carol,Brian Desmond Hurst,1951,"Alastair Sim, Kathleen Harrison, Mervyn Johns, Hermione Baddeley, Michael Hordern, George Cole, John Charlesworth, Francis De Wolff, Rona Anderson, Carol Marsh",Drama,DVD,tt0044008,
Bullitt,Peter Yates,1968,"Steve McQueen, Robert Vaughn, Jacqueline Bisset, Don Gordon, Robert Duvall, Simon Oakland, Norman Fell, Georg Stanford Brown, Justin Tarr, Carl Reindel",Action,DVD,tt0062765,
The Electric Horseman,Sydney Pollack,1979,"Robert Redford, Jane Fonda, Valerie Perrine, Willie Nelson, John Saxon, Nicolas Coster, Allan Arbus, Wilford Brimley, Will Hare, Basil Hoffman",Comedy,DVD,tt0079100,
The Scarlet Pimpernel,Harold Young,1934,"Leslie Howard, Merle Oberon, Raymond Massey, Nigel Bruce, Bramwell Fletcher, Anthony Bushell, Joan Gardner, Walter Rilla, Mabel Terry-Lewis, O.B. Clarence",Adventure,DVD,tt0025748,
"Crouching Tiger, Hidden Dragon",Ang Lee,2000,"Chow Yun-Fat, Michelle Yeoh, Ziyi Zhang, Chen Chang, Sihung Lung, Pei-pei Cheng, Fa Zeng Li, Xian Gao, Yan Hai, De Ming Wang",Action,DVD,tt0190332,
Moonstruck,Norman Jewison,1987,"Cher, Nicolas Cage, Vincent Gardenia, Olympia Dukakis, Danny Aiello, Julie Bovasso, John Mahoney, Louis Guss, Feodor Chaliapin Jr., Anita Gillette",Comedy,DVD,tt0093565,
Planes,Klay Hall,2013,"Dane Cook, Stacy Keach, Brad Garrett, Teri Hatcher, Julia Louis-Dreyfus, Priyanka Chopra, John Cleese, Cedric The Entertainer, Carlos Alazraqui, Roger Craig Smith",Adventure,Blu-ray,tt1691917,
"What's Up, Doc?",Peter Bogdanovich,1972,"Barbra Streisand, Ryan O'Neal, Madeline Kahn, Kenneth Mars, Austin Pendleton, Michael Murphy, Philip Roth, Sorrell Booke, Stefan Gierasch, Mabel Albertson",Comedy,Blu-ray,tt0069495,
Le Mans,Lee H. Katzin,1971,"Steve McQueen, Siegfried Rauch, Elga Andersen, Ronald Leigh-Hunt, Fred Haltiner, Luc Merenda, Christopher Waite, Louise Edlind, Angelo Infanti, Jean-Claude Bercq",Action,DVD,tt0067334,
Charade,Stanley Donen,1963,"Cary Grant, Audrey Hepburn, Walter Matthau, James Coburn, George Kennedy, Dominique Minot, Ned Glass, Jacques Marin, Paul Bonifas, Thomas Chelimsky",Drama,DVD,tt0056923,
Thirty Seconds Over Tokyo,Mervyn LeRoy,1944,"Van Johnson, Robert Walker, Tim Murdock, Don DeFore, Herbert Gunn, Phyllis Thaxter, Stephen McNally, John R. Reilly, Robert Mitchum, Scott McKay",Drama,DVD,tt0037366,
Cars,John Lasseter,2006,"Owen Wilson, Paul Newman, Bonnie Hunt, Larry The Cable Guy, Cheech Marin, Tony Shalhoub, Guido Quaroni, Jenifer Lewis, Paul Dooley, Michael Wallis",Adventure,Blu-ray,tt0317219,
Notting Hill,Roger Michell,1999,"Julia Roberts, Hugh Grant, Richard McCabe, Rhys Ifans, James Dreyfus, Dylan Moran, Roger Frost, Henry Goodman, Julian Rhind-Tutt, Lorelei King",Comedy,Blu-ray,tt0125439,
The Buddha: The Story of Siddhartha,David Grubin,2010,"Richard Gere, Blair Brown, The Dalai Lama, Mark Epstein, William Stanley Merwin",Documentary,Blu-ray,tt1478841,
Casablanca,Michael Curtiz,1942,"Humphrey Bogart, Ingrid Bergman, Paul Henreid, Claude Rains, Conrad Veidt, Sydney Greenstreet, Peter Lorre, S.Z. Sakall, Madeleine LeBeau, Dooley Wilson",Classic,DVD,tt0034583,
Sleepless in Seattle,Nora Ephron,1993,"Bill Pullman, Philip Mihalski, Donald J. Lee Jr., Mary A. Kelly, Diane Sokolow, Hannah Cox, Rich Hawkins, Brian McConnachie, Tamara Plank, Jeff Mazzola",Comedy,Blu-ray,tt0108160,
Ex Machina,Alex Garland,2015,"Domhnall Gleeson, Corey Johnson, Oscar Isaac, Alicia Vikander, Sonoya Mizuno, Claire Selby, Symara A. Templeman, Gana Bayarsaikhan, Tiffany Pisani, Elina Alminas",Drama,Blu-ray,tt0470752,
The Girl with the Dragon Tattoo,Niels Arden Oplev,2009,"Michael Nyqvist, Noomi Rapace, Lena Endre, Peter Haber, Sven-Bertil Taube, Peter Andersson, Ingvar Hirdwall, Marika Lagercrantz, Björn Granath, Ewa Fröling",Crime,DVD,tt1132620,
The History of Motor Racing 1950s,,,,,DVD,tt0000000,no year; no director; no actors; no genre
Gettysburg,Ronald F. Maxwell,1993,"Tom Berenger, Martin Sheen, Stephen Lang, Richard Jordan, Andrew Prine, Cooper Huckabee, Patrick Gorman, Bo Brinkman, James Lancaster, William Morgan Sheppard",Drama,DVD,tt0107007,
John Adams,Tom Hooper,2008,"Paul Giamatti, Laura Linney, John Dossett, Stephen Dillane, Sarah Polley, Samuel Barnett, David Morse, Andrew Scott, Danny Huston, Ebon Moss-Bachrach",Drama,DVD,tt0472027,
The Station Agent,Thomas McCarthy,2003,"Peter Dinklage, Paul Benjamin, Jase Blankfort, Paula Garcés, Josh Pais, Richard Kind, Bobby Cannavale, Patricia Clarkson, Lynn Cohen, Raven Goodwin",Comedy,DVD,tt0340377,
Gods and Generals,Ronald F. Maxwell,2003,"Jeff Daniels, Mark Aldrich, Stephen Lang, George Allen, Robert Duvall, Keith Allison, Mira Sorvino, Royce D. Applegate, Kevin Conway, C. Thomas Howell",Action,Blu-ray,tt0279111,
Hugo,Martin Scorsese,2011,"Ben Kingsley, Sacha Baron Cohen, Asa Butterfield, Chloë Grace Moretz, Ray Winstone, Emily Mortimer, Christopher Lee, Helen McCrory, Michael Stuhlbarg, Frances De la Tour",Adventure,Blu-ray,tt0970179,
Maiden,Alex Holmes,2018,"Frank Bough, John Chittenden, Bruno Du Bois, Pat Edwards, Tracy Edwards, Bob Fisher, Howard Gibbons, Jo Gooding, Nancy Harris, Angela Heath",Documentary,Blu-ray,tt8879946,
The Motorcycle Diaries,Walter Salles,2004,"Gael García Bernal, Rodrigo De la Serna, Mercedes Morán, Jean Pierre Noher, Lucas Oro, Marina Glezer, Sofia Bertolotto, Franco Solazzi, Ricardo Díaz Mourelle, Sergio Boris",Adventure,DVD,tt0318462,
Gold Diggers of 1933,Mervyn LeRoy,1933,"Warren William, Joan Blondell, Aline MacMahon, Ruby Keeler, Dick Powell, Guy Kibbee, Ned Sparks, Ginger Rogers, Robert Agnew, Loretta Andrews",Comedy,DVD,tt0024069,
The Russians Are Coming the Russians Are Coming,Norman Jewison,1966,"Carl Reiner, Eva Marie Saint, Alan Arkin, Brian Keith, Jonathan Winters, Paul Ford, Theodore Bikel, Tessie O'Shea, John Phillip Law, Ben Blue",Comedy,Blu-ray,tt0060921,
*batteries not included,Matthew Robbins,1987,"Hume Cronyn, Jessica Tandy, Frank McRae, Elizabeth Peña, Michael Carmine, Dennis Boutsikaris, Tom Aldredge, Jane Hoffman, John DiSanti, John Pankow",Comedy,DVD,tt0092494,
Key Largo,John Huston,1948,"Humphrey Bogart, Edward G. Robinson, Lauren Bacall, Lionel Barrymore, Claire Trevor, Thomas Gomez, Harry Lewis, John Rodney, Marc Lawrence, Dan Seymour",Crime,DVD,tt0040506,
Victor Victoria,Blake Edwards,1982,"Julie Andrews, James Garner, Robert Preston, Lesley Ann Warren, Alex Karras, John Rhys-Davies, Graham Stark, Peter Arne, Herb Tanney, Michael Robbins",Comedy,DVD,tt0084865,
3 Days of the Condor,Sydney Pollack,1975,"Robert Redford, Faye Dunaway, Cliff Robertson, Max Von Sydow, John Houseman, Addison Powell, Walter McGinn, Tina Chen, Michael Kane, Don McHenry",Drama,DVD,tt0073802,
Fly Away Home,Carroll Ballard,1996,"Jeff Daniels, Anna Paquin, Dana Delany, Terry Kinney, Holter Graham, Jeremy Ratchford, Deborah Verginella, Michael J. Reynolds, David Hemblen, Ken James",Adventure,DVD,tt0116329,
Anatomy of a Murder,Otto Preminger,1959,"James Stewart, Lee Remick, Ben Gazzara, Arthur O'Connell, Eve Arden, Kathryn Grant, George C. Scott, Orson Bean, Russ Brown, Murray Hamilton",Drama,DVD,tt0052561,
Shogun,Jerry London,1980,"Richard Chamberlain, Toshirô Mifune, Yôko Shimada, Frankie Sakai, Alan Badel, Damien Thomas, Vladek Sheybal, Yuki Meguro, Hideo Takamatsu, Nobuo Kaneko",Adventure,DVD,tt0080274,
Guns: The Evolution Of Firearms,Kevin R. Hershberger,2013,,Documentary,DVD,tt2499880,no actors
The Dawn Patrol,Edmund Goulding,1938,"Errol Flynn, Basil Rathbone, David Niven, Donald Crisp, Melville Cooper, Barry Fitzgerald, Carl Esmond, Peter Willes, Morton Lowry, Michael Brooke",Drama,DVD,tt0030044,
American Graffiti,George Lucas,1973,"Richard Dreyfuss, Ron Howard, Paul Le Mat, Charles Martin Smith, Cindy Williams, Candy Clark, Mackenzie Phillips, Wolfman Jack, Bo Hopkins, Manuel Padilla Jr.",Comedy,DVD,tt0069704,
1917,Sam Mendes,2019,"Dean-Charles Chapman, George MacKay, Daniel Mays, Colin Firth, Pip Carter, Andy Apollo, Paul Tinto, Josef Davies, Billy Postlethwaite, Gabriel Akuwudike",Drama,Blu-ray,tt8579674,
The Thomas Crown Affair,Norman Jewison,1968,"Steve McQueen, Faye Dunaway, Paul Burke, Jack Weston, Biff McGuire, Addison Powell, Astrid Heeren, Gordon Pinsent, Yaphet Kotto, Sidney Armus",Comedy,Blu-ray,tt0063688,
The Misfits,John Huston,1961,"Clark Gable, Marilyn Monroe, Montgomery Clift, Thelma Ritter, Eli Wallach, James Barton, Kevin McCarthy, Estelle Winwood, Peggy Barton, Rex Bell",Drama,DVD,tt0055184,
Full Metal Jacket,Stanley Kubrick,1987,"Matthew Modine, Adam Baldwin, Vincent D'Onofrio, R. Lee Ermey, Dorian Harewood, Kevyn Major Howard, Arliss Howard, Ed O'Ross, John Terry, Kieron Jecchinis",Action,Blu-ray,tt0093058,
Hunt vs Lauda- F1's Greatest Racing Rivals,,,"Ed Stoppard, Daniel Audetto, Alastair Caldwell, Enzo Ferrari, John Hogan, James Hunt, Sally Jones, Marlene Lauda, Niki Lauda, Jackie Stewart",Documentary,DVD,tt3056202,no year; no director
The Bridge on the River Kwai,David Lean,1957,"William Holden, Alec Guinness, Jack Hawkins, Sessue Hayakawa, James Donald, Geoffrey Horne, André Morell, Peter Williams, John Boxer, Percy Herbert",Adventure,Blu-ray,tt0050212,
Winged Migration,Jacques Perrin,2001,Philippe Labro,Adventure,DVD,tt0301727,
Quigley Down Under,Simon Wincer,1990,"Tom Selleck, Laura San Giacomo, Alan Rickman, Chris Haywood, Ron Haddrick, Tony Bonner, Jerome Ehlers, Conor McDermottroe, Roger Ward, Ben Mendelsohn",Adventure,DVD,tt0102744,
The Caine Mutiny,Edward Dmytryk,1954,"Humphrey Bogart, José Ferrer, Van Johnson, Fred MacMurray, Robert Francis, May Wynn, Tom Tully, E.G. Marshall, Arthur Franz, Lee Marvin",Drama,Blu-ray,tt0046816,
Open Range,Kevin Costner,2003,"Robert Duvall, Annette Bening, Michael Gambon, Michael Jeter, Diego Luna, James Russo, Abraham Benrubi, Dean McDermott, Kim Coates, Lauran Paine",Drama,DVD,tt0316356,
One Man's Island,Peter Riddihough,2003,,Adventure,DVD,tt0424327,no actors
The Closer: The Complete First Season,Arvin Brown,2005,"Kyra Sedgwick, J.K. Simmons, Corey Reynolds, Robert Gossett, G.W. Bailey, Jon Tenney, Anthony John Denison, Phillip P. Keene, Michael Paul Chan, Raymond Cruz",Crime,DVD,tt0458253,
The Closer: The Complete Seventh and Final Season,Stacey K. Black,2011,"Kyra Sedgwick, J.K. Simmons, Corey Reynolds, Robert Gossett, G.W. Bailey, Michael Paul Chan, Jon Tenney, Tony Denison, Phillip P. Keene, Raymond Cruz",Crime,DVD,tt0458253,
The Closer: The Complete Third Season,Kevin Bacon,2006,"James Avery, Jonathan Del Arco, Conan McCarty, Frances Sternhagen, Ryan Van de Kamp Buchanan, Barry Corbin, James Patrick Stuart, Bob Clendenin, S. Epatha Merkerson, French Stewart",Crime,DVD,tt0458253,
The Closer: The Complete Fifth Season,Adam Arkin,2009,"Kyra Sedgwick, J.K. Simmons, Corey Reynolds, Robert Gossett, G.W. Bailey, Jon Tenney, Anthony John Denison, Phillip P. Keene, Michael Paul Chan, Raymond Cruz",Crime,DVD,tt0458253,
The Closer: The Complete Sixth Season,Stacey K. Black,2010,"Kyra Sedgwick, J.K. Simmons, Corey Reynolds, Robert Gossett, G.W. Bailey, Michael Paul Chan, Jon Tenney, Anthony John Denison, Phillip P. Keene, Raymond Cruz",Crime,DVD,tt0458253,
The Closer: The Complete Fourth Season,Kevin Bacon,2009,"Kyra Sedgwick, J.K. Simmons, Corey Reynolds, Robert Gossett, G.W. Bailey, Jon Tenney, Anthony John Denison, Phillip P. Keene, Michael Paul Chan, Raymond Cruz",Crime,DVD,tt0458253,
The Closer: The Complete Second Season,Kevin Bacon,2005,"Kyra Sedgwick, J.K. Simmons, Corey Reynolds, Robert Gossett, G.W. Bailey, Jon Tenney, Anthony John Denison, Phillip P. Keene, Michael Paul Chan, Raymond Cruz",Crime,DVD,tt0458253,
Igby Goes Down,Burr Steers,2002,"Kieran Culkin, Claire Danes, Jeff Goldblum, Jared Harris, Amanda Peet, Ryan Phillippe, Bill Pullman, Susan Sarandon, Rory Culkin, Peter Anthony Tambakis",Comedy,DVD,tt0280760,
The Artist,Michel Hazanavicius,2011,"Jean Dujardin, Bérénice Bejo, John Goodman, James Cromwell, Penelope Ann Miller, Missi Pyle, Beth Grant, Ed Lauter, Joel Murray, Elizabeth Tulloch",Comedy,Blu-ray,tt1655442,
The Three Stooges,Bobby Farrelly,2012,"Sean Hayes, Will Sasso, Chris Diamantopoulos, Jane Lynch, Sofía Vergara, Jennifer Hudson, Craig Bierko, Stephen Collins, Larry David, Kirby Heyborne",Comedy,DVD,tt0383010,
"It's a Mad, Mad, Mad, Mad World",Stanley Kramer,1963,"Spencer Tracy, Milton Berle, Sid Caesar, Buddy Hackett, Ethel Merman, Mickey Rooney, Dick Shawn, Phil Silvers, Terry-Thomas, Jonathan Winters",Action,Blu-ray,tt0057193,
How Green Was My Valley,John Ford,1941,"Walter Pidgeon, Maureen O'Hara, Anna Lee, Donald Crisp, Roddy McDowall, John Loder, Sara Allgood, Barry Fitzgerald, Patric Knowles, Welsh Singers",Drama,Blu-ray,tt0033729,
The Diary of Anne Frank,George Stevens,1959,"Millie Perkins, Joseph Schildkraut, Shelley Winters, Richard Beymer, Gusti Huber, Lou Jacobi, Diane Baker, Douglas Spencer, Dodie Heath, Ed Wynn",Drama,DVD,tt0052738,
My Darling Clementine,John Ford,1946,"Henry Fonda, Linda Darnell, Victor Mature, Cathy Downs, Walter Brennan, Tim Holt, Ward Bond, Alan Mowbray, John Ireland, Roy Roberts",Drama,Blu-ray,tt0038762,
The Pink Panther,Blake Edwards,1963,"David Niven, Peter Sellers, Robert Wagner, Capucine, Brenda De Banzie, Colin Gordon, John Le Mesurier, James Lanphier, Guy Thomajan, Michael Trubshawe",Comedy,DVD,tt0057413,
Little Fauss and Big Halsy,Sidney J. Furie,1970,"Robert Redford, Michael J. Pollard, Lauren Hutton, Noah Beery Jr., Lucille Benson, Ray Ballard, Linda Gaye Scott, Erin O'Reilly, Ben Archibek, Sharmagne Leland-St. John",Drama,Blu-ray,tt0065989,
The Girlfriend Experience: Season 1,Lodge Kerrigan,2016,"Riley Keough, Paul Sparks, Mary Lynn Rajskub, Briony Glassco, Sabryn Rock, Bill Lake, Aidan Devine, Michael Therriault, Sugith Varughese, Oliver Becker",Drama,Blu-ray,tt3846642,
Sully,Clint Eastwood,2016,"Tom Hanks, Aaron Eckhart, Valerie Mahaffey, Delphi Harrington, Mike O'Malley, Jamey Sheridan, Anna Gunn, Holt McCallany, Ahmed Lucan, Laura Linney",Drama,Blu-ray,tt3263904,
Wings Of Destruction,Not identified,2009,"Fred North, Edward Feuerherd, David Hass, Justin Dobring, K.C.Hight, Lisa Neal, John Dorkin, Philip Michael Vitch, Jon Paul Johnson",Documentary,DVD,tt0000000,
Show Boat,George Sidney,1951,"Kathryn Grayson, Ava Gardner, Howard Keel, Joe E. Brown, Marge Champion, Gower Champion, Robert Sterling, Agnes Moorehead, Leif Erickson, William Warfield",Drama,DVD,tt0044030,
The Blue Max,John Guillermin,1966,"George Peppard, James Mason, Ursula Andress, Jeremy Kemp, Karl Michael Vogler, Anton Diffring, Harry Towb, Peter Woodthorpe, Derek Newark, Derren Nesbitt",Action,DVD,tt0060177,
The Girl Who Played with Fire,Daniel Alfredson,2009,"Michael Nyqvist, Noomi Rapace, Lena Endre, Peter Andersson, Michalis Koutsogiannakis, Annika Hallin, Sofia Ledarp, Jacob Ericksson, Reuben Sallmander, Yasmine Garbi",Crime,Blu-ray,tt1216487,
The French Connection,William Friedkin,1971,"Gene Hackman, Fernando Rey, Roy Scheider, Tony Lo Bianco, Marcel Bozzuffi, Frédéric de Pasquale, Bill Hickman, Ann Rebbot, Harold Gary, Arlene Farber",Action,Blu-ray,tt0067116,
Some Like It Hot,Billy Wilder,1959,"Marilyn Monroe, Tony Curtis, Jack Lemmon, George Raft, Pat O'Brien, Joe E. Brown, Nehemiah Persoff, Joan Shawlee, Billy Gray, George E. Stone",Comedy,Blu-ray,tt0053291,
High Noon,Fred Zinnemann,1952,"Gary Cooper, Thomas Mitchell, Lloyd Bridges, Katy Jurado, Grace Kelly, Otto Kruger, Lon Chaney Jr., Harry Morgan, Ian MacDonald, Eve McVeagh",Drama,Blu-ray,tt0044706,
Amadeus,Milos Forman,1984,"F. Murray Abraham, Tom Hulce, Elizabeth Berridge, Roy Dotrice, Simon Callow, Christine Ebersole, Jeffrey Jones, Charles Kay, Kenneth McMillan, Kenny Baker",Drama,Blu-ray,tt0086879,
The 24 Hour War,Nate Adams,2016,"Charlie Agapiou, Mario Andretti, A.J. Baime, Bob Bondurant, Peter Brock, Gordon Chance, Piero Ferrari, Edsel B. Ford II, Henry Ford, Mauro Forghieri",Documentary,Blu-ray,tt4875844,
The Sting,George Roy Hill,1973,"Paul Newman, Robert Redford, Robert Shaw, Charles Durning, Ray Walston, Eileen Brennan, Harold Gould, John Heffernan, Dana Elcar, Jack Kehoe",Comedy,DVD,tt0070735,
Young Frankenstein,Mel Brooks,1974,"Gene Wilder, Peter Boyle, Marty Feldman, Madeline Kahn, Cloris Leachman, Teri Garr, Kenneth Mars, Richard Haydn, Liam Dunn, Danny Goldman",Comedy,DVD,tt0072431,
Easy Rider,Dennis Hopper,1969,"Peter Fonda, Jack Nicholson, Antonio Mendoza, Phil Spector, Mac Mashourian, Warren Finnerty, Tita Colorado, Luke Askew, Karen Black",Adventure,DVD,tt0064276,
Only Angels Have Wings,Howard Hawks,1939,"Cary Grant, Jean Arthur, Richard Barthelmess, Rita Hayworth, Thomas Mitchell, Allyn Joslyn, Sig Ruman, Victor Kilian, John Carroll, Don 'Red' Barry",Adventure,Blu-ray,tt0031762,
Those Magnificent Men in Their Flying Machines or How I Flew from London to Paris in 25 hours 11 min,Ken Annakin,1965,"Stuart Whitman, Sarah Miles, James Fox, Alberto Sordi, Robert Morley, Gert Fröbe, Jean-Pierre Cassel, Irina Demick, Eric Sykes, Red Skelton",Action,Blu-ray,tt0059797,
Star Wars: The Force Awakens,J.J. Abrams,2015,"Harrison Ford, Mark Hamill, Carrie Fisher, Adam Driver, Daisy Ridley, John Boyega, Oscar Isaac, Lupita Nyong'o, Andy Serkis, Domhnall Gleeson",Action,Blu-ray,tt2488496,
Fawlty Towers: The Complete Collection Remastered,Bob Spiers,1975,"John Cleese, Prunella Scales, Andrew Sachs, Connie Booth, Ballard Berkeley, Gilly Flower, Renee Roberts, Brian Hall, Terence Conoley, Elizabeth Benson",Comedy,DVD,tt0072500,
The Aviator,Martin Scorsese,2004,"Leonardo DiCaprio, Cate Blanchett, Kate Beckinsale, John C. Reilly, Alec Baldwin, Alan Alda, Ian Holm, Danny Huston, Gwen Stefani, Jude Law",Drama,DVD,tt0338751,
Indiana Jones: The Complete Adventure Collection,,,,Action,DVD,,no IMDb ID; no year; no director; no actors
Tina Turner Live in Amsterdam: Wildest Dreams Tour,David Mallet,1997,"Tina Turner, Jack Bruno, Timmy Cappello, Cynthia Davila, Bob Feit, Ollie Marland, John Miles, Kenny Moore, Karen Owens, Sharon Owens",Documentary,DVD,tt0168225,
Viva Zapata!,Elia Kazan,1952,"Marlon Brando, Jean Peters, Anthony Quinn, Joseph Wiseman, Arnold Moss, Alan Reed, Margo, Harold Gordon, Lou Gilbert, Frank Silvera",Drama,Blu-ray,tt0045296,
Milk,Gus Van Sant,2008,"Sean Penn, Emile Hirsch, Josh Brolin, Diego Luna, James Franco, Alison Pill, Victor Garber, Denis O'Hare, Joseph Cross, Stephen Spinella",Drama,Blu-ray,tt1013753,
Avatar,James Cameron,2009,"Sam Worthington, Zoe Saldana, Sigourney Weaver, Stephen Lang, Michelle Rodriguez, Giovanni Ribisi, Joel Moore, CCH Pounder, Wes Studi, Laz Alonso",Action,Blu-ray,tt0499549,
Victor Borge: Comedy & Music,,,Victor Borge,,DVD,tt0000000,no year; no director; no genre
The Door in the Floor,Tod Williams,2004,"Elle Fanning, Jeff Bridges, Kim Basinger, Jon Foster, Larry Pine, John Rothman, Harvey Loomis, Bijou Phillips, Mimi Rogers, Mike S. Ryan",Drama,DVD,tt0348593,
Girl With a Pearl Earring,Peter Webber,2003,"Colin Firth, Scarlett Johansson, Tom Wilkinson, Judy Parfitt, Cillian Murphy, Essie Davis, Joanna Scanlan, Alakina Mann, Chris McHallem, Gabrielle Reidy",Drama,DVD,tt0335119,
Memoirs of a Geisha,Rob Marshall,2005,"Youki Kudoh, Takayo Fischer, Albert 'Sumo' Lee, Rick Mali, Ziyi Zhang, Suzuka Ohgo, Ken Watanabe, Kôji Yakusho, Li Gong, Kaori Momoi",Drama,DVD,tt0397535,
Victory by Design: Ferrari,,2004,Alain de Cadenet,Documentary,DVD,tt0498495,no director
Victory by Design: Aston Martin,,2004,Alain de Cadenet,Documentary,DVD,tt0498466,no director
Victory By Design: Maserati,Tony Maylam,2003,Alain de Cadenet,Documentary,DVD,tt0498532,
Victory by Design: Jaguar,Tony Maylam,2004,Alain de Cadenet,Documentary,DVD,tt0498513,
Victory By Design: Alfa Romeo,Tony Maylam,2004,Alain de Cadenet,Documentary,DVD,tt0498460,
Victory by Design: Porsche,Tony Maylam,2003,Alain de Cadenet,Documentary,DVD,tt0498559,
El Mariachi / Desperado,,,,,DVD,tt0000000,no year; no director; no actors; no genre
Desperado,Robert Rodriguez,1995,"Antonio Banderas, Salma Hayek, Joaquim de Almeida, Cheech Marin, Steve Buscemi, Carlos Gómez, Quentin Tarantino, Tito Larriva, Angel Aviles, Danny Trejo",Action,DVD,tt0112851,
El Mariachi,Robert Rodriguez,1992,"Carlos Gallardo, Consuelo Gómez, Jaime de Hoyos, Peter Marquardt, Reinol Martinez, Ramiro Gómez, Jesús López, Luis Baró, Oscar Fabila, Poncho Ramón",Action,DVD,tt0104815,
Monster Squad,Fred Dekker,1987,,Action,DVD,tt0093560,no actors
The Pope’s Exorcist,Julius Avery,2023,"Russell Crowe, Daniel Zovatto, Alex Essoe, Franco Nero, Peter DeSouza-Feighoney, Laurel Marsden, Cornell John, Ryan O'Grady, Bianca Bardoe, Santi Bayón",Horror,Blu-ray,tt13375076,
The Wolf of Wall Street,Martin Scorsese,2013,"Leonardo DiCaprio, Jonah Hill, Margot Robbie, Matthew McConaughey, Kyle Chandler, Rob Reiner, Jon Bernthal, Jon Favreau, Jean Dujardin, Joanna Lumley",Comedy,DVD,tt0993846,
Twisters,Lee Isaac Chung,2024,"Daisy Edgar-Jones, Glen Powell, Anthony Ramos, Brandon Perea, Maura Tierney, Harry Hadden-Paton, Sasha Lane, Daryl McCormack, Kiernan Shipka, Nik Dodani",Action,Blu-ray,tt12584954,
Godzilla x Kong: The New Empire,Adam Wingard,2024,"Rebecca Hall, Brian Tyree Henry, Dan Stevens, Kaylee Hottle, Alex Ferns, Fala Chen, Rachel House, Ron Smyck, Chantelle Jamieson, Greg Hatton",Action,Blu-ray,tt14539740,
A Quiet Place: Day One,Michael Sarnoski,2024,"Lupita Nyong'o, Joseph Quinn, Alex Wolff, Djimon Hounsou, Eliane Umuhire, Takunda Khumalo, Alfie Todd, Avy-Berry Worrall, Ronnie Le Drew, Benjamin Wong",Drama,DVD,tt13433802,
The Nun II,Michael Chaves,2023,"Taissa Farmiga, Jonas Bloquet, Storm Reid, Anna Popplewell, Bonnie Aarons, Katelyn Rose Downey, Suzanne Bertish, Léontine d'Oncieu, Anouk Darwin Homewood, Peter Hudson",Horror,DVD,tt10160976,
The Sixth Sense,M. Night Shyamalan,1999,"Bruce Willis, Haley Joel Osment, Toni Collette, Olivia Williams, Trevor Morgan, Donnie Wahlberg, Peter Anthony Tambakis, Jeffrey Zubernis, Bruce Norris, Glenn Fitzgerald",Drama,DVD,tt0167404,
The Nanny Diaries,Shari Springer Berman,2007,"Scarlett Johansson, Donna Murphy, John Henry Cox, Alicia Keys, Lewis Payton Jr., Sonnie Brown, Georgina Chapman, Nicholas Art, Jodi Michelle Pynn, Mike Rad",Comedy,DVD,tt0489237,
Hall Pass,Bobby Farrelly,2011,"Owen Wilson, Jason Sudeikis, Jenna Fischer, Christina Applegate, Nicky Whelan, Richard Jenkins, Stephen Merchant, Larry Joe Campbell, Bruce Thomas, Tyler Hoechlin",Comedy,DVD,tt0480687,
Down to You,Kris Isacsson,2000,"Selma Blair, Jane Scarlett, Freddie Prinze Jr., Julia Stiles, Shawn Hatosy, Zak Orth, Ashton Kutcher, Rosario Dawson, Henry Winkler, Lucie Arnaz",Drama,DVD,tt0186975,
Inventing the Abbotts,Pat O'Connor,1997,"Liv Tyler, Jack Cummins, Andrea Post, Susan Barnes, Clive Rosengren, Margaret Ash, David Frazier, Zoe McLellan, Julie Benz, Garrett M. Brown",Drama,DVD,tt0119381,
About Last Night...,Edward Zwick,1986,"Rob Lowe, Demi Moore, James Belushi, Elizabeth Perkins, George DiCenzo, Michael Alldredge, Robin Thomas, Donna Gibbons, Megan Mullally, Patricia Duff",Comedy,DVD,tt0090583,
God Bless The Broken Road,Harold Cronk,2018,"Lindsay Pulsipher, Jordin Sparks, LaDainian Tomlinson, Andrew W. Walker, Robin Givens, Makenzie Moss, Kim Delaney, Gary Grubbs, Arthur Cartwright, Madeline Carroll",Drama,DVD,tt5702446,
One Tree Hill: Complete First Season,,2003,"Bethany Joy Lenz, Sophia Bush, James Lafferty, Lee Norris, Paul Johansson, Chad Michael Murray, Hilarie Burton, Barbara Alyn Woods, Antwon Tanner, Jackson Brundage",Drama,DVD,tt0368530,no director
The Dean Martin Celebrity Roasts: Dean Martin,,1976,,Comedy,DVD,tt4182734,no director; no actors
The Dean Martin Celebrity Roasts: Jimmy Stewart,,1978,,Comedy,DVD,tt1277706,no director; no actors
Lake Placid,Steve Miner,1999,"Bill Pullman, Bridget Fonda, Oliver Platt, Brendan Gleeson, Betty White, David Lewis, Tim Dixon, Natassia Malthe, Mariska Hargitay, Meredith Salenger",Action,DVD,tt0139414,
Face/Off,John Woo,1997,"John Travolta, Nicolas Cage, Joan Allen, Alessandro Nivola, Gina Gershon, Dominique Swain, Nick Cassavetes, Harve Presnell, Colm Feore, John Carroll Lynch",Action,DVD,tt0119094,
Shaft,John Singleton,2000,"Samuel L. Jackson, Vanessa Williams, Jeffrey Wright, Christian Bale, Busta Rhymes, Dan Hedaya, Toni Collette, Richard Roundtree, Ruben Santiago-Hudson, Josef Sommer",Action,DVD,tt0162650,
Precious Cargo,Max Adams,2016,"Mark-Paul Gosselaar, Bruce Willis, Claire Forlani, John Brotherton, Lydia Hull, Daniel Bernhardt, Ashley Kirk, Tyler Jon Olson, Jenna B. Kelly, Christopher Rob Bowen",Action,DVD,tt4651410,
Look Who's Talking,Amy Heckerling,1989,"John Travolta, Kirstie Alley, Olympia Dukakis, George Segal, Abe Vigoda, Bruce Willis, Twink Caplan, Jason Schaller, Jaryd Waterhouse, Jacob Haines",Comedy,DVD,tt0097778,
Shall We Dance?,Peter Chelsom,2004,"Richard Gere, Jennifer Lopez, Susan Sarandon, Lisa Ann Walter, Stanley Tucci, Anita Gillette, Bobby Cannavale, Omar Benson Miller, Tamara Hope, Stark Sands",Comedy,DVD,tt0358135,
Life As We Know It,Greg Berlanti,2010,"Katherine Heigl, Josh Duhamel, Josh Lucas, Alexis Clagett, Brynn Clagett, Brooke Clagett, Hayes MacArthur, Christina Hendricks, Sarah Burns, Jessica St. Clair",Comedy,DVD,tt1055292,
Because I Said So,Michael Lehmann,2007,"Diane Keaton, Mandy Moore, Gabriel Macht, Tom Everett Scott, Lauren Graham, Piper Perabo, Stephen Collins, Ty Panitz, Matt Champagne, Colin Ferguson",Comedy,DVD,tt0490084,
Scoop,Woody Allen,2006,"Hugh Jackman, Scarlett Johansson, Ian McShane, Jim Dunk, Robert Bathurst, Geoff Bell, Christopher Fulford, Nigel Lindsay, Fenella Woolgar",Comedy,DVD,tt0457513,
Solitary Man,Brian Koppelman,2009,"Michael Douglas, Susan Sarandon, Danny DeVito, Mary-Louise Parker, Jenna Fischer, Imogen Poots, Jesse Eisenberg, Richard Schiff, Jake Richard Siciliano, David Costabile",Comedy,DVD,tt1294213,
Catch a Fire,Phillip Noyce,2006,"Tim Robbins, Derek Luke, Bonnie Henna, Mncedisi Shabangu, Tumisho Masha, Sithembiso Khumalo, Terry Pheto, Michele Burgers, Mpho Lovinga, Mxo",Drama,DVD,tt0437232,
Domino,Tony Scott,2005,"Keira Knightley, Mickey Rourke, Edgar Ramírez, Rizz Abbasi, Delroy Lindo, Mo'Nique, Ian Ziering, Brian Austin Green, Joe Nunez, Macy Gray",Crime,DVD,tt0421054,
Selena,Gregory Nava,1997,"Jennifer Lopez, Jackie Guerra, Constance Marie, Alex Meneses, Jon Seda, Edward James Olmos, Jacob Vargas, Pete Astudillo, Rueben Gonzáles, Ricky Vela",Drama,DVD,tt0120094,
Brothers,Jim Sheridan,2009,"Jake Gyllenhaal, Natalie Portman, Tobey Maguire, Clifton Collins Jr., Bailee Madison, Sam Shepard, Mare Winningham, Taylor Geare, Patrick Flueger, Jenny Wade",Drama,Blu-ray,tt0765010,
Heaven is for Real,Randall Wallace,2014,"Greg Kinnear, Kelly Reilly, Thomas Haden Church, Connor Corum, Margo Martindale, Jacob Vargas, Danso Gordon, Rob Moran, Nancy Sorel, Darcy Fehr",Drama,DVD,tt1929263,
RV,Barry Sonnenfeld,2006,"Robin Williams, Cheryl Hines, Joanna 'JoJo' Levesque, Josh Hutcherson, Jeff Daniels, Kristin Chenoweth, Hunter Parrish, Chloe Sonnenfeld, Alex Ferris, Will Arnett",Adventure,DVD,tt0449089,
My Sister's Keeper,Nick Cassavetes,2009,"Abigail Breslin, Walter Raney, Sofia Vassilieva, Cameron Diaz, Heather Wahlquist, Jason Patric, Evan Ellingson, Alec Baldwin, Nicole Marie Lenz, Paul Butler",Drama,DVD,tt1078588,
Whiteout,Dominic Sena,2009,"Kate Beckinsale, Gabriel Macht, Tom Skerritt, Columbus Short, Alex O'Loughlin, Shawn Doyle, Joel S. Keller, Jesse Todd, Arthur Holden, Erin Hickock",Action,DVD,tt0365929,
Moneyball,Bennett Miller,2011,"Brad Pitt, Jonah Hill, Philip Seymour Hoffman, Robin Wright, Chris Pratt, Stephen Bishop, Brent Jennings, Ken Medlock, Tammy Blanchard, Jack McGee",Drama,DVD,tt1210166,
The Chosen: Season Five,Dallas Jenkins,2025,"Elizabeth Tabish, Shahar Isaac, Paras Patel, Noah James, George H. Xanthis, Jonathan Roumie, Shaan Sharma, Giavani Cairo, Jordan Walker Ross, Nick Shakoour",Drama,DVD,tt5622316,
Medium: The Complete Series,Aaron Lipstadt,2011,"Patricia Arquette, Miguel Sandoval, Sofia Vassilieva, Maria Lark, Jake Weber, David Cubitt, Miranda Carabello, Madison Carabello, Tina DiJoseph, Bruce Gray",,DVD,tt0412175,no genre
The Conjuring: The Devil Made Me Do It,Michael Chaves,2021,"Patrick Wilson, Vera Farmiga, Ruairi O'Connor, Sarah Catherine Hook, Julian Hilliard, John Noble, Eugenie Bondurant, Shannon Kook, Ronnie Gene Blevins, Keith Arthur Bolden",Horror,DVD,tt7069210,
Nobody 2,Timo Tjahjanto,2025,"Bob Odenkirk, Connie Nielsen, Christopher Lloyd, John Ortiz, RZA, Sharon Stone, Colin Hanks, Gage Munroe, Paisley Cadorath, Colin Salmon",Action,DVD,tt28996126,
The Children of the Corn Collection,,2011,,Horror,DVD,tt0000000,no director; no actors
Bug,William Friedkin,2006,"Ashley Judd, Michael Shannon, Harry Connick Jr., Lynn Collins, Brian F. O'Byrne, Neil Bergeron, Bob Neill",Drama,DVD,tt0470705,
I'm Gonna Git You Sucka,Keenen Ivory Wayans,1988,"Bernie Casey, Antonio Fargas, Steve James, Isaac Hayes, Jim Brown, Ja'Net Dubois, Dawnn Lewis, John Vernon, Clu Gulager",Action,DVD,tt0095348,
Wildcats,Michael Ritchie,1986,"Goldie Hawn, Swoosie Kurtz, Robyn Lively, Brandy Gold, James Keach, Jan Hooks, Bruce McGill, Nipsey Russell, Mykelti Williamson, Tab Thacker",Comedy,DVD,tt0092214,
There Will Be Blood,Paul Thomas Anderson,2007,"Daniel Day-Lewis, Martin Stringer, Matthew Braden Stringer, Jacob Stringer, Joseph Mussey, Barry Del Sherman, Harrison Taylor, Stockton Taylor, Paul F. Tompkins, Dillon Freasier",Drama,DVD,tt0469494,
S1m0ne,Andrew Niccol,2002,"Al Pacino, Benjamin Salisbury, Winona Ryder, Darnell Williams, Jim Rash, Ron Perkins, Jay Mohr, Catherine Keener, Evan Rachel Wood, Jeffrey Pierce",Comedy,DVD,tt0258153,
Kill Bill: Volume 1,Quentin Tarantino,2003,"Uma Thurman, Lucy Liu, Vivica A. Fox, Daryl Hannah, David Carradine, Michael Madsen, Julie Dreyfus, Chiaki Kuriyama, Shin'ichi Chiba, Chia-Hui Liu",Action,DVD,tt0266697,
